Image,True Class,Ensemble Prob,Prediction,Status
./dataset_new\normal\normal_0001.png,normal,0.06690794625497593,normal,Correct
./dataset_new\normal\normal_0002.png,normal,0.037609316608996315,normal,Correct
./dataset_new\normal\normal_0003.jpg,normal,0.0003349258193577921,normal,Correct
./dataset_new\normal\normal_0004.jpg,normal,0.0031628086325448503,normal,Correct
./dataset_new\normal\normal_0005.jpg,normal,0.19693606063947638,normal,Correct
./dataset_new\normal\normal_0006.jpeg,normal,0.1845192323383103,normal,Correct
./dataset_new\normal\normal_0007.jpeg,normal,0.6465586511039569,osteoporosis,Wrong
./dataset_new\normal\normal_0008.jpg,normal,0.21476711786267888,normal,Correct
./dataset_new\normal\normal_0009.jpg,normal,0.0508141100723282,normal,Correct
./dataset_new\normal\normal_0010.jpg,normal,0.16696620587469965,normal,Correct
./dataset_new\normal\normal_0011.jpg,normal,0.027555168454894734,normal,Correct
./dataset_new\normal\normal_0012.jpg,normal,0.6285245882770538,osteoporosis,Wrong
./dataset_new\normal\normal_0013.png,normal,0.212458450267944,normal,Correct
./dataset_new\normal\normal_0014.jpg,normal,0.0009583621982203395,normal,Correct
./dataset_new\normal\normal_0015.png,normal,0.2739182322076415,normal,Correct
./dataset_new\normal\normal_0016.png,normal,0.3340485488798285,normal,Correct
./dataset_new\normal\normal_0017.jpg,normal,0.3950979885143131,normal,Correct
./dataset_new\normal\normal_0018.jpg,normal,0.35878441669465827,normal,Correct
./dataset_new\normal\normal_0019.jpeg,normal,0.20167419070580359,normal,Correct
./dataset_new\normal\normal_0020.jpeg,normal,0.16396172073684753,normal,Correct
./dataset_new\normal\normal_0021.jpg,normal,0.76453745654337,osteoporosis,Wrong
./dataset_new\normal\normal_0022.jpg,normal,0.23676888007797758,normal,Correct
./dataset_new\normal\normal_0023.jpg,normal,0.7086781434465252,osteoporosis,Wrong
./dataset_new\normal\normal_0024.jpg,normal,0.6163582496690256,osteoporosis,Wrong
./dataset_new\normal\normal_0025.jpg,normal,0.032143260402258164,normal,Correct
./dataset_new\normal\normal_0026.jpeg,normal,0.36771642502755675,normal,Correct
./dataset_new\normal\normal_0027.png,normal,0.39122324549899407,normal,Correct
./dataset_new\normal\normal_0028.jpeg,normal,0.26582691060681635,normal,Correct
./dataset_new\normal\normal_0029.jpg,normal,0.00017739547544500176,normal,Correct
./dataset_new\normal\normal_0030.jpg,normal,0.017277110756977167,normal,Correct
./dataset_new\normal\normal_0031.jpg,normal,0.008803864876520271,normal,Correct
./dataset_new\normal\normal_0032.jpg,normal,0.023994695871680457,normal,Correct
./dataset_new\normal\normal_0033.jpg,normal,0.023994695871680457,normal,Correct
./dataset_new\normal\normal_0034.jpg,normal,0.014408310891171748,normal,Correct
./dataset_new\normal\normal_0035.jpg,normal,0.007279845900749944,normal,Correct
./dataset_new\normal\normal_0036.jpg,normal,0.5281063040629739,osteoporosis,Wrong
./dataset_new\normal\normal_0037.jpg,normal,0.022774301697952214,normal,Correct
./dataset_new\normal\normal_0038.jpg,normal,0.5757001052588371,osteoporosis,Wrong
./dataset_new\normal\normal_0039.png,normal,0.3778202048718382,normal,Correct
./dataset_new\normal\normal_0040.png,normal,0.32733039583031537,normal,Correct
./dataset_new\normal\normal_0041.jpg,normal,0.24398222740316564,normal,Correct
./dataset_new\normal\normal_0042.jpg,normal,0.032912233815327416,normal,Correct
./dataset_new\normal\normal_0043.jpg,normal,0.26067199876755676,normal,Correct
./dataset_new\normal\normal_0044.jpg,normal,0.014407583525532772,normal,Correct
./dataset_new\normal\normal_0045.jpg,normal,0.07796197189653137,normal,Correct
./dataset_new\normal\normal_0046.png,normal,0.0761550684224986,normal,Correct
./dataset_new\normal\normal_0047.jpg,normal,0.2908062365189282,normal,Correct
./dataset_new\normal\normal_0048.jpg,normal,0.000999379916468067,normal,Correct
./dataset_new\normal\normal_0049.jpg,normal,0.5632464764803777,osteoporosis,Wrong
./dataset_new\normal\normal_0050.jpg,normal,0.5668327167382352,osteoporosis,Wrong
./dataset_new\normal\normal_0051.jpg,normal,0.5203354303118561,osteoporosis,Wrong
./dataset_new\normal\normal_0052.jpg,normal,0.013056617171482987,normal,Correct
./dataset_new\normal\normal_0053.jpg,normal,0.07796197189653137,normal,Correct
./dataset_new\normal\normal_0054.jpg,normal,0.11193550562828512,normal,Correct
./dataset_new\normal\normal_0055.png,normal,0.44816026151952093,normal,Correct
./dataset_new\normal\normal_0056.jpg,normal,0.06125215754182489,normal,Correct
./dataset_new\normal\normal_0057.jpg,normal,0.011675140338839388,normal,Correct
./dataset_new\normal\normal_0058.jpg,normal,0.20632926756605274,normal,Correct
./dataset_new\normal\normal_0059.jpg,normal,0.2612546956572167,normal,Correct
./dataset_new\normal\normal_0060.jpg,normal,0.4626180941014497,osteoporosis,Wrong
./dataset_new\normal\normal_0061.jpg,normal,0.11193550562828512,normal,Correct
./dataset_new\normal\normal_0062.jpg,normal,0.014809904623739628,normal,Correct
./dataset_new\normal\normal_0063.jpg,normal,0.6314618693693104,osteoporosis,Wrong
./dataset_new\normal\normal_0064.jpg,normal,0.394198565866104,normal,Correct
./dataset_new\normal\normal_0065.jpg,normal,0.5914855070444411,osteoporosis,Wrong
./dataset_new\normal\normal_0066.jpg,normal,0.03489328494550244,normal,Correct
./dataset_new\normal\normal_0067.jpg,normal,0.504153552892354,osteoporosis,Wrong
./dataset_new\normal\normal_0068.png,normal,0.14329299302701662,normal,Correct
./dataset_new\normal\normal_0069.png,normal,0.42106059133234675,normal,Correct
./dataset_new\normal\normal_0070.jpg,normal,0.02990684483018099,normal,Correct
./dataset_new\normal\normal_0071.png,normal,0.051874467873766636,normal,Correct
./dataset_new\normal\normal_0072.jpg,normal,0.0003520870259577581,normal,Correct
./dataset_new\normal\normal_0073.jpeg,normal,0.4341562265150422,normal,Correct
./dataset_new\normal\normal_0074.jpg,normal,0.20888769720366143,normal,Correct
./dataset_new\normal\normal_0075.jpg,normal,0.04145489895009963,normal,Correct
./dataset_new\normal\normal_0076.png,normal,0.139375632743351,normal,Correct
./dataset_new\normal\normal_0077.jpg,normal,0.004913037413105959,normal,Correct
./dataset_new\normal\normal_0078.jpeg,normal,0.3685911728912948,normal,Correct
./dataset_new\normal\normal_0079.jpg,normal,0.016613723847801114,normal,Correct
./dataset_new\normal\normal_0080.jpg,normal,0.009845584215174735,normal,Correct
./dataset_new\normal\normal_0081.jpg,normal,0.060612372041518744,normal,Correct
./dataset_new\normal\normal_0082.jpg,normal,0.001183645044718225,normal,Correct
./dataset_new\normal\normal_0083.png,normal,0.3639553686033949,normal,Correct
./dataset_new\normal\normal_0084.jpg,normal,0.0003083350399419832,normal,Correct
./dataset_new\normal\normal_0085.jpg,normal,0.0018203001522540889,normal,Correct
./dataset_new\normal\normal_0086.jpg,normal,0.10583814417579591,normal,Correct
./dataset_new\normal\normal_0087.png,normal,0.26077203416089634,normal,Correct
./dataset_new\normal\normal_0088.jpg,normal,0.15657182489863844,normal,Correct
./dataset_new\normal\normal_0089.png,normal,0.13800458775985386,normal,Correct
./dataset_new\normal\normal_0090.jpg,normal,0.016739977416912476,normal,Correct
./dataset_new\normal\normal_0091.jpeg,normal,0.27388082101842237,normal,Correct
./dataset_new\normal\normal_0092.jpg,normal,0.0009443085861510852,normal,Correct
./dataset_new\normal\normal_0093.jpg,normal,0.04716537623133429,normal,Correct
./dataset_new\normal\normal_0094.png,normal,0.17981427687888019,normal,Correct
./dataset_new\normal\normal_0095.jpg,normal,0.015099664116582628,normal,Correct
./dataset_new\normal\normal_0096.jpeg,normal,0.4130790243676401,normal,Correct
./dataset_new\normal\normal_0097.jpeg,normal,0.39573439884657696,normal,Correct
./dataset_new\normal\normal_0098.jpeg,normal,0.5921741613545934,osteoporosis,Wrong
./dataset_new\normal\normal_0099.jpeg,normal,0.5980499557459862,osteoporosis,Wrong
./dataset_new\normal\normal_0100.jpg,normal,0.7510176703370678,osteoporosis,Wrong
./dataset_new\normal\normal_0101.jpg,normal,0.09181735532601398,normal,Correct
./dataset_new\normal\normal_0102.jpg,normal,0.49649388698577407,osteoporosis,Wrong
./dataset_new\normal\normal_0103.jpg,normal,0.5097074828936056,osteoporosis,Wrong
./dataset_new\normal\normal_0104.jpg,normal,0.40693735791165286,normal,Correct
./dataset_new\normal\normal_0105.jpg,normal,0.34355972779274135,normal,Correct
./dataset_new\normal\normal_0106.jpg,normal,0.5201542806321999,osteoporosis,Wrong
./dataset_new\normal\normal_0107.jpg,normal,0.5757001052588371,osteoporosis,Wrong
./dataset_new\normal\normal_0108.jpg,normal,0.6700730458467894,osteoporosis,Wrong
./dataset_new\normal\normal_0109.jpeg,normal,0.2503748538317184,normal,Correct
./dataset_new\normal\normal_0110.jpg,normal,0.3126304676899543,normal,Correct
./dataset_new\normal\normal_0111.jpg,normal,0.34355972779274135,normal,Correct
./dataset_new\normal\normal_0112.jpg,normal,0.031834538433673634,normal,Correct
./dataset_new\normal\normal_0113.png,normal,0.0038165114614718736,normal,Correct
./dataset_new\normal\normal_0114.jpg,normal,0.07796197189653137,normal,Correct
./dataset_new\normal\normal_0115.jpg,normal,0.5137958186828185,osteoporosis,Wrong
./dataset_new\normal\normal_0116.jpg,normal,0.5632464764803777,osteoporosis,Wrong
./dataset_new\normal\normal_0117.jpg,normal,0.5668327167382352,osteoporosis,Wrong
./dataset_new\normal\normal_0118.jpg,normal,0.5203354303118561,osteoporosis,Wrong
./dataset_new\normal\normal_0119.jpg,normal,0.07796197189653137,normal,Correct
./dataset_new\normal\normal_0120.jpg,normal,0.11193550562828512,normal,Correct
./dataset_new\normal\normal_0121.jpg,normal,0.06125215754182489,normal,Correct
./dataset_new\normal\normal_0122.jpeg,normal,0.402402883241891,normal,Correct
./dataset_new\normal\normal_0123.jpg,normal,0.5389104113542944,osteoporosis,Wrong
./dataset_new\normal\normal_0124.jpg,normal,0.0020147384477093443,normal,Correct
./dataset_new\normal\normal_0125.jpg,normal,0.4626180941014497,osteoporosis,Wrong
./dataset_new\normal\normal_0126.jpg,normal,0.11193550562828512,normal,Correct
./dataset_new\normal\normal_0127.jpg,normal,0.6314618693693104,osteoporosis,Wrong
./dataset_new\normal\normal_0128.jpg,normal,0.394198565866104,normal,Correct
./dataset_new\normal\normal_0129.jpg,normal,0.5914855070444411,osteoporosis,Wrong
./dataset_new\normal\normal_0130.jpg,normal,0.504153552892354,osteoporosis,Wrong
./dataset_new\normal\normal_0131.jpeg,normal,0.28931847580065434,normal,Correct
./dataset_new\normal\normal_0132.jpeg,normal,0.23479489962593172,normal,Correct
./dataset_new\normal\normal_0133.jpg,normal,0.0019047525142550804,normal,Correct
./dataset_new\normal\normal_0134.jpeg,normal,0.32286293581525527,normal,Correct
./dataset_new\normal\normal_0135.png,normal,0.2645704571281314,normal,Correct
./dataset_new\normal\normal_0136.jpeg,normal,0.24884791808495768,normal,Correct
./dataset_new\normal\normal_0137.jpeg,normal,0.640844871764218,osteoporosis,Wrong
./dataset_new\normal\normal_0138.jpeg,normal,0.2885049160903389,normal,Correct
./dataset_new\normal\normal_0139.png,normal,0.06690794625497593,normal,Correct
./dataset_new\normal\normal_0140.png,normal,0.037609316608996315,normal,Correct
./dataset_new\normal\normal_0141.jpg,normal,0.0003349258193577921,normal,Correct
./dataset_new\normal\normal_0142.jpg,normal,0.0031628086325448503,normal,Correct
./dataset_new\normal\normal_0143.jpg,normal,0.19693606063947638,normal,Correct
./dataset_new\normal\normal_0144.jpeg,normal,0.1845192323383103,normal,Correct
./dataset_new\normal\normal_0145.jpeg,normal,0.6465586511039569,osteoporosis,Wrong
./dataset_new\normal\normal_0146.png,normal,0.06741829001469887,normal,Correct
./dataset_new\normal\normal_0147.jpg,normal,0.21476711786267888,normal,Correct
./dataset_new\normal\normal_0148.jpg,normal,0.0508141100723282,normal,Correct
./dataset_new\normal\normal_0149.jpg,normal,0.16696620587469965,normal,Correct
./dataset_new\normal\normal_0150.jpg,normal,0.027555168454894734,normal,Correct
./dataset_new\normal\normal_0151.jpg,normal,0.6285245882770538,osteoporosis,Wrong
./dataset_new\normal\normal_0152.png,normal,0.212458450267944,normal,Correct
./dataset_new\normal\normal_0153.jpg,normal,0.0009583621982203395,normal,Correct
./dataset_new\normal\normal_0154.png,normal,0.2739182322076415,normal,Correct
./dataset_new\normal\normal_0155.png,normal,0.3340485488798285,normal,Correct
./dataset_new\normal\normal_0156.jpg,normal,0.3950979885143131,normal,Correct
./dataset_new\normal\normal_0157.jpg,normal,0.010375543678193058,normal,Correct
./dataset_new\normal\normal_0158.jpg,normal,0.35878441669465827,normal,Correct
./dataset_new\normal\normal_0159.jpeg,normal,0.20167419070580359,normal,Correct
./dataset_new\normal\normal_0160.jpeg,normal,0.16396172073684753,normal,Correct
./dataset_new\normal\normal_0161.jpg,normal,0.76453745654337,osteoporosis,Wrong
./dataset_new\normal\normal_0162.jpg,normal,0.23676888007797758,normal,Correct
./dataset_new\normal\normal_0163.jpg,normal,0.7086781434465252,osteoporosis,Wrong
./dataset_new\normal\normal_0164.jpg,normal,0.6163582496690256,osteoporosis,Wrong
./dataset_new\normal\normal_0165.jpg,normal,0.032143260402258164,normal,Correct
./dataset_new\normal\normal_0166.jpeg,normal,0.36771642502755675,normal,Correct
./dataset_new\normal\normal_0167.png,normal,0.39122324549899407,normal,Correct
./dataset_new\normal\normal_0168.png,normal,0.017587920815909267,normal,Correct
./dataset_new\normal\normal_0169.jpeg,normal,0.26582691060681635,normal,Correct
./dataset_new\normal\normal_0170.jpg,normal,0.00017739547544500176,normal,Correct
./dataset_new\normal\normal_0171.jpg,normal,0.017277110756977167,normal,Correct
./dataset_new\normal\normal_0172.jpg,normal,0.008803864876520271,normal,Correct
./dataset_new\normal\normal_0173.jpg,normal,0.023994695871680457,normal,Correct
./dataset_new\normal\normal_0174.jpg,normal,0.023994695871680457,normal,Correct
./dataset_new\normal\normal_0175.jpg,normal,0.014408310891171748,normal,Correct
./dataset_new\normal\normal_0176.jpg,normal,0.007279845900749944,normal,Correct
./dataset_new\normal\normal_0177.jpg,normal,0.5281063040629739,osteoporosis,Wrong
./dataset_new\normal\normal_0178.jpg,normal,0.022774301697952214,normal,Correct
./dataset_new\normal\normal_0179.png,normal,0.11403107227823765,normal,Correct
./dataset_new\normal\normal_0180.jpg,normal,0.5757001052588371,osteoporosis,Wrong
./dataset_new\normal\normal_0181.png,normal,0.3778202048718382,normal,Correct
./dataset_new\normal\normal_0182.png,normal,0.32733039583031537,normal,Correct
./dataset_new\normal\normal_0183.jpg,normal,0.24398222740316564,normal,Correct
./dataset_new\normal\normal_0184.jpg,normal,0.032912233815327416,normal,Correct
./dataset_new\normal\normal_0185.jpg,normal,0.26067199876755676,normal,Correct
./dataset_new\normal\normal_0186.jpg,normal,0.014407583525532772,normal,Correct
./dataset_new\normal\normal_0187.jpg,normal,0.07796197189653137,normal,Correct
./dataset_new\normal\normal_0188.png,normal,0.0761550684224986,normal,Correct
./dataset_new\normal\normal_0189.jpg,normal,0.2908062365189282,normal,Correct
./dataset_new\normal\normal_0190.png,normal,0.05112532034334272,normal,Correct
./dataset_new\normal\normal_0191.jpg,normal,0.000999379916468067,normal,Correct
./dataset_new\normal\normal_0192.jpg,normal,0.5632464764803777,osteoporosis,Wrong
./dataset_new\normal\normal_0193.jpg,normal,0.5668327167382352,osteoporosis,Wrong
./dataset_new\normal\normal_0194.jpg,normal,0.5203354303118561,osteoporosis,Wrong
./dataset_new\normal\normal_0195.jpg,normal,0.013056617171482987,normal,Correct
./dataset_new\normal\normal_0196.jpg,normal,0.07796197189653137,normal,Correct
./dataset_new\normal\normal_0197.jpg,normal,0.11193550562828512,normal,Correct
./dataset_new\normal\normal_0198.png,normal,0.44816026151952093,normal,Correct
./dataset_new\normal\normal_0199.jpg,normal,0.06125215754182489,normal,Correct
./dataset_new\normal\normal_0200.jpg,normal,0.011675140338839388,normal,Correct
./dataset_new\normal\normal_0201.jpg,normal,0.001912239554085995,normal,Correct
./dataset_new\normal\normal_0202.jpg,normal,0.20632926756605274,normal,Correct
./dataset_new\normal\normal_0203.jpg,normal,0.2612546956572167,normal,Correct
./dataset_new\normal\normal_0204.jpg,normal,0.4626180941014497,osteoporosis,Wrong
./dataset_new\normal\normal_0205.jpg,normal,0.11193550562828512,normal,Correct
./dataset_new\normal\normal_0206.jpg,normal,0.014809904623739628,normal,Correct
./dataset_new\normal\normal_0207.jpg,normal,0.6314618693693104,osteoporosis,Wrong
./dataset_new\normal\normal_0208.jpg,normal,0.394198565866104,normal,Correct
./dataset_new\normal\normal_0209.jpg,normal,0.5914855070444411,osteoporosis,Wrong
./dataset_new\normal\normal_0210.jpg,normal,0.03489328494550244,normal,Correct
./dataset_new\normal\normal_0211.jpg,normal,0.504153552892354,osteoporosis,Wrong
./dataset_new\normal\normal_0212.png,normal,0.030061392701126746,normal,Correct
./dataset_new\normal\normal_0213.png,normal,0.14329299302701662,normal,Correct
./dataset_new\normal\normal_0214.png,normal,0.42106059133234675,normal,Correct
./dataset_new\normal\normal_0215.jpg,normal,0.02990684483018099,normal,Correct
./dataset_new\normal\normal_0216.png,normal,0.051874467873766636,normal,Correct
./dataset_new\normal\normal_0217.jpg,normal,0.0003520870259577581,normal,Correct
./dataset_new\normal\normal_0218.jpeg,normal,0.4341562265150422,normal,Correct
./dataset_new\normal\normal_0219.jpg,normal,0.20888769720366143,normal,Correct
./dataset_new\normal\normal_0220.jpg,normal,0.04145489895009963,normal,Correct
./dataset_new\normal\normal_0221.png,normal,0.139375632743351,normal,Correct
./dataset_new\normal\normal_0222.jpg,normal,0.004913037413105959,normal,Correct
./dataset_new\normal\normal_0223.jpg,normal,0.001877608362785932,normal,Correct
./dataset_new\normal\normal_0224.png,normal,0.007424897218259117,normal,Correct
./dataset_new\normal\normal_0225.jpeg,normal,0.3685911728912948,normal,Correct
./dataset_new\normal\normal_0226.jpg,normal,0.016613723847801114,normal,Correct
./dataset_new\normal\normal_0227.jpg,normal,0.009845584215174735,normal,Correct
./dataset_new\normal\normal_0228.jpg,normal,0.060612372041518744,normal,Correct
./dataset_new\normal\normal_0229.jpg,normal,0.001183645044718225,normal,Correct
./dataset_new\normal\normal_0230.png,normal,0.3639553686033949,normal,Correct
./dataset_new\normal\normal_0231.jpg,normal,0.0003083350399419832,normal,Correct
./dataset_new\normal\normal_0232.jpg,normal,0.0018203001522540889,normal,Correct
./dataset_new\normal\normal_0233.jpg,normal,0.10583814417579591,normal,Correct
./dataset_new\normal\normal_0234.png,normal,0.26077203416089634,normal,Correct
./dataset_new\normal\normal_0235.jpg,normal,0.594061103734103,osteoporosis,Wrong
./dataset_new\normal\normal_0236.jpg,normal,0.15657182489863844,normal,Correct
./dataset_new\normal\normal_0237.png,normal,0.13800458775985386,normal,Correct
./dataset_new\normal\normal_0238.jpg,normal,0.016739977416912476,normal,Correct
./dataset_new\normal\normal_0239.jpeg,normal,0.27388082101842237,normal,Correct
./dataset_new\normal\normal_0240.jpg,normal,0.0009443085861510852,normal,Correct
./dataset_new\normal\normal_0241.jpg,normal,0.04716537623133429,normal,Correct
./dataset_new\normal\normal_0242.png,normal,0.17981427687888019,normal,Correct
./dataset_new\normal\normal_0243.jpg,normal,0.015099664116582628,normal,Correct
./dataset_new\normal\normal_0244.jpg,normal,0.7510176703370678,osteoporosis,Wrong
./dataset_new\normal\normal_0245.jpg,normal,0.0019047525142550804,normal,Correct
./dataset_new\normal\normal_0246.png,normal,0.07623431526642657,normal,Correct
./dataset_new\normal\normal_0247.jpg,normal,0.09181735532601398,normal,Correct
./dataset_new\normal\normal_0248.jpg,normal,0.031834538433673634,normal,Correct
./dataset_new\normal\normal_0249.png,normal,0.0038165114614718736,normal,Correct
./dataset_new\normal\normal_0250.jpg,normal,0.0020147384477093443,normal,Correct
./dataset_new\normal\normal_0251.png,normal,0.2645704571281314,normal,Correct
./dataset_new\normal\normal_0252.png,normal,0.06741829001469887,normal,Correct
./dataset_new\normal\normal_0253.jpg,normal,0.010375543678193058,normal,Correct
./dataset_new\normal\normal_0254.png,normal,0.017587920815909267,normal,Correct
./dataset_new\normal\normal_0255.png,normal,0.11403107227823765,normal,Correct
./dataset_new\normal\normal_0256.png,normal,0.05112532034334272,normal,Correct
./dataset_new\normal\normal_0257.jpg,normal,0.18299813448461572,normal,Correct
./dataset_new\normal\normal_0258.jpg,normal,0.001912239554085995,normal,Correct
./dataset_new\normal\normal_0259.png,normal,0.030061392701126746,normal,Correct
./dataset_new\normal\normal_0260.jpg,normal,0.001877608362785932,normal,Correct
./dataset_new\normal\normal_0261.png,normal,0.007424897218259117,normal,Correct
./dataset_new\normal\normal_0262.jpg,normal,0.594061103734103,osteoporosis,Wrong
./dataset_new\normal\normal_0263.png,normal,0.07623431526642657,normal,Correct
./dataset_new\normal\normal_0264.jpg,normal,0.18299813448461572,normal,Correct
./dataset_new\normal\normal_0265.png,normal,0.018904844155648456,normal,Correct
./dataset_new\normal\normal_0266.png,normal,0.33578980240401557,normal,Correct
./dataset_new\normal\normal_0267.png,normal,0.0008443386835887074,normal,Correct
./dataset_new\normal\normal_0268.png,normal,0.018904844155648456,normal,Correct
./dataset_new\normal\normal_0269.png,normal,0.0023239904654570316,normal,Correct
./dataset_new\normal\normal_0270.png,normal,0.11071942137880858,normal,Correct
./dataset_new\normal\normal_0271.png,normal,0.0016421927006170238,normal,Correct
./dataset_new\normal\normal_0272.jpg,normal,0.004807011618088718,normal,Correct
./dataset_new\normal\normal_0273.png,normal,0.008069144820782016,normal,Correct
./dataset_new\normal\normal_0274.png,normal,0.09325362802066288,normal,Correct
./dataset_new\normal\normal_0275.png,normal,0.142069631931568,normal,Correct
./dataset_new\normal\normal_0276.png,normal,0.006633723334518268,normal,Correct
./dataset_new\normal\normal_0277.png,normal,0.040076311710604225,normal,Correct
./dataset_new\normal\normal_0278.png,normal,0.24586294124011962,normal,Correct
./dataset_new\normal\normal_0279.png,normal,0.33578980240401557,normal,Correct
./dataset_new\normal\normal_0280.png,normal,0.12971552177011697,normal,Correct
./dataset_new\normal\normal_0281.jpg,normal,0.020898020495595068,normal,Correct
./dataset_new\normal\normal_0282.png,normal,0.0037321811077882685,normal,Correct
./dataset_new\normal\normal_0283.png,normal,0.004525975759381325,normal,Correct
./dataset_new\normal\normal_0284.jpg,normal,0.006380218236329378,normal,Correct
./dataset_new\normal\normal_0285.png,normal,0.0004147890688708906,normal,Correct
./dataset_new\normal\normal_0286.png,normal,0.03330932162822621,normal,Correct
./dataset_new\normal\normal_0287.jpg,normal,0.46461581375626326,osteoporosis,Wrong
./dataset_new\normal\normal_0288.png,normal,0.010746563686259753,normal,Correct
./dataset_new\normal\normal_0289.png,normal,0.005941287386736556,normal,Correct
./dataset_new\normal\normal_0290.png,normal,0.0008443386835887074,normal,Correct
./dataset_new\normal\normal_0291.png,normal,0.006773586951063746,normal,Correct
./dataset_new\normal\normal_0292.png,normal,0.20077907225286998,normal,Correct
./dataset_new\normal\normal_0293.png,normal,0.17914313221557898,normal,Correct
./dataset_new\normal\normal_0294.png,normal,0.006416030556535634,normal,Correct
./dataset_new\normal\normal_0295.jpg,normal,0.0004775377516191724,normal,Correct
./dataset_new\normal\normal_0296.jpg,normal,0.016105521898413848,normal,Correct
./dataset_new\normal\normal_0297.png,normal,0.5942368631946813,osteoporosis,Wrong
./dataset_new\normal\normal_0298.png,normal,0.03046442039932128,normal,Correct
./dataset_new\normal\normal_0299.png,normal,0.0010233721699464077,normal,Correct
./dataset_new\normal\normal_0300.png,normal,0.3288611475727775,normal,Correct
./dataset_new\normal\normal_0301.png,normal,0.0023239904654570316,normal,Correct
./dataset_new\normal\normal_0302.jpg,normal,0.6030265580806153,osteoporosis,Wrong
./dataset_new\normal\normal_0303.jpg,normal,0.061775301903878095,normal,Correct
./dataset_new\normal\normal_0304.png,normal,0.3239410966758042,normal,Correct
./dataset_new\normal\normal_0305.png,normal,0.006790442981153833,normal,Correct
./dataset_new\normal\normal_0306.png,normal,0.047624137421465304,normal,Correct
./dataset_new\normal\normal_0307.png,normal,0.14928262307455906,normal,Correct
./dataset_new\normal\normal_0308.jpeg,normal,0.04736888710770656,normal,Correct
./dataset_new\normal\normal_0309.png,normal,0.0007097220058393529,normal,Correct
./dataset_new\normal\normal_0310.png,normal,0.002284268014794582,normal,Correct
./dataset_new\normal\normal_0311.jpeg,normal,0.6933619323958699,osteoporosis,Wrong
./dataset_new\normal\normal_0312.png,normal,0.11071942137880858,normal,Correct
./dataset_new\normal\normal_0313.png,normal,0.0004858983303866894,normal,Correct
./dataset_new\normal\normal_0314.png,normal,0.04593568372458227,normal,Correct
./dataset_new\normal\normal_0315.jpg,normal,0.18299813448461572,normal,Correct
./dataset_new\normal\normal_0316.jpg,normal,0.3159657302523822,normal,Correct
./dataset_new\normal\normal_0317.png,normal,0.13188485136354988,normal,Correct
./dataset_new\normal\normal_0318.jpg,normal,0.5971928207435169,osteoporosis,Wrong
./dataset_new\normal\normal_0319.jpg,normal,0.8031036089878887,osteoporosis,Wrong
./dataset_new\normal\normal_0320.jpeg,normal,0.14712806647906426,normal,Correct
./dataset_new\normal\normal_0321.jpg,normal,0.46460468461904336,osteoporosis,Wrong
./dataset_new\normal\normal_0322.jpeg,normal,0.2503748538317184,normal,Correct
./dataset_new\normal\normal_0323.png,normal,0.0016421927006170238,normal,Correct
./dataset_new\normal\normal_0324.jpeg,normal,0.06959796812722634,normal,Correct
./dataset_new\normal\normal_0325.jpeg,normal,0.41607085970664853,normal,Correct
./dataset_new\normal\normal_0326.png,normal,0.23047850706603962,normal,Correct
./dataset_new\normal\normal_0327.png,normal,0.0014093209887646716,normal,Correct
./dataset_new\normal\normal_0328.png,normal,0.010541810786828145,normal,Correct
./dataset_new\normal\normal_0329.jpeg,normal,0.3439498534891126,normal,Correct
./dataset_new\normal\normal_0330.jpg,normal,0.007951954938278301,normal,Correct
./dataset_new\normal\normal_0331.png,normal,0.008011165015498449,normal,Correct
./dataset_new\normal\normal_0332.png,normal,0.29507167358867104,normal,Correct
./dataset_new\normal\normal_0333.png,normal,0.12204277063473645,normal,Correct
./dataset_new\normal\normal_0334.jpg,normal,0.004807011618088718,normal,Correct
./dataset_new\normal\normal_0335.png,normal,0.008069144820782016,normal,Correct
./dataset_new\normal\normal_0336.png,normal,0.17888128556082264,normal,Correct
./dataset_new\normal\normal_0337.png,normal,0.06537168655265858,normal,Correct
./dataset_new\normal\normal_0338.jpeg,normal,0.6236914225172198,osteoporosis,Wrong
./dataset_new\normal\normal_0339.jpeg,normal,0.2695677925137534,normal,Correct
./dataset_new\normal\normal_0340.png,normal,0.4231019748208318,normal,Correct
./dataset_new\normal\normal_0341.jpeg,normal,0.4756689663679815,osteoporosis,Wrong
./dataset_new\normal\normal_0342.jpeg,normal,0.2023225146950337,normal,Correct
./dataset_new\normal\normal_0343.jpeg,normal,0.06654574697261838,normal,Correct
./dataset_new\normal\normal_0344.jpg,normal,0.03310592595549807,normal,Correct
./dataset_new\normal\normal_0345.jpg,normal,0.00047281072406651464,normal,Correct
./dataset_new\normal\normal_0346.png,normal,0.09325362802066288,normal,Correct
./dataset_new\normal\normal_0347.jpg,normal,0.17423389661580993,normal,Correct
./dataset_new\normal\normal_0348.jpg,normal,0.06026698504038305,normal,Correct
./dataset_new\normal\normal_0349.jpg,normal,0.3125420007155655,normal,Correct
./dataset_new\normal\normal_0350.jpg,normal,0.7241133039082378,osteoporosis,Wrong
./dataset_new\normal\normal_0351.jpg,normal,0.3449215297106922,normal,Correct
./dataset_new\normal\normal_0352.jpg,normal,0.23180164974672415,normal,Correct
./dataset_new\normal\normal_0353.jpg,normal,0.06787894978527026,normal,Correct
./dataset_new\normal\normal_0354.jpg,normal,0.39337394401516307,normal,Correct
./dataset_new\normal\normal_0355.jpg,normal,0.33477503546604526,normal,Correct
./dataset_new\normal\normal_0356.jpg,normal,0.0047000884486744846,normal,Correct
./dataset_new\normal\normal_0357.png,normal,0.142069631931568,normal,Correct
./dataset_new\normal\normal_0358.jpg,normal,0.5659468841491726,osteoporosis,Wrong
./dataset_new\normal\normal_0359.jpg,normal,0.018306962814475514,normal,Correct
./dataset_new\normal\normal_0360.jpg,normal,0.45434844269057095,osteoporosis,Wrong
./dataset_new\normal\normal_0361.jpg,normal,0.27148002851628744,normal,Correct
./dataset_new\normal\normal_0362.jpg,normal,0.08243473098774856,normal,Correct
./dataset_new\normal\normal_0363.jpg,normal,0.18050629385837927,normal,Correct
./dataset_new\normal\normal_0364.jpg,normal,0.6217198694224679,osteoporosis,Wrong
./dataset_new\normal\normal_0365.jpg,normal,0.0008490803176899099,normal,Correct
./dataset_new\normal\normal_0366.jpg,normal,0.4262137395596643,normal,Correct
./dataset_new\normal\normal_0367.jpg,normal,0.2094588009882966,normal,Correct
./dataset_new\normal\normal_0368.png,normal,0.006633723334518268,normal,Correct
./dataset_new\normal\normal_0369.jpg,normal,0.19523747664656693,normal,Correct
./dataset_new\normal\normal_0370.jpg,normal,0.03574107143271507,normal,Correct
./dataset_new\normal\normal_0371.jpg,normal,0.014784643957872724,normal,Correct
./dataset_new\normal\normal_0372.jpg,normal,0.6447736741675102,osteoporosis,Wrong
./dataset_new\normal\normal_0373.jpg,normal,0.5057121115056111,osteoporosis,Wrong
./dataset_new\normal\normal_0374.jpg,normal,0.44420616489496756,normal,Correct
./dataset_new\normal\normal_0375.jpg,normal,0.26351024165541753,normal,Correct
./dataset_new\normal\normal_0376.jpg,normal,0.0002083870593544064,normal,Correct
./dataset_new\normal\normal_0377.jpg,normal,0.015605501510858405,normal,Correct
./dataset_new\normal\normal_0378.jpg,normal,0.008866961720716104,normal,Correct
./dataset_new\normal\normal_0379.png,normal,0.040076311710604225,normal,Correct
./dataset_new\normal\normal_0380.jpg,normal,0.029012263929241555,normal,Correct
./dataset_new\normal\normal_0381.jpg,normal,0.029012263929241555,normal,Correct
./dataset_new\normal\normal_0382.jpg,normal,0.01252556512085664,normal,Correct
./dataset_new\normal\normal_0383.jpg,normal,0.31776191929223474,normal,Correct
./dataset_new\normal\normal_0384.jpg,normal,0.48107659932287944,osteoporosis,Wrong
./dataset_new\normal\normal_0385.jpg,normal,0.0220355311851288,normal,Correct
./dataset_new\normal\normal_0386.jpg,normal,0.0759310902691657,normal,Correct
./dataset_new\normal\normal_0387.jpg,normal,0.632842012811719,osteoporosis,Wrong
./dataset_new\normal\normal_0388.jpg,normal,0.3989975181164697,normal,Correct
./dataset_new\normal\normal_0389.jpg,normal,0.22072013315196654,normal,Correct
./dataset_new\normal\normal_0390.png,normal,0.24586294124011962,normal,Correct
./dataset_new\normal\normal_0391.jpg,normal,0.028304484069244316,normal,Correct
./dataset_new\normal\normal_0392.jpg,normal,0.24964590171187684,normal,Correct
./dataset_new\normal\normal_0393.jpg,normal,0.011756716449785997,normal,Correct
./dataset_new\normal\normal_0394.jpg,normal,0.08669298991343562,normal,Correct
./dataset_new\normal\normal_0395.jpg,normal,0.10191709644964168,normal,Correct
./dataset_new\normal\normal_0396.jpg,normal,0.28489408029215696,normal,Correct
./dataset_new\normal\normal_0397.jpg,normal,0.0009145348950610554,normal,Correct
./dataset_new\normal\normal_0398.jpg,normal,0.5669578107341823,osteoporosis,Wrong
./dataset_new\normal\normal_0399.jpg,normal,0.00483900636947292,normal,Correct
./dataset_new\normal\normal_0400.jpg,normal,0.6111674453001354,osteoporosis,Wrong
./dataset_new\normal\normal_0401.png,normal,0.12971552177011697,normal,Correct
./dataset_new\normal\normal_0402.jpg,normal,0.5417388128027115,osteoporosis,Wrong
./dataset_new\normal\normal_0403.jpg,normal,0.014780495287741198,normal,Correct
./dataset_new\normal\normal_0404.jpg,normal,0.08669298991343562,normal,Correct
./dataset_new\normal\normal_0405.jpg,normal,0.13031167518504308,normal,Correct
./dataset_new\normal\normal_0406.jpg,normal,0.0743791867251277,normal,Correct
./dataset_new\normal\normal_0407.jpg,normal,0.0023051720088917774,normal,Correct
./dataset_new\normal\normal_0408.jpg,normal,0.155437656734189,normal,Correct
./dataset_new\normal\normal_0409.jpg,normal,0.25507843385404877,normal,Correct
./dataset_new\normal\normal_0410.jpg,normal,0.5176232309060795,osteoporosis,Wrong
./dataset_new\normal\normal_0411.jpg,normal,0.13031167518504308,normal,Correct
./dataset_new\normal\normal_0412.jpg,normal,0.020898020495595068,normal,Correct
./dataset_new\normal\normal_0413.jpg,normal,0.3920395802897455,normal,Correct
./dataset_new\normal\normal_0414.jpg,normal,0.011148070535851403,normal,Correct
./dataset_new\normal\normal_0415.jpg,normal,0.6061909924772448,osteoporosis,Wrong
./dataset_new\normal\normal_0416.jpg,normal,0.41123569898805745,normal,Correct
./dataset_new\normal\normal_0417.jpg,normal,0.5776971490868241,osteoporosis,Wrong
./dataset_new\normal\normal_0418.jpg,normal,0.03466376363715727,normal,Correct
./dataset_new\normal\normal_0419.jpg,normal,0.0019818459048750636,normal,Correct
./dataset_new\normal\normal_0420.jpg,normal,0.5700586606686424,osteoporosis,Wrong
./dataset_new\normal\normal_0421.jpg,normal,0.4636046314672718,osteoporosis,Wrong
./dataset_new\normal\normal_0422.jpg,normal,0.029000018975115806,normal,Correct
./dataset_new\normal\normal_0423.png,normal,0.0037321811077882685,normal,Correct
./dataset_new\normal\normal_0424.jpg,normal,0.0004335398041906257,normal,Correct
./dataset_new\normal\normal_0425.jpg,normal,0.4756918800044937,osteoporosis,Wrong
./dataset_new\normal\normal_0426.jpg,normal,0.15480188370890752,normal,Correct
./dataset_new\normal\normal_0427.jpg,normal,0.19827321915334345,normal,Correct
./dataset_new\normal\normal_0428.jpg,normal,0.047594650248618,normal,Correct
./dataset_new\normal\normal_0429.jpg,normal,0.15629403999360297,normal,Correct
./dataset_new\normal\normal_0430.jpg,normal,0.36798740509770833,normal,Correct
./dataset_new\normal\normal_0431.jpg,normal,0.06415517974649866,normal,Correct
./dataset_new\normal\normal_0432.jpg,normal,0.010403952205646536,normal,Correct
./dataset_new\normal\normal_0433.jpg,normal,0.05926080602308272,normal,Correct
./dataset_new\normal\normal_0434.png,normal,0.004525975759381325,normal,Correct
./dataset_new\normal\normal_0435.jpg,normal,0.0010572514264494699,normal,Correct
./dataset_new\normal\normal_0436.jpg,normal,0.00027513904332725697,normal,Correct
./dataset_new\normal\normal_0437.jpg,normal,0.001885971059789462,normal,Correct
./dataset_new\normal\normal_0438.jpg,normal,0.09584940804160084,normal,Correct
./dataset_new\normal\normal_0439.jpg,normal,0.049258288539848885,normal,Correct
./dataset_new\normal\normal_0440.jpg,normal,0.43589997544897124,normal,Correct
./dataset_new\normal\normal_0441.jpg,normal,0.15457053337408733,normal,Correct
./dataset_new\normal\normal_0442.jpg,normal,0.29435439681734016,normal,Correct
./dataset_new\normal\normal_0443.jpg,normal,0.007433895687119825,normal,Correct
./dataset_new\normal\normal_0444.jpg,normal,0.000892403712191526,normal,Correct
./dataset_new\normal\normal_0445.jpg,normal,0.006380218236329378,normal,Correct
./dataset_new\normal\normal_0446.png,normal,0.0004147890688708906,normal,Correct
./dataset_new\normal\normal_0447.jpg,normal,0.04277652578789611,normal,Correct
./dataset_new\normal\normal_0448.jpg,normal,0.5278775137164172,osteoporosis,Wrong
./dataset_new\normal\normal_0449.jpg,normal,0.014700468843307253,normal,Correct
./dataset_new\normal\normal_0450.jpg,normal,0.03358626809194945,normal,Correct
./dataset_new\normal\normal_0451.jpg,normal,0.001272932881553271,normal,Correct
./dataset_new\normal\normal_0452.jpg,normal,0.004840696255955677,normal,Correct
./dataset_new\normal\normal_0453.jpg,normal,0.01916810802070884,normal,Correct
./dataset_new\normal\normal_0454.jpg,normal,0.005660998022792404,normal,Correct
./dataset_new\normal\normal_0455.jpg,normal,0.1125376373663797,normal,Correct
./dataset_new\normal\normal_0456.jpg,normal,0.04171057925108014,normal,Correct
./dataset_new\normal\normal_0457.png,normal,0.03330932162822621,normal,Correct
./dataset_new\normal\normal_0458.jpg,normal,0.02712341604772763,normal,Correct
./dataset_new\normal\normal_0459.jpg,normal,0.006034041349407862,normal,Correct
./dataset_new\normal\normal_0460.jpg,normal,0.04567527221150092,normal,Correct
./dataset_new\normal\normal_0461.jpg,normal,0.6439180396689073,osteoporosis,Wrong
./dataset_new\normal\normal_0462.jpg,normal,0.09901744852156254,normal,Correct
./dataset_new\normal\normal_0463.jpg,normal,0.18221650410501716,normal,Correct
./dataset_new\normal\normal_0464.jpg,normal,0.02040932216149416,normal,Correct
./dataset_new\normal\normal_0465.jpg,normal,0.000840995732848493,normal,Correct
./dataset_new\normal\normal_0466.jpg,normal,0.015317175332092942,normal,Correct
./dataset_new\normal\normal_0467.jpg,normal,0.002410157894526358,normal,Correct
./dataset_new\normal\normal_0468.jpg,normal,0.46461581375626326,osteoporosis,Wrong
./dataset_new\normal\normal_0469.jpg,normal,0.11198629925980327,normal,Correct
./dataset_new\normal\normal_0470.jpg,normal,0.001793158289986787,normal,Correct
./dataset_new\normal\normal_0471.jpg,normal,0.008696349413242425,normal,Correct
./dataset_new\normal\normal_0472.jpg,normal,0.13180116020515537,normal,Correct
./dataset_new\normal\normal_0473.jpg,normal,0.07919453097998634,normal,Correct
./dataset_new\normal\normal_0474.jpg,normal,0.006829781850204236,normal,Correct
./dataset_new\normal\normal_0475.jpg,normal,0.04342183451981807,normal,Correct
./dataset_new\normal\normal_0476.jpg,normal,0.2503713072169816,normal,Correct
./dataset_new\normal\normal_0477.jpg,normal,0.12579696116985806,normal,Correct
./dataset_new\normal\normal_0478.jpg,normal,0.03986214680253528,normal,Correct
./dataset_new\normal\normal_0479.png,normal,0.010746563686259753,normal,Correct
./dataset_new\normal\normal_0480.jpg,normal,0.003682286458678989,normal,Correct
./dataset_new\normal\normal_0481.jpg,normal,0.004245805103015288,normal,Correct
./dataset_new\normal\normal_0482.jpg,normal,0.0003196832257223284,normal,Correct
./dataset_new\normal\normal_0483.jpg,normal,0.03935406586968893,normal,Correct
./dataset_new\normal\normal_0484.jpg,normal,0.47968951796713144,osteoporosis,Wrong
./dataset_new\normal\normal_0485.jpg,normal,0.010999704417985583,normal,Correct
./dataset_new\normal\normal_0486.jpg,normal,0.15267131475547513,normal,Correct
./dataset_new\normal\normal_0487.jpg,normal,0.005877186881115283,normal,Correct
./dataset_new\normal\normal_0488.jpg,normal,0.006818570474475608,normal,Correct
./dataset_new\normal\normal_0489.jpg,normal,0.1494815423836511,normal,Correct
./dataset_new\normal\normal_0490.png,normal,0.005941287386736556,normal,Correct
./dataset_new\normal\normal_0491.jpg,normal,0.16086179525594724,normal,Correct
./dataset_new\normal\normal_0492.jpg,normal,0.18727631358894734,normal,Correct
./dataset_new\normal\normal_0493.jpg,normal,0.0070563389313109395,normal,Correct
./dataset_new\normal\normal_0494.jpg,normal,0.025477966754468638,normal,Correct
./dataset_new\normal\normal_0495.jpg,normal,0.0011374915137722216,normal,Correct
./dataset_new\normal\normal_0496.jpg,normal,0.3514948997228122,normal,Correct
./dataset_new\normal\normal_0497.jpg,normal,0.6122478655502515,osteoporosis,Wrong
./dataset_new\normal\normal_0498.jpg,normal,0.007843593590291496,normal,Correct
./dataset_new\normal\normal_0499.jpg,normal,0.002197990127496119,normal,Correct
./dataset_new\normal\normal_0500.jpg,normal,0.04521135499471499,normal,Correct
./dataset_new\normal\normal_0501.png,normal,0.006773586951063746,normal,Correct
./dataset_new\normal\normal_0502.jpg,normal,0.14494182973797634,normal,Correct
./dataset_new\normal\normal_0503.jpg,normal,0.22952052384578311,normal,Correct
./dataset_new\normal\normal_0504.jpg,normal,0.0006487620676431194,normal,Correct
./dataset_new\normal\normal_0505.jpg,normal,0.002270479935706608,normal,Correct
./dataset_new\normal\normal_0506.jpg,normal,0.0004973369610064641,normal,Correct
./dataset_new\normal\normal_0507.jpg,normal,0.046789460218708334,normal,Correct
./dataset_new\normal\normal_0508.jpg,normal,0.18221650410501716,normal,Correct
./dataset_new\normal\normal_0509.jpg,normal,0.13767024982531278,normal,Correct
./dataset_new\normal\normal_0510.jpg,normal,0.5887327356552612,osteoporosis,Wrong
./dataset_new\normal\normal_0511.jpg,normal,0.8066594488607345,osteoporosis,Wrong
./dataset_new\normal\normal_0512.png,normal,0.20077907225286998,normal,Correct
./dataset_new\normal\normal_0513.jpg,normal,0.3468554154780327,normal,Correct
./dataset_new\normal\normal_0514.jpg,normal,0.4865314878934289,osteoporosis,Wrong
./dataset_new\normal\normal_0515.jpg,normal,0.6037545500442996,osteoporosis,Wrong
./dataset_new\normal\normal_0516.jpg,normal,0.20214806365445434,normal,Correct
./dataset_new\normal\normal_0517.jpg,normal,0.0011445114562072707,normal,Correct
./dataset_new\normal\normal_0518.jpg,normal,0.008939576571444785,normal,Correct
./dataset_new\normal\normal_0519.jpg,normal,0.007403236496564553,normal,Correct
./dataset_new\normal\normal_0520.jpg,normal,0.14808339016649333,normal,Correct
./dataset_new\normal\normal_0521.jpg,normal,0.16675085413763638,normal,Correct
./dataset_new\normal\normal_0522.jpg,normal,0.053670463548674795,normal,Correct
./dataset_new\normal\normal_0523.png,normal,0.17914313221557898,normal,Correct
./dataset_new\normal\normal_0524.jpg,normal,0.4361128214507075,normal,Correct
./dataset_new\normal\normal_0525.jpg,normal,0.4675619250688797,osteoporosis,Wrong
./dataset_new\normal\normal_0526.jpg,normal,0.11086334582623128,normal,Correct
./dataset_new\normal\normal_0527.jpg,normal,0.006914695467879393,normal,Correct
./dataset_new\normal\normal_0528.jpg,normal,0.2072157951434668,normal,Correct
./dataset_new\normal\normal_0529.jpg,normal,0.023258551300279352,normal,Correct
./dataset_new\normal\normal_0530.jpg,normal,0.0003592517600574565,normal,Correct
./dataset_new\normal\normal_0531.jpg,normal,0.0027031911906646097,normal,Correct
./dataset_new\normal\normal_0532.jpg,normal,0.19808864039272867,normal,Correct
./dataset_new\normal\normal_0533.jpg,normal,0.21075764411160117,normal,Correct
./dataset_new\normal\normal_0534.png,normal,0.006416030556535634,normal,Correct
./dataset_new\normal\normal_0535.jpg,normal,0.04945590489441003,normal,Correct
./dataset_new\normal\normal_0536.jpg,normal,0.1337519297561211,normal,Correct
./dataset_new\normal\normal_0537.jpg,normal,0.030187422453753606,normal,Correct
./dataset_new\normal\normal_0538.jpg,normal,0.635072602137516,osteoporosis,Wrong
./dataset_new\normal\normal_0539.jpg,normal,0.008086615168936322,normal,Correct
./dataset_new\normal\normal_0540.jpg,normal,0.022895781286677224,normal,Correct
./dataset_new\normal\normal_0541.jpg,normal,0.38348424119421054,normal,Correct
./dataset_new\normal\normal_0542.jpg,normal,0.3528198466556221,normal,Correct
./dataset_new\normal\normal_0543.jpg,normal,0.7444483227345533,osteoporosis,Wrong
./dataset_new\normal\normal_0544.jpg,normal,0.27473815263800017,normal,Correct
./dataset_new\normal\normal_0545.jpg,normal,0.0004775377516191724,normal,Correct
./dataset_new\normal\normal_0546.jpg,normal,0.7570720799122999,osteoporosis,Wrong
./dataset_new\normal\normal_0547.jpg,normal,0.0018594619212885892,normal,Correct
./dataset_new\normal\normal_0548.jpg,normal,0.7346429897996448,osteoporosis,Wrong
./dataset_new\normal\normal_0549.jpg,normal,0.5994973833422589,osteoporosis,Wrong
./dataset_new\normal\normal_0550.jpg,normal,0.2682709220089878,normal,Correct
./dataset_new\normal\normal_0551.jpg,normal,0.00047281072406651464,normal,Correct
./dataset_new\normal\normal_0552.jpg,normal,0.005660998022792404,normal,Correct
./dataset_new\normal\normal_0553.jpg,normal,0.015317175332092942,normal,Correct
./dataset_new\normal\normal_0554.jpg,normal,0.03986214680253528,normal,Correct
./dataset_new\normal\normal_0555.jpg,normal,0.16086179525594724,normal,Correct
./dataset_new\normal\normal_0556.jpg,normal,0.016105521898413848,normal,Correct
./dataset_new\normal\normal_0557.png,normal,0.5942368631946813,osteoporosis,Wrong
./dataset_new\normal\normal_0558.jpg,normal,0.22952052384578311,normal,Correct
./dataset_new\normal\normal_0559.jpg,normal,0.6037545500442996,osteoporosis,Wrong
./dataset_new\normal\normal_0560.jpg,normal,0.006914695467879393,normal,Correct
./dataset_new\normal\normal_0561.jpg,normal,0.008086615168936322,normal,Correct
./dataset_new\normal\normal_0562.jpg,normal,0.17423389661580993,normal,Correct
./dataset_new\normal\normal_0563.jpg,normal,0.018306962814475514,normal,Correct
./dataset_new\normal\normal_0564.jpg,normal,0.014784643957872724,normal,Correct
./dataset_new\normal\normal_0565.jpg,normal,0.31776191929223474,normal,Correct
./dataset_new\normal\normal_0566.jpg,normal,0.10191709644964168,normal,Correct
./dataset_new\normal\normal_0567.jpg,normal,0.0023051720088917774,normal,Correct
./dataset_new\normal\normal_0568.png,normal,0.03046442039932128,normal,Correct
./dataset_new\normal\normal_0569.jpg,normal,0.0019818459048750636,normal,Correct
./dataset_new\normal\normal_0570.jpg,normal,0.06415517974649866,normal,Correct
./dataset_new\normal\normal_0571.jpg,normal,0.007433895687119825,normal,Correct
./dataset_new\normal\normal_0572.jpg,normal,0.01916810802070884,normal,Correct
./dataset_new\normal\normal_0573.jpg,normal,0.1125376373663797,normal,Correct
./dataset_new\normal\normal_0574.jpg,normal,0.04171057925108014,normal,Correct
./dataset_new\normal\normal_0575.jpg,normal,0.02712341604772763,normal,Correct
./dataset_new\normal\normal_0576.jpg,normal,0.006034041349407862,normal,Correct
./dataset_new\normal\normal_0577.jpg,normal,0.04567527221150092,normal,Correct
./dataset_new\normal\normal_0578.jpg,normal,0.6439180396689073,osteoporosis,Wrong
./dataset_new\normal\normal_0579.png,normal,0.0010233721699464077,normal,Correct
./dataset_new\normal\normal_0580.jpg,normal,0.09901744852156254,normal,Correct
./dataset_new\normal\normal_0581.jpg,normal,0.18221650410501716,normal,Correct
./dataset_new\normal\normal_0582.jpg,normal,0.02040932216149416,normal,Correct
./dataset_new\normal\normal_0583.jpg,normal,0.000840995732848493,normal,Correct
./dataset_new\normal\normal_0584.jpg,normal,0.002410157894526358,normal,Correct
./dataset_new\normal\normal_0585.jpg,normal,0.11198629925980327,normal,Correct
./dataset_new\normal\normal_0586.jpg,normal,0.001793158289986787,normal,Correct
./dataset_new\normal\normal_0587.jpg,normal,0.008696349413242425,normal,Correct
./dataset_new\normal\normal_0588.jpg,normal,0.13180116020515537,normal,Correct
./dataset_new\normal\normal_0589.jpg,normal,0.07919453097998634,normal,Correct
./dataset_new\normal\normal_0590.png,normal,0.3288611475727775,normal,Correct
./dataset_new\normal\normal_0591.jpg,normal,0.006829781850204236,normal,Correct
./dataset_new\normal\normal_0592.jpg,normal,0.04342183451981807,normal,Correct
./dataset_new\normal\normal_0593.jpg,normal,0.2503713072169816,normal,Correct
./dataset_new\normal\normal_0594.jpg,normal,0.12579696116985806,normal,Correct
./dataset_new\normal\normal_0595.jpg,normal,0.003682286458678989,normal,Correct
./dataset_new\normal\normal_0596.jpg,normal,0.004245805103015288,normal,Correct
./dataset_new\normal\normal_0597.jpg,normal,0.0003196832257223284,normal,Correct
./dataset_new\normal\normal_0598.jpg,normal,0.03935406586968893,normal,Correct
./dataset_new\normal\normal_0599.jpg,normal,0.47968951796713144,osteoporosis,Wrong
./dataset_new\normal\normal_0600.jpg,normal,0.010999704417985583,normal,Correct
./dataset_new\normal\normal_0601.jpg,normal,0.6030265580806153,osteoporosis,Wrong
./dataset_new\normal\normal_0602.jpg,normal,0.15267131475547513,normal,Correct
./dataset_new\normal\normal_0603.jpg,normal,0.005877186881115283,normal,Correct
./dataset_new\normal\normal_0604.jpg,normal,0.006818570474475608,normal,Correct
./dataset_new\normal\normal_0605.jpg,normal,0.1494815423836511,normal,Correct
./dataset_new\normal\normal_0606.jpg,normal,0.18727631358894734,normal,Correct
./dataset_new\normal\normal_0607.jpg,normal,0.0070563389313109395,normal,Correct
./dataset_new\normal\normal_0608.jpg,normal,0.025477966754468638,normal,Correct
./dataset_new\normal\normal_0609.jpg,normal,0.0011374915137722216,normal,Correct
./dataset_new\normal\normal_0610.jpg,normal,0.3514948997228122,normal,Correct
./dataset_new\normal\normal_0611.jpg,normal,0.6122478655502515,osteoporosis,Wrong
./dataset_new\normal\normal_0612.jpg,normal,0.061775301903878095,normal,Correct
./dataset_new\normal\normal_0613.jpg,normal,0.007843593590291496,normal,Correct
./dataset_new\normal\normal_0614.jpg,normal,0.002197990127496119,normal,Correct
./dataset_new\normal\normal_0615.jpg,normal,0.04521135499471499,normal,Correct
./dataset_new\normal\normal_0616.jpg,normal,0.14494182973797634,normal,Correct
./dataset_new\normal\normal_0617.jpg,normal,0.0006487620676431194,normal,Correct
./dataset_new\normal\normal_0618.jpg,normal,0.002270479935706608,normal,Correct
./dataset_new\normal\normal_0619.jpg,normal,0.0004973369610064641,normal,Correct
./dataset_new\normal\normal_0620.jpg,normal,0.046789460218708334,normal,Correct
./dataset_new\normal\normal_0621.jpg,normal,0.18221650410501716,normal,Correct
./dataset_new\normal\normal_0622.jpg,normal,0.13767024982531278,normal,Correct
./dataset_new\normal\normal_0623.png,normal,0.3239410966758042,normal,Correct
./dataset_new\normal\normal_0624.jpg,normal,0.5887327356552612,osteoporosis,Wrong
./dataset_new\normal\normal_0625.jpg,normal,0.8066594488607345,osteoporosis,Wrong
./dataset_new\normal\normal_0626.jpg,normal,0.3468554154780327,normal,Correct
./dataset_new\normal\normal_0627.jpg,normal,0.4865314878934289,osteoporosis,Wrong
./dataset_new\normal\normal_0628.jpg,normal,0.20214806365445434,normal,Correct
./dataset_new\normal\normal_0629.jpg,normal,0.0011445114562072707,normal,Correct
./dataset_new\normal\normal_0630.jpg,normal,0.008939576571444785,normal,Correct
./dataset_new\normal\normal_0631.jpg,normal,0.007403236496564553,normal,Correct
./dataset_new\normal\normal_0632.jpg,normal,0.14808339016649333,normal,Correct
./dataset_new\normal\normal_0633.jpg,normal,0.16675085413763638,normal,Correct
./dataset_new\normal\normal_0634.png,normal,0.006790442981153833,normal,Correct
./dataset_new\normal\normal_0635.jpg,normal,0.053670463548674795,normal,Correct
./dataset_new\normal\normal_0636.jpg,normal,0.4361128214507075,normal,Correct
./dataset_new\normal\normal_0637.jpg,normal,0.4675619250688797,osteoporosis,Wrong
./dataset_new\normal\normal_0638.jpg,normal,0.11086334582623128,normal,Correct
./dataset_new\normal\normal_0639.jpg,normal,0.2072157951434668,normal,Correct
./dataset_new\normal\normal_0640.jpg,normal,0.023258551300279352,normal,Correct
./dataset_new\normal\normal_0641.jpg,normal,0.0003592517600574565,normal,Correct
./dataset_new\normal\normal_0642.jpg,normal,0.0027031911906646097,normal,Correct
./dataset_new\normal\normal_0643.jpg,normal,0.19808864039272867,normal,Correct
./dataset_new\normal\normal_0644.jpg,normal,0.21075764411160117,normal,Correct
./dataset_new\normal\normal_0645.png,normal,0.047624137421465304,normal,Correct
./dataset_new\normal\normal_0646.jpg,normal,0.04945590489441003,normal,Correct
./dataset_new\normal\normal_0647.jpg,normal,0.1337519297561211,normal,Correct
./dataset_new\normal\normal_0648.jpg,normal,0.030187422453753606,normal,Correct
./dataset_new\normal\normal_0649.jpg,normal,0.635072602137516,osteoporosis,Wrong
./dataset_new\normal\normal_0650.jpg,normal,0.022895781286677224,normal,Correct
./dataset_new\normal\normal_0651.jpg,normal,0.38348424119421054,normal,Correct
./dataset_new\normal\normal_0652.jpg,normal,0.3528198466556221,normal,Correct
./dataset_new\normal\normal_0653.jpg,normal,0.7444483227345533,osteoporosis,Wrong
./dataset_new\normal\normal_0654.jpg,normal,0.27473815263800017,normal,Correct
./dataset_new\normal\normal_0655.jpg,normal,0.7570720799122999,osteoporosis,Wrong
./dataset_new\normal\normal_0656.png,normal,0.14928262307455906,normal,Correct
./dataset_new\normal\normal_0657.jpg,normal,0.0018594619212885892,normal,Correct
./dataset_new\normal\normal_0658.jpg,normal,0.7346429897996448,osteoporosis,Wrong
./dataset_new\normal\normal_0659.jpg,normal,0.5994973833422589,osteoporosis,Wrong
./dataset_new\normal\normal_0660.jpg,normal,0.2682709220089878,normal,Correct
./dataset_new\normal\normal_0661.jpg,normal,0.06026698504038305,normal,Correct
./dataset_new\normal\normal_0662.jpg,normal,0.3125420007155655,normal,Correct
./dataset_new\normal\normal_0663.jpg,normal,0.7241133039082378,osteoporosis,Wrong
./dataset_new\normal\normal_0664.jpg,normal,0.3449215297106922,normal,Correct
./dataset_new\normal\normal_0665.jpg,normal,0.23180164974672415,normal,Correct
./dataset_new\normal\normal_0666.jpg,normal,0.06787894978527026,normal,Correct
./dataset_new\normal\normal_0667.jpeg,normal,0.04736888710770656,normal,Correct
./dataset_new\normal\normal_0668.png,normal,0.0007097220058393529,normal,Correct
./dataset_new\normal\normal_0669.jpg,normal,0.39337394401516307,normal,Correct
./dataset_new\normal\normal_0670.jpg,normal,0.33477503546604526,normal,Correct
./dataset_new\normal\normal_0671.jpg,normal,0.0047000884486744846,normal,Correct
./dataset_new\normal\normal_0672.jpg,normal,0.5659468841491726,osteoporosis,Wrong
./dataset_new\normal\normal_0673.jpg,normal,0.45434844269057095,osteoporosis,Wrong
./dataset_new\normal\normal_0674.jpg,normal,0.27148002851628744,normal,Correct
./dataset_new\normal\normal_0675.jpg,normal,0.08243473098774856,normal,Correct
./dataset_new\normal\normal_0676.jpg,normal,0.18050629385837927,normal,Correct
./dataset_new\normal\normal_0677.jpg,normal,0.6217198694224679,osteoporosis,Wrong
./dataset_new\normal\normal_0678.jpg,normal,0.0008490803176899099,normal,Correct
./dataset_new\normal\normal_0679.png,normal,0.002284268014794582,normal,Correct
./dataset_new\normal\normal_0680.jpg,normal,0.4262137395596643,normal,Correct
./dataset_new\normal\normal_0681.jpg,normal,0.2094588009882966,normal,Correct
./dataset_new\normal\normal_0682.jpg,normal,0.19523747664656693,normal,Correct
./dataset_new\normal\normal_0683.jpg,normal,0.03574107143271507,normal,Correct
./dataset_new\normal\normal_0684.jpg,normal,0.6447736741675102,osteoporosis,Wrong
./dataset_new\normal\normal_0685.jpg,normal,0.5057121115056111,osteoporosis,Wrong
./dataset_new\normal\normal_0686.jpg,normal,0.44420616489496756,normal,Correct
./dataset_new\normal\normal_0687.jpg,normal,0.26351024165541753,normal,Correct
./dataset_new\normal\normal_0688.jpg,normal,0.0002083870593544064,normal,Correct
./dataset_new\normal\normal_0689.jpg,normal,0.015605501510858405,normal,Correct
./dataset_new\normal\normal_0690.jpeg,normal,0.6933619323958699,osteoporosis,Wrong
./dataset_new\normal\normal_0691.jpg,normal,0.008866961720716104,normal,Correct
./dataset_new\normal\normal_0692.jpg,normal,0.029012263929241555,normal,Correct
./dataset_new\normal\normal_0693.jpg,normal,0.029012263929241555,normal,Correct
./dataset_new\normal\normal_0694.jpg,normal,0.01252556512085664,normal,Correct
./dataset_new\normal\normal_0695.jpg,normal,0.48107659932287944,osteoporosis,Wrong
./dataset_new\normal\normal_0696.jpg,normal,0.0220355311851288,normal,Correct
./dataset_new\normal\normal_0697.jpg,normal,0.0759310902691657,normal,Correct
./dataset_new\normal\normal_0698.jpg,normal,0.632842012811719,osteoporosis,Wrong
./dataset_new\normal\normal_0699.jpg,normal,0.3989975181164697,normal,Correct
./dataset_new\normal\normal_0700.jpg,normal,0.22072013315196654,normal,Correct
./dataset_new\normal\normal_0701.png,normal,0.0004858983303866894,normal,Correct
./dataset_new\normal\normal_0702.jpg,normal,0.028304484069244316,normal,Correct
./dataset_new\normal\normal_0703.jpg,normal,0.24964590171187684,normal,Correct
./dataset_new\normal\normal_0704.jpg,normal,0.011756716449785997,normal,Correct
./dataset_new\normal\normal_0705.jpg,normal,0.08669298991343562,normal,Correct
./dataset_new\normal\normal_0706.jpg,normal,0.28489408029215696,normal,Correct
./dataset_new\normal\normal_0707.jpg,normal,0.0009145348950610554,normal,Correct
./dataset_new\normal\normal_0708.jpg,normal,0.5669578107341823,osteoporosis,Wrong
./dataset_new\normal\normal_0709.jpg,normal,0.00483900636947292,normal,Correct
./dataset_new\normal\normal_0710.jpg,normal,0.6111674453001354,osteoporosis,Wrong
./dataset_new\normal\normal_0711.jpg,normal,0.5417388128027115,osteoporosis,Wrong
./dataset_new\normal\normal_0712.png,normal,0.04593568372458227,normal,Correct
./dataset_new\normal\normal_0713.jpg,normal,0.014780495287741198,normal,Correct
./dataset_new\normal\normal_0714.jpg,normal,0.08669298991343562,normal,Correct
./dataset_new\normal\normal_0715.jpg,normal,0.13031167518504308,normal,Correct
./dataset_new\normal\normal_0716.jpg,normal,0.0743791867251277,normal,Correct
./dataset_new\normal\normal_0717.jpg,normal,0.155437656734189,normal,Correct
./dataset_new\normal\normal_0718.jpg,normal,0.25507843385404877,normal,Correct
./dataset_new\normal\normal_0719.jpg,normal,0.5176232309060795,osteoporosis,Wrong
./dataset_new\normal\normal_0720.jpg,normal,0.13031167518504308,normal,Correct
./dataset_new\normal\normal_0721.jpg,normal,0.3920395802897455,normal,Correct
./dataset_new\normal\normal_0722.jpg,normal,0.011148070535851403,normal,Correct
./dataset_new\normal\normal_0723.jpg,normal,0.18299813448461572,normal,Correct
./dataset_new\normal\normal_0724.jpg,normal,0.6061909924772448,osteoporosis,Wrong
./dataset_new\normal\normal_0725.jpg,normal,0.41123569898805745,normal,Correct
./dataset_new\normal\normal_0726.jpg,normal,0.5776971490868241,osteoporosis,Wrong
./dataset_new\normal\normal_0727.jpg,normal,0.03466376363715727,normal,Correct
./dataset_new\normal\normal_0728.jpg,normal,0.5700586606686424,osteoporosis,Wrong
./dataset_new\normal\normal_0729.jpg,normal,0.4636046314672718,osteoporosis,Wrong
./dataset_new\normal\normal_0730.jpg,normal,0.029000018975115806,normal,Correct
./dataset_new\normal\normal_0731.jpg,normal,0.0004335398041906257,normal,Correct
./dataset_new\normal\normal_0732.jpg,normal,0.4756918800044937,osteoporosis,Wrong
./dataset_new\normal\normal_0733.jpg,normal,0.15480188370890752,normal,Correct
./dataset_new\normal\normal_0734.jpg,normal,0.3159657302523822,normal,Correct
./dataset_new\normal\normal_0735.jpg,normal,0.19827321915334345,normal,Correct
./dataset_new\normal\normal_0736.jpg,normal,0.047594650248618,normal,Correct
./dataset_new\normal\normal_0737.jpg,normal,0.15629403999360297,normal,Correct
./dataset_new\normal\normal_0738.jpg,normal,0.36798740509770833,normal,Correct
./dataset_new\normal\normal_0739.jpg,normal,0.010403952205646536,normal,Correct
./dataset_new\normal\normal_0740.jpg,normal,0.05926080602308272,normal,Correct
./dataset_new\normal\normal_0741.jpg,normal,0.0010572514264494699,normal,Correct
./dataset_new\normal\normal_0742.jpg,normal,0.00027513904332725697,normal,Correct
./dataset_new\normal\normal_0743.jpg,normal,0.001885971059789462,normal,Correct
./dataset_new\normal\normal_0744.jpg,normal,0.09584940804160084,normal,Correct
./dataset_new\normal\normal_0745.png,normal,0.13188485136354988,normal,Correct
./dataset_new\normal\normal_0746.jpg,normal,0.049258288539848885,normal,Correct
./dataset_new\normal\normal_0747.jpg,normal,0.43589997544897124,normal,Correct
./dataset_new\normal\normal_0748.jpg,normal,0.15457053337408733,normal,Correct
./dataset_new\normal\normal_0749.jpg,normal,0.29435439681734016,normal,Correct
./dataset_new\normal\normal_0750.jpg,normal,0.000892403712191526,normal,Correct
./dataset_new\normal\normal_0751.jpg,normal,0.04277652578789611,normal,Correct
./dataset_new\normal\normal_0752.jpg,normal,0.5278775137164172,osteoporosis,Wrong
./dataset_new\normal\normal_0753.jpg,normal,0.014700468843307253,normal,Correct
./dataset_new\normal\normal_0754.jpg,normal,0.03358626809194945,normal,Correct
./dataset_new\normal\normal_0755.jpg,normal,0.001272932881553271,normal,Correct
./dataset_new\normal\normal_0756.jpg,normal,0.5971928207435169,osteoporosis,Wrong
./dataset_new\normal\normal_0757.jpg,normal,0.004840696255955677,normal,Correct
./dataset_new\normal\normal_0758.jpg,normal,0.8031036089878887,osteoporosis,Wrong
./dataset_new\normal\normal_0759.jpeg,normal,0.14712806647906426,normal,Correct
./dataset_new\normal\normal_0760.jpg,normal,0.46460468461904336,osteoporosis,Wrong
./dataset_new\normal\normal_0761.jpeg,normal,0.2503748538317184,normal,Correct
./dataset_new\normal\normal_0762.jpeg,normal,0.06959796812722634,normal,Correct
./dataset_new\normal\normal_0763.jpeg,normal,0.41607085970664853,normal,Correct
./dataset_new\normal\normal_0764.png,normal,0.23047850706603962,normal,Correct
./dataset_new\normal\normal_0765.png,normal,0.0014093209887646716,normal,Correct
./dataset_new\normal\normal_0766.png,normal,0.010541810786828145,normal,Correct
./dataset_new\normal\normal_0767.jpeg,normal,0.3439498534891126,normal,Correct
./dataset_new\normal\normal_0768.jpg,normal,0.007951954938278301,normal,Correct
./dataset_new\normal\normal_0769.png,normal,0.008011165015498449,normal,Correct
./dataset_new\normal\normal_0770.png,normal,0.29507167358867104,normal,Correct
./dataset_new\normal\normal_0771.png,normal,0.12204277063473645,normal,Correct
./dataset_new\normal\normal_0772.png,normal,0.17888128556082264,normal,Correct
./dataset_new\normal\normal_0773.png,normal,0.06537168655265858,normal,Correct
./dataset_new\normal\normal_0774.jpeg,normal,0.6236914225172198,osteoporosis,Wrong
./dataset_new\normal\normal_0775.jpeg,normal,0.2695677925137534,normal,Correct
./dataset_new\normal\normal_0776.png,normal,0.4231019748208318,normal,Correct
./dataset_new\normal\normal_0777.jpeg,normal,0.4756689663679815,osteoporosis,Wrong
./dataset_new\normal\normal_0778.jpeg,normal,0.2023225146950337,normal,Correct
./dataset_new\normal\normal_0779.jpeg,normal,0.06654574697261838,normal,Correct
./dataset_new\normal\normal_0780.jpg,normal,0.03310592595549807,normal,Correct
./dataset_new\normal\normal_0781.png,normal,0.06690794625497593,normal,Correct
./dataset_new\normal\normal_0782.jpg,normal,0.031834538433673634,normal,Correct
./dataset_new\normal\normal_0783.jpg,normal,0.001877608362785932,normal,Correct
./dataset_new\normal\normal_0784.jpg,normal,0.004807011618088718,normal,Correct
./dataset_new\normal\normal_0785.jpg,normal,0.006380218236329378,normal,Correct
./dataset_new\normal\normal_0786.jpg,normal,0.016105521898413848,normal,Correct
./dataset_new\normal\normal_0787.jpeg,normal,0.04736888710770656,normal,Correct
./dataset_new\normal\normal_0788.jpeg,normal,0.14712806647906426,normal,Correct
./dataset_new\normal\normal_0789.png,normal,0.29507167358867104,normal,Correct
./dataset_new\normal\normal_0790.png,normal,0.037609316608996315,normal,Correct
./dataset_new\normal\normal_0791.png,normal,0.212458450267944,normal,Correct
./dataset_new\normal\normal_0792.jpg,normal,0.6163582496690256,osteoporosis,Wrong
./dataset_new\normal\normal_0793.jpg,normal,0.007279845900749944,normal,Correct
./dataset_new\normal\normal_0794.png,normal,0.0761550684224986,normal,Correct
./dataset_new\normal\normal_0795.jpg,normal,0.011675140338839388,normal,Correct
./dataset_new\normal\normal_0796.png,normal,0.14329299302701662,normal,Correct
./dataset_new\normal\normal_0797.jpg,normal,0.016613723847801114,normal,Correct
./dataset_new\normal\normal_0798.jpg,normal,0.016739977416912476,normal,Correct
./dataset_new\normal\normal_0799.jpg,normal,0.09181735532601398,normal,Correct
./dataset_new\normal\normal_0800.png,normal,0.0038165114614718736,normal,Correct
./dataset_new\normal\normal_0801.jpg,normal,0.0020147384477093443,normal,Correct
./dataset_new\normal\normal_0802.png,normal,0.2645704571281314,normal,Correct
./dataset_new\normal\normal_0803.png,normal,0.06741829001469887,normal,Correct
./dataset_new\normal\normal_0804.jpg,normal,0.010375543678193058,normal,Correct
./dataset_new\normal\normal_0805.png,normal,0.017587920815909267,normal,Correct
./dataset_new\normal\normal_0806.png,normal,0.11403107227823765,normal,Correct
./dataset_new\normal\normal_0807.png,normal,0.05112532034334272,normal,Correct
./dataset_new\normal\normal_0808.jpg,normal,0.001912239554085995,normal,Correct
./dataset_new\normal\normal_0809.png,normal,0.030061392701126746,normal,Correct
./dataset_new\normal\normal_0810.png,normal,0.007424897218259117,normal,Correct
./dataset_new\normal\normal_0811.jpg,normal,0.594061103734103,osteoporosis,Wrong
./dataset_new\normal\normal_0812.png,normal,0.07623431526642657,normal,Correct
./dataset_new\normal\normal_0813.jpg,normal,0.18299813448461572,normal,Correct
./dataset_new\normal\normal_0814.png,normal,0.018904844155648456,normal,Correct
./dataset_new\normal\normal_0815.png,normal,0.33578980240401557,normal,Correct
./dataset_new\normal\normal_0816.png,normal,0.0008443386835887074,normal,Correct
./dataset_new\normal\normal_0817.png,normal,0.0023239904654570316,normal,Correct
./dataset_new\normal\normal_0818.png,normal,0.11071942137880858,normal,Correct
./dataset_new\normal\normal_0819.png,normal,0.0016421927006170238,normal,Correct
./dataset_new\normal\normal_0820.png,normal,0.008069144820782016,normal,Correct
./dataset_new\normal\normal_0821.png,normal,0.09325362802066288,normal,Correct
./dataset_new\normal\normal_0822.png,normal,0.142069631931568,normal,Correct
./dataset_new\normal\normal_0823.png,normal,0.006633723334518268,normal,Correct
./dataset_new\normal\normal_0824.png,normal,0.040076311710604225,normal,Correct
./dataset_new\normal\normal_0825.png,normal,0.24586294124011962,normal,Correct
./dataset_new\normal\normal_0826.png,normal,0.12971552177011697,normal,Correct
./dataset_new\normal\normal_0827.jpg,normal,0.020898020495595068,normal,Correct
./dataset_new\normal\normal_0828.png,normal,0.0037321811077882685,normal,Correct
./dataset_new\normal\normal_0829.png,normal,0.004525975759381325,normal,Correct
./dataset_new\normal\normal_0830.png,normal,0.0004147890688708906,normal,Correct
./dataset_new\normal\normal_0831.png,normal,0.03330932162822621,normal,Correct
./dataset_new\normal\normal_0832.jpg,normal,0.46461581375626326,osteoporosis,Wrong
./dataset_new\normal\normal_0833.png,normal,0.010746563686259753,normal,Correct
./dataset_new\normal\normal_0834.png,normal,0.005941287386736556,normal,Correct
./dataset_new\normal\normal_0835.png,normal,0.006773586951063746,normal,Correct
./dataset_new\normal\normal_0836.png,normal,0.20077907225286998,normal,Correct
./dataset_new\normal\normal_0837.png,normal,0.17914313221557898,normal,Correct
./dataset_new\normal\normal_0838.png,normal,0.006416030556535634,normal,Correct
./dataset_new\normal\normal_0839.jpg,normal,0.0004775377516191724,normal,Correct
./dataset_new\normal\normal_0840.png,normal,0.5942368631946813,osteoporosis,Wrong
./dataset_new\normal\normal_0841.png,normal,0.03046442039932128,normal,Correct
./dataset_new\normal\normal_0842.png,normal,0.0010233721699464077,normal,Correct
./dataset_new\normal\normal_0843.png,normal,0.3288611475727775,normal,Correct
./dataset_new\normal\normal_0844.jpg,normal,0.6030265580806153,osteoporosis,Wrong
./dataset_new\normal\normal_0845.jpg,normal,0.061775301903878095,normal,Correct
./dataset_new\normal\normal_0846.png,normal,0.3239410966758042,normal,Correct
./dataset_new\normal\normal_0847.png,normal,0.006790442981153833,normal,Correct
./dataset_new\normal\normal_0848.png,normal,0.047624137421465304,normal,Correct
./dataset_new\normal\normal_0849.png,normal,0.14928262307455906,normal,Correct
./dataset_new\normal\normal_0850.png,normal,0.0007097220058393529,normal,Correct
./dataset_new\normal\normal_0851.png,normal,0.002284268014794582,normal,Correct
./dataset_new\normal\normal_0852.jpeg,normal,0.6933619323958699,osteoporosis,Wrong
./dataset_new\normal\normal_0853.png,normal,0.0004858983303866894,normal,Correct
./dataset_new\normal\normal_0854.png,normal,0.04593568372458227,normal,Correct
./dataset_new\normal\normal_0855.jpg,normal,0.18299813448461572,normal,Correct
./dataset_new\normal\normal_0856.jpg,normal,0.3159657302523822,normal,Correct
./dataset_new\normal\normal_0857.png,normal,0.13188485136354988,normal,Correct
./dataset_new\normal\normal_0858.jpg,normal,0.5971928207435169,osteoporosis,Wrong
./dataset_new\normal\normal_0859.jpg,normal,0.8031036089878887,osteoporosis,Wrong
./dataset_new\normal\normal_0860.jpg,normal,0.46460468461904336,osteoporosis,Wrong
./dataset_new\normal\normal_0861.jpeg,normal,0.2503748538317184,normal,Correct
./dataset_new\normal\normal_0862.jpeg,normal,0.06959796812722634,normal,Correct
./dataset_new\normal\normal_0863.jpeg,normal,0.41607085970664853,normal,Correct
./dataset_new\normal\normal_0864.png,normal,0.23047850706603962,normal,Correct
./dataset_new\normal\normal_0865.png,normal,0.0014093209887646716,normal,Correct
./dataset_new\normal\normal_0866.png,normal,0.010541810786828145,normal,Correct
./dataset_new\normal\normal_0867.jpeg,normal,0.3439498534891126,normal,Correct
./dataset_new\normal\normal_0868.jpg,normal,0.007951954938278301,normal,Correct
./dataset_new\normal\normal_0869.png,normal,0.008011165015498449,normal,Correct
./dataset_new\normal\normal_0870.png,normal,0.12204277063473645,normal,Correct
./dataset_new\normal\normal_0871.png,normal,0.17888128556082264,normal,Correct
./dataset_new\normal\normal_0872.png,normal,0.06537168655265858,normal,Correct
./dataset_new\normal\normal_0873.jpeg,normal,0.6236914225172198,osteoporosis,Wrong
./dataset_new\normal\normal_0874.jpeg,normal,0.2695677925137534,normal,Correct
./dataset_new\normal\normal_0875.png,normal,0.4231019748208318,normal,Correct
./dataset_new\normal\normal_0876.jpeg,normal,0.4756689663679815,osteoporosis,Wrong
./dataset_new\normal\normal_0877.jpeg,normal,0.2023225146950337,normal,Correct
./dataset_new\normal\normal_0878.jpeg,normal,0.06654574697261838,normal,Correct
./dataset_new\normal\normal_0879.jpg,normal,0.03310592595549807,normal,Correct
./dataset_new\normal\normal_0880.jpg,normal,0.0003349258193577921,normal,Correct
./dataset_new\normal\normal_0881.jpg,normal,0.0031628086325448503,normal,Correct
./dataset_new\normal\normal_0882.jpg,normal,0.19693606063947638,normal,Correct
./dataset_new\normal\normal_0883.jpeg,normal,0.1845192323383103,normal,Correct
./dataset_new\normal\normal_0884.jpeg,normal,0.6465586511039569,osteoporosis,Wrong
./dataset_new\normal\normal_0885.jpg,normal,0.21476711786267888,normal,Correct
./dataset_new\normal\normal_0886.jpg,normal,0.0508141100723282,normal,Correct
./dataset_new\normal\normal_0887.jpg,normal,0.16696620587469965,normal,Correct
./dataset_new\normal\normal_0888.jpg,normal,0.027555168454894734,normal,Correct
./dataset_new\normal\normal_0889.jpg,normal,0.6285245882770538,osteoporosis,Wrong
./dataset_new\normal\normal_0890.jpg,normal,0.0009583621982203395,normal,Correct
./dataset_new\normal\normal_0891.png,normal,0.2739182322076415,normal,Correct
./dataset_new\normal\normal_0892.png,normal,0.3340485488798285,normal,Correct
./dataset_new\normal\normal_0893.jpg,normal,0.3950979885143131,normal,Correct
./dataset_new\normal\normal_0894.jpg,normal,0.35878441669465827,normal,Correct
./dataset_new\normal\normal_0895.jpeg,normal,0.20167419070580359,normal,Correct
./dataset_new\normal\normal_0896.jpeg,normal,0.16396172073684753,normal,Correct
./dataset_new\normal\normal_0897.jpg,normal,0.76453745654337,osteoporosis,Wrong
./dataset_new\normal\normal_0898.jpg,normal,0.23676888007797758,normal,Correct
./dataset_new\normal\normal_0899.jpg,normal,0.7086781434465252,osteoporosis,Wrong
./dataset_new\normal\normal_0900.jpg,normal,0.032143260402258164,normal,Correct
./dataset_new\normal\normal_0901.jpeg,normal,0.36771642502755675,normal,Correct
./dataset_new\normal\normal_0902.png,normal,0.39122324549899407,normal,Correct
./dataset_new\normal\normal_0903.jpeg,normal,0.26582691060681635,normal,Correct
./dataset_new\normal\normal_0904.jpg,normal,0.00017739547544500176,normal,Correct
./dataset_new\normal\normal_0905.jpg,normal,0.017277110756977167,normal,Correct
./dataset_new\normal\normal_0906.jpg,normal,0.008803864876520271,normal,Correct
./dataset_new\normal\normal_0907.jpg,normal,0.023994695871680457,normal,Correct
./dataset_new\normal\normal_0908.jpg,normal,0.023994695871680457,normal,Correct
./dataset_new\normal\normal_0909.jpg,normal,0.014408310891171748,normal,Correct
./dataset_new\normal\normal_0910.jpg,normal,0.5281063040629739,osteoporosis,Wrong
./dataset_new\normal\normal_0911.jpg,normal,0.022774301697952214,normal,Correct
./dataset_new\normal\normal_0912.jpg,normal,0.5757001052588371,osteoporosis,Wrong
./dataset_new\normal\normal_0913.png,normal,0.3778202048718382,normal,Correct
./dataset_new\normal\normal_0914.png,normal,0.32733039583031537,normal,Correct
./dataset_new\normal\normal_0915.jpg,normal,0.24398222740316564,normal,Correct
./dataset_new\normal\normal_0916.jpg,normal,0.032912233815327416,normal,Correct
./dataset_new\normal\normal_0917.jpg,normal,0.26067199876755676,normal,Correct
./dataset_new\normal\normal_0918.jpg,normal,0.014407583525532772,normal,Correct
./dataset_new\normal\normal_0919.jpg,normal,0.07796197189653137,normal,Correct
./dataset_new\normal\normal_0920.jpg,normal,0.2908062365189282,normal,Correct
./dataset_new\normal\normal_0921.jpg,normal,0.000999379916468067,normal,Correct
./dataset_new\normal\normal_0922.jpg,normal,0.5632464764803777,osteoporosis,Wrong
./dataset_new\normal\normal_0923.jpg,normal,0.5668327167382352,osteoporosis,Wrong
./dataset_new\normal\normal_0924.jpg,normal,0.5203354303118561,osteoporosis,Wrong
./dataset_new\normal\normal_0925.jpg,normal,0.013056617171482987,normal,Correct
./dataset_new\normal\normal_0926.jpg,normal,0.07796197189653137,normal,Correct
./dataset_new\normal\normal_0927.jpg,normal,0.11193550562828512,normal,Correct
./dataset_new\normal\normal_0928.png,normal,0.44816026151952093,normal,Correct
./dataset_new\normal\normal_0929.jpg,normal,0.06125215754182489,normal,Correct
./dataset_new\normal\normal_0930.jpg,normal,0.20632926756605274,normal,Correct
./dataset_new\normal\normal_0931.jpg,normal,0.2612546956572167,normal,Correct
./dataset_new\normal\normal_0932.jpg,normal,0.4626180941014497,osteoporosis,Wrong
./dataset_new\normal\normal_0933.jpg,normal,0.11193550562828512,normal,Correct
./dataset_new\normal\normal_0934.jpg,normal,0.014809904623739628,normal,Correct
./dataset_new\normal\normal_0935.jpg,normal,0.6314618693693104,osteoporosis,Wrong
./dataset_new\normal\normal_0936.jpg,normal,0.394198565866104,normal,Correct
./dataset_new\normal\normal_0937.jpg,normal,0.5914855070444411,osteoporosis,Wrong
./dataset_new\normal\normal_0938.jpg,normal,0.03489328494550244,normal,Correct
./dataset_new\normal\normal_0939.jpg,normal,0.504153552892354,osteoporosis,Wrong
./dataset_new\normal\normal_0940.png,normal,0.42106059133234675,normal,Correct
./dataset_new\normal\normal_0941.jpg,normal,0.02990684483018099,normal,Correct
./dataset_new\normal\normal_0942.png,normal,0.051874467873766636,normal,Correct
./dataset_new\normal\normal_0943.jpg,normal,0.0003520870259577581,normal,Correct
./dataset_new\normal\normal_0944.jpeg,normal,0.4341562265150422,normal,Correct
./dataset_new\normal\normal_0945.jpg,normal,0.20888769720366143,normal,Correct
./dataset_new\normal\normal_0946.jpg,normal,0.04145489895009963,normal,Correct
./dataset_new\normal\normal_0947.png,normal,0.139375632743351,normal,Correct
./dataset_new\normal\normal_0948.jpg,normal,0.004913037413105959,normal,Correct
./dataset_new\normal\normal_0949.jpeg,normal,0.3685911728912948,normal,Correct
./dataset_new\normal\normal_0950.jpg,normal,0.009845584215174735,normal,Correct
./dataset_new\normal\normal_0951.jpg,normal,0.060612372041518744,normal,Correct
./dataset_new\normal\normal_0952.jpg,normal,0.001183645044718225,normal,Correct
./dataset_new\normal\normal_0953.png,normal,0.3639553686033949,normal,Correct
./dataset_new\normal\normal_0954.jpg,normal,0.0003083350399419832,normal,Correct
./dataset_new\normal\normal_0955.jpg,normal,0.0018203001522540889,normal,Correct
./dataset_new\normal\normal_0956.jpg,normal,0.10583814417579591,normal,Correct
./dataset_new\normal\normal_0957.png,normal,0.26077203416089634,normal,Correct
./dataset_new\normal\normal_0958.jpg,normal,0.15657182489863844,normal,Correct
./dataset_new\normal\normal_0959.png,normal,0.13800458775985386,normal,Correct
./dataset_new\normal\normal_0960.jpeg,normal,0.27388082101842237,normal,Correct
./dataset_new\normal\normal_0961.jpg,normal,0.0009443085861510852,normal,Correct
./dataset_new\normal\normal_0962.jpg,normal,0.04716537623133429,normal,Correct
./dataset_new\normal\normal_0963.png,normal,0.17981427687888019,normal,Correct
./dataset_new\normal\normal_0964.jpg,normal,0.015099664116582628,normal,Correct
./dataset_new\normal\normal_0965.jpg,normal,0.7510176703370678,osteoporosis,Wrong
./dataset_new\normal\normal_0966.jpg,normal,0.0019047525142550804,normal,Correct
./dataset_new\osteoporosis\osteoporosis_0001.jpeg,osteoporosis,0.9939320685683521,osteoporosis,Correct
./dataset_new\osteoporosis\osteoporosis_0002.png,osteoporosis,0.9937491121963532,osteoporosis,Correct
./dataset_new\osteoporosis\osteoporosis_0003.png,osteoporosis,0.9092391307399478,osteoporosis,Correct
./dataset_new\osteoporosis\osteoporosis_0004.png,osteoporosis,0.9686464686489594,osteoporosis,Correct
./dataset_new\osteoporosis\osteoporosis_0005.png,osteoporosis,0.5654124673005774,osteoporosis,Correct
./dataset_new\osteoporosis\osteoporosis_0006.jpeg,osteoporosis,0.6236914225172198,osteoporosis,Correct
./dataset_new\osteoporosis\osteoporosis_0007.png,osteoporosis,0.9877639466146692,osteoporosis,Correct
./dataset_new\osteoporosis\osteoporosis_0008.png,osteoporosis,0.9329077406678538,osteoporosis,Correct
./dataset_new\osteoporosis\osteoporosis_0009.png,osteoporosis,0.607314937816815,osteoporosis,Correct
./dataset_new\osteoporosis\osteoporosis_0010.png,osteoporosis,0.9235333939557371,osteoporosis,Correct
./dataset_new\osteoporosis\osteoporosis_0011.png,osteoporosis,0.6703462139170806,osteoporosis,Correct
./dataset_new\osteoporosis\osteoporosis_0012.png,osteoporosis,0.9793075869290119,osteoporosis,Correct
./dataset_new\osteoporosis\osteoporosis_0013.jpeg,osteoporosis,0.9193918622981478,osteoporosis,Correct
./dataset_new\osteoporosis\osteoporosis_0014.png,osteoporosis,0.871561431018959,osteoporosis,Correct
./dataset_new\osteoporosis\osteoporosis_0015.png,osteoporosis,0.9789016783370128,osteoporosis,Correct
./dataset_new\osteoporosis\osteoporosis_0016.png,osteoporosis,0.7784211857285407,osteoporosis,Correct
./dataset_new\osteoporosis\osteoporosis_0017.png,osteoporosis,0.9930804612698952,osteoporosis,Correct
./dataset_new\osteoporosis\osteoporosis_0018.jpeg,osteoporosis,0.9926176076829001,osteoporosis,Correct
./dataset_new\osteoporosis\osteoporosis_0019.jpeg,osteoporosis,0.9618246937378085,osteoporosis,Correct
./dataset_new\osteoporosis\osteoporosis_0020.jpeg,osteoporosis,0.9948154662851635,osteoporosis,Correct
./dataset_new\osteoporosis\osteoporosis_0021.jpg,osteoporosis,0.85625818896971,osteoporosis,Correct
./dataset_new\osteoporosis\osteoporosis_0022.jpg,osteoporosis,0.9748864675655866,osteoporosis,Correct
./dataset_new\osteoporosis\osteoporosis_0023.jpg,osteoporosis,0.5591058541234697,osteoporosis,Correct
./dataset_new\osteoporosis\osteoporosis_0024.jpg,osteoporosis,0.989741075543894,osteoporosis,Correct
./dataset_new\osteoporosis\osteoporosis_0025.jpeg,osteoporosis,0.6465586511039569,osteoporosis,Correct
./dataset_new\osteoporosis\osteoporosis_0026.jpg,osteoporosis,0.7121493367531038,osteoporosis,Correct
./dataset_new\osteoporosis\osteoporosis_0027.jpg,osteoporosis,0.6844939227748277,osteoporosis,Correct
./dataset_new\osteoporosis\osteoporosis_0028.jpg,osteoporosis,0.9275273367009633,osteoporosis,Correct
./dataset_new\osteoporosis\osteoporosis_0029.jpg,osteoporosis,0.7008380517558114,osteoporosis,Correct
./dataset_new\osteoporosis\osteoporosis_0030.jpg,osteoporosis,0.9051567030677573,osteoporosis,Correct
./dataset_new\osteoporosis\osteoporosis_0031.png,osteoporosis,0.900191708886561,osteoporosis,Correct
./dataset_new\osteoporosis\osteoporosis_0032.jpg,osteoporosis,0.8988521534605524,osteoporosis,Correct
./dataset_new\osteoporosis\osteoporosis_0033.jpg,osteoporosis,0.8816604545269069,osteoporosis,Correct
./dataset_new\osteoporosis\osteoporosis_0034.jpg,osteoporosis,0.720161940427743,osteoporosis,Correct
./dataset_new\osteoporosis\osteoporosis_0035.png,osteoporosis,0.9986853635714152,osteoporosis,Correct
./dataset_new\osteoporosis\osteoporosis_0036.jpg,osteoporosis,0.8864508332151831,osteoporosis,Correct
./dataset_new\osteoporosis\osteoporosis_0037.jpg,osteoporosis,0.9625019103417665,osteoporosis,Correct
./dataset_new\osteoporosis\osteoporosis_0038.jpg,osteoporosis,0.7316587163707649,osteoporosis,Correct
./dataset_new\osteoporosis\osteoporosis_0039.jpg,osteoporosis,0.7521402564362079,osteoporosis,Correct
./dataset_new\osteoporosis\osteoporosis_0040.jpeg,osteoporosis,0.9971678498532699,osteoporosis,Correct
./dataset_new\osteoporosis\osteoporosis_0041.jpg,osteoporosis,0.73437730034838,osteoporosis,Correct
./dataset_new\osteoporosis\osteoporosis_0042.jpg,osteoporosis,0.8552340139134177,osteoporosis,Correct
./dataset_new\osteoporosis\osteoporosis_0043.jpg,osteoporosis,0.7510176703370678,osteoporosis,Correct
./dataset_new\osteoporosis\osteoporosis_0044.jpg,osteoporosis,0.8911235052292756,osteoporosis,Correct
./dataset_new\osteoporosis\osteoporosis_0045.jpg,osteoporosis,0.6587071884028811,osteoporosis,Correct
./dataset_new\osteoporosis\osteoporosis_0046.jpg,osteoporosis,0.8727260461178588,osteoporosis,Correct
./dataset_new\osteoporosis\osteoporosis_0047.jpg,osteoporosis,0.8662402826580947,osteoporosis,Correct
./dataset_new\osteoporosis\osteoporosis_0048.jpg,osteoporosis,0.2960333905640483,normal,Wrong
./dataset_new\osteoporosis\osteoporosis_0049.jpg,osteoporosis,0.8433632791164551,osteoporosis,Correct
./dataset_new\osteoporosis\osteoporosis_0050.jpg,osteoporosis,0.9212682293962223,osteoporosis,Correct
./dataset_new\osteoporosis\osteoporosis_0051.jpg,osteoporosis,0.7296132206413287,osteoporosis,Correct
./dataset_new\osteoporosis\osteoporosis_0052.jpg,osteoporosis,0.8715579910567646,osteoporosis,Correct
./dataset_new\osteoporosis\osteoporosis_0053.jpg,osteoporosis,0.6285245882770538,osteoporosis,Correct
./dataset_new\osteoporosis\osteoporosis_0054.jpeg,osteoporosis,0.35973661967602677,normal,Wrong
./dataset_new\osteoporosis\osteoporosis_0055.png,osteoporosis,0.9951308881066262,osteoporosis,Correct
./dataset_new\osteoporosis\osteoporosis_0056.jpeg,osteoporosis,0.9979385290515763,osteoporosis,Correct
./dataset_new\osteoporosis\osteoporosis_0057.png,osteoporosis,0.9972554199899126,osteoporosis,Correct
./dataset_new\osteoporosis\osteoporosis_0058.png,osteoporosis,0.32733039583031537,normal,Wrong
./dataset_new\osteoporosis\osteoporosis_0059.jpeg,osteoporosis,0.9349542615967623,osteoporosis,Correct
./dataset_new\osteoporosis\osteoporosis_0060.png,osteoporosis,0.9925387100393087,osteoporosis,Correct
./dataset_new\osteoporosis\osteoporosis_0061.png,osteoporosis,0.9838943803260458,osteoporosis,Correct
./dataset_new\osteoporosis\osteoporosis_0062.jpg,osteoporosis,0.5632464764803777,osteoporosis,Correct
./dataset_new\osteoporosis\osteoporosis_0063.jpeg,osteoporosis,0.7833879246542831,osteoporosis,Correct
./dataset_new\osteoporosis\osteoporosis_0064.jpeg,osteoporosis,0.9937608557018043,osteoporosis,Correct
./dataset_new\osteoporosis\osteoporosis_0065.jpeg,osteoporosis,0.8465586863584167,osteoporosis,Correct
./dataset_new\osteoporosis\osteoporosis_0066.png,osteoporosis,0.8027272817537247,osteoporosis,Correct
./dataset_new\osteoporosis\osteoporosis_0067.jpeg,osteoporosis,0.9800777865594428,osteoporosis,Correct
./dataset_new\osteoporosis\osteoporosis_0068.jpg,osteoporosis,0.8217136394564513,osteoporosis,Correct
./dataset_new\osteoporosis\osteoporosis_0069.png,osteoporosis,0.8210404448210278,osteoporosis,Correct
./dataset_new\osteoporosis\osteoporosis_0070.jpeg,osteoporosis,0.9913325173656302,osteoporosis,Correct
./dataset_new\osteoporosis\osteoporosis_0071.jpeg,osteoporosis,0.9854497070001779,osteoporosis,Correct
./dataset_new\osteoporosis\osteoporosis_0072.png,osteoporosis,0.9901752279018599,osteoporosis,Correct
./dataset_new\osteoporosis\osteoporosis_0073.png,osteoporosis,0.9957056336739103,osteoporosis,Correct
./dataset_new\osteoporosis\osteoporosis_0074.jpeg,osteoporosis,0.9608115140706922,osteoporosis,Correct
./dataset_new\osteoporosis\osteoporosis_0075.png,osteoporosis,0.9958024179132954,osteoporosis,Correct
./dataset_new\osteoporosis\osteoporosis_0076.png,osteoporosis,0.9162207688351276,osteoporosis,Correct
./dataset_new\osteoporosis\osteoporosis_0077.jpeg,osteoporosis,0.9693371630459593,osteoporosis,Correct
./dataset_new\osteoporosis\osteoporosis_0078.png,osteoporosis,0.3639553686033949,normal,Wrong
./dataset_new\osteoporosis\osteoporosis_0079.png,osteoporosis,0.99138492816843,osteoporosis,Correct
./dataset_new\osteoporosis\osteoporosis_0080.png,osteoporosis,0.9058601877626139,osteoporosis,Correct
./dataset_new\osteoporosis\osteoporosis_0081.jpeg,osteoporosis,0.8568196710122923,osteoporosis,Correct
./dataset_new\osteoporosis\osteoporosis_0082.jpeg,osteoporosis,0.9539853368336246,osteoporosis,Correct
./dataset_new\osteoporosis\osteoporosis_0083.png,osteoporosis,0.9205666198183405,osteoporosis,Correct
./dataset_new\osteoporosis\osteoporosis_0084.jpeg,osteoporosis,0.9905742567052749,osteoporosis,Correct
./dataset_new\osteoporosis\osteoporosis_0085.jpeg,osteoporosis,0.9843024073864406,osteoporosis,Correct
./dataset_new\osteoporosis\osteoporosis_0086.png,osteoporosis,0.9140095708560627,osteoporosis,Correct
./dataset_new\osteoporosis\osteoporosis_0087.jpeg,osteoporosis,0.8554049793126206,osteoporosis,Correct
./dataset_new\osteoporosis\osteoporosis_0088.png,osteoporosis,0.9784006290966305,osteoporosis,Correct
./dataset_new\osteoporosis\osteoporosis_0089.jpeg,osteoporosis,0.9114460183014796,osteoporosis,Correct
./dataset_new\osteoporosis\osteoporosis_0090.png,osteoporosis,0.9108224630936661,osteoporosis,Correct
./dataset_new\osteoporosis\osteoporosis_0091.jpeg,osteoporosis,0.9553087666840459,osteoporosis,Correct
./dataset_new\osteoporosis\osteoporosis_0092.png,osteoporosis,0.9510584488141016,osteoporosis,Correct
./dataset_new\osteoporosis\osteoporosis_0093.png,osteoporosis,0.704191002189807,osteoporosis,Correct
./dataset_new\osteoporosis\osteoporosis_0094.png,osteoporosis,0.9774957600018808,osteoporosis,Correct
./dataset_new\osteoporosis\osteoporosis_0095.jpeg,osteoporosis,0.9949491268883497,osteoporosis,Correct
./dataset_new\osteoporosis\osteoporosis_0096.jpeg,osteoporosis,0.910243267062953,osteoporosis,Correct
./dataset_new\osteoporosis\osteoporosis_0097.png,osteoporosis,0.9967626843632216,osteoporosis,Correct
./dataset_new\osteoporosis\osteoporosis_0098.jpeg,osteoporosis,0.9939320685683521,osteoporosis,Correct
./dataset_new\osteoporosis\osteoporosis_0099.png,osteoporosis,0.9937491121963532,osteoporosis,Correct
./dataset_new\osteoporosis\osteoporosis_0100.png,osteoporosis,0.9092391307399478,osteoporosis,Correct
./dataset_new\osteoporosis\osteoporosis_0101.jpeg,osteoporosis,0.871065655688055,osteoporosis,Correct
./dataset_new\osteoporosis\osteoporosis_0102.png,osteoporosis,0.9686464686489594,osteoporosis,Correct
./dataset_new\osteoporosis\osteoporosis_0103.png,osteoporosis,0.5654124673005774,osteoporosis,Correct
./dataset_new\osteoporosis\osteoporosis_0104.jpeg,osteoporosis,0.6236914225172198,osteoporosis,Correct
./dataset_new\osteoporosis\osteoporosis_0105.png,osteoporosis,0.9877639466146692,osteoporosis,Correct
./dataset_new\osteoporosis\osteoporosis_0106.png,osteoporosis,0.9329077406678538,osteoporosis,Correct
./dataset_new\osteoporosis\osteoporosis_0107.png,osteoporosis,0.607314937816815,osteoporosis,Correct
./dataset_new\osteoporosis\osteoporosis_0108.png,osteoporosis,0.9235333939557371,osteoporosis,Correct
./dataset_new\osteoporosis\osteoporosis_0109.png,osteoporosis,0.6703462139170806,osteoporosis,Correct
./dataset_new\osteoporosis\osteoporosis_0110.png,osteoporosis,0.9793075869290119,osteoporosis,Correct
./dataset_new\osteoporosis\osteoporosis_0111.jpeg,osteoporosis,0.9193918622981478,osteoporosis,Correct
./dataset_new\osteoporosis\osteoporosis_0112.jpeg,osteoporosis,0.989037254784852,osteoporosis,Correct
./dataset_new\osteoporosis\osteoporosis_0113.jpg,osteoporosis,0.9829964171570449,osteoporosis,Correct
./dataset_new\osteoporosis\osteoporosis_0114.png,osteoporosis,0.871561431018959,osteoporosis,Correct
./dataset_new\osteoporosis\osteoporosis_0115.png,osteoporosis,0.9789016783370128,osteoporosis,Correct
./dataset_new\osteoporosis\osteoporosis_0116.png,osteoporosis,0.7784211857285407,osteoporosis,Correct
./dataset_new\osteoporosis\osteoporosis_0117.png,osteoporosis,0.9930804612698952,osteoporosis,Correct
./dataset_new\osteoporosis\osteoporosis_0118.jpeg,osteoporosis,0.9926176076829001,osteoporosis,Correct
./dataset_new\osteoporosis\osteoporosis_0119.jpeg,osteoporosis,0.9618246937378085,osteoporosis,Correct
./dataset_new\osteoporosis\osteoporosis_0120.jpeg,osteoporosis,0.9948154662851635,osteoporosis,Correct
./dataset_new\osteoporosis\osteoporosis_0121.jpg,osteoporosis,0.85625818896971,osteoporosis,Correct
./dataset_new\osteoporosis\osteoporosis_0122.jpg,osteoporosis,0.9748864675655866,osteoporosis,Correct
./dataset_new\osteoporosis\osteoporosis_0123.jpg,osteoporosis,0.5591058541234697,osteoporosis,Correct
./dataset_new\osteoporosis\osteoporosis_0124.jpeg,osteoporosis,0.9955560572819246,osteoporosis,Correct
./dataset_new\osteoporosis\osteoporosis_0125.jpg,osteoporosis,0.989741075543894,osteoporosis,Correct
./dataset_new\osteoporosis\osteoporosis_0126.jpeg,osteoporosis,0.6465586511039569,osteoporosis,Correct
./dataset_new\osteoporosis\osteoporosis_0127.jpg,osteoporosis,0.7121493367531038,osteoporosis,Correct
./dataset_new\osteoporosis\osteoporosis_0128.jpg,osteoporosis,0.6844939227748277,osteoporosis,Correct
./dataset_new\osteoporosis\osteoporosis_0129.jpg,osteoporosis,0.9275273367009633,osteoporosis,Correct
./dataset_new\osteoporosis\osteoporosis_0130.jpg,osteoporosis,0.7008380517558114,osteoporosis,Correct
./dataset_new\osteoporosis\osteoporosis_0131.jpg,osteoporosis,0.9051567030677573,osteoporosis,Correct
./dataset_new\osteoporosis\osteoporosis_0132.png,osteoporosis,0.900191708886561,osteoporosis,Correct
./dataset_new\osteoporosis\osteoporosis_0133.jpg,osteoporosis,0.8988521534605524,osteoporosis,Correct
./dataset_new\osteoporosis\osteoporosis_0134.jpg,osteoporosis,0.8816604545269069,osteoporosis,Correct
./dataset_new\osteoporosis\osteoporosis_0135.png,osteoporosis,0.926098880441139,osteoporosis,Correct
./dataset_new\osteoporosis\osteoporosis_0136.jpg,osteoporosis,0.720161940427743,osteoporosis,Correct
./dataset_new\osteoporosis\osteoporosis_0137.png,osteoporosis,0.9986853635714152,osteoporosis,Correct
./dataset_new\osteoporosis\osteoporosis_0138.jpg,osteoporosis,0.8864508332151831,osteoporosis,Correct
./dataset_new\osteoporosis\osteoporosis_0139.jpg,osteoporosis,0.9625019103417665,osteoporosis,Correct
./dataset_new\osteoporosis\osteoporosis_0140.jpg,osteoporosis,0.7316587163707649,osteoporosis,Correct
./dataset_new\osteoporosis\osteoporosis_0141.jpg,osteoporosis,0.7521402564362079,osteoporosis,Correct
./dataset_new\osteoporosis\osteoporosis_0142.jpeg,osteoporosis,0.9971678498532699,osteoporosis,Correct
./dataset_new\osteoporosis\osteoporosis_0143.jpg,osteoporosis,0.73437730034838,osteoporosis,Correct
./dataset_new\osteoporosis\osteoporosis_0144.jpg,osteoporosis,0.8552340139134177,osteoporosis,Correct
./dataset_new\osteoporosis\osteoporosis_0145.jpg,osteoporosis,0.7510176703370678,osteoporosis,Correct
./dataset_new\osteoporosis\osteoporosis_0146.jpeg,osteoporosis,0.9859281787235996,osteoporosis,Correct
./dataset_new\osteoporosis\osteoporosis_0147.jpg,osteoporosis,0.8911235052292756,osteoporosis,Correct
./dataset_new\osteoporosis\osteoporosis_0148.jpg,osteoporosis,0.6587071884028811,osteoporosis,Correct
./dataset_new\osteoporosis\osteoporosis_0149.jpg,osteoporosis,0.8727260461178588,osteoporosis,Correct
./dataset_new\osteoporosis\osteoporosis_0150.jpg,osteoporosis,0.8662402826580947,osteoporosis,Correct
./dataset_new\osteoporosis\osteoporosis_0151.jpg,osteoporosis,0.2960333905640483,normal,Wrong
./dataset_new\osteoporosis\osteoporosis_0152.jpg,osteoporosis,0.8433632791164551,osteoporosis,Correct
./dataset_new\osteoporosis\osteoporosis_0153.jpg,osteoporosis,0.9212682293962223,osteoporosis,Correct
./dataset_new\osteoporosis\osteoporosis_0154.jpg,osteoporosis,0.7296132206413287,osteoporosis,Correct
./dataset_new\osteoporosis\osteoporosis_0155.jpg,osteoporosis,0.8715579910567646,osteoporosis,Correct
./dataset_new\osteoporosis\osteoporosis_0156.jpg,osteoporosis,0.6285245882770538,osteoporosis,Correct
./dataset_new\osteoporosis\osteoporosis_0157.png,osteoporosis,0.9970234213440814,osteoporosis,Correct
./dataset_new\osteoporosis\osteoporosis_0158.jpeg,osteoporosis,0.35973661967602677,normal,Wrong
./dataset_new\osteoporosis\osteoporosis_0159.png,osteoporosis,0.9951308881066262,osteoporosis,Correct
./dataset_new\osteoporosis\osteoporosis_0160.jpeg,osteoporosis,0.9979385290515763,osteoporosis,Correct
./dataset_new\osteoporosis\osteoporosis_0161.png,osteoporosis,0.9972554199899126,osteoporosis,Correct
./dataset_new\osteoporosis\osteoporosis_0162.png,osteoporosis,0.32733039583031537,normal,Wrong
./dataset_new\osteoporosis\osteoporosis_0163.jpeg,osteoporosis,0.9349542615967623,osteoporosis,Correct
./dataset_new\osteoporosis\osteoporosis_0164.png,osteoporosis,0.9925387100393087,osteoporosis,Correct
./dataset_new\osteoporosis\osteoporosis_0165.png,osteoporosis,0.9838943803260458,osteoporosis,Correct
./dataset_new\osteoporosis\osteoporosis_0166.jpg,osteoporosis,0.5632464764803777,osteoporosis,Correct
./dataset_new\osteoporosis\osteoporosis_0167.jpeg,osteoporosis,0.7833879246542831,osteoporosis,Correct
./dataset_new\osteoporosis\osteoporosis_0168.jpeg,osteoporosis,0.9728488370021153,osteoporosis,Correct
./dataset_new\osteoporosis\osteoporosis_0169.jpeg,osteoporosis,0.9937608557018043,osteoporosis,Correct
./dataset_new\osteoporosis\osteoporosis_0170.jpeg,osteoporosis,0.8465586863584167,osteoporosis,Correct
./dataset_new\osteoporosis\osteoporosis_0171.png,osteoporosis,0.8027272817537247,osteoporosis,Correct
./dataset_new\osteoporosis\osteoporosis_0172.jpeg,osteoporosis,0.9800777865594428,osteoporosis,Correct
./dataset_new\osteoporosis\osteoporosis_0173.jpg,osteoporosis,0.8217136394564513,osteoporosis,Correct
./dataset_new\osteoporosis\osteoporosis_0174.png,osteoporosis,0.8210404448210278,osteoporosis,Correct
./dataset_new\osteoporosis\osteoporosis_0175.jpeg,osteoporosis,0.9913325173656302,osteoporosis,Correct
./dataset_new\osteoporosis\osteoporosis_0176.jpeg,osteoporosis,0.9854497070001779,osteoporosis,Correct
./dataset_new\osteoporosis\osteoporosis_0177.png,osteoporosis,0.9901752279018599,osteoporosis,Correct
./dataset_new\osteoporosis\osteoporosis_0178.png,osteoporosis,0.9957056336739103,osteoporosis,Correct
./dataset_new\osteoporosis\osteoporosis_0179.jpeg,osteoporosis,0.9720615316942032,osteoporosis,Correct
./dataset_new\osteoporosis\osteoporosis_0180.jpeg,osteoporosis,0.9608115140706922,osteoporosis,Correct
./dataset_new\osteoporosis\osteoporosis_0181.png,osteoporosis,0.9958024179132954,osteoporosis,Correct
./dataset_new\osteoporosis\osteoporosis_0182.png,osteoporosis,0.9162207688351276,osteoporosis,Correct
./dataset_new\osteoporosis\osteoporosis_0183.jpeg,osteoporosis,0.9693371630459593,osteoporosis,Correct
./dataset_new\osteoporosis\osteoporosis_0184.png,osteoporosis,0.3639553686033949,normal,Wrong
./dataset_new\osteoporosis\osteoporosis_0185.png,osteoporosis,0.99138492816843,osteoporosis,Correct
./dataset_new\osteoporosis\osteoporosis_0186.png,osteoporosis,0.9058601877626139,osteoporosis,Correct
./dataset_new\osteoporosis\osteoporosis_0187.jpeg,osteoporosis,0.8568196710122923,osteoporosis,Correct
./dataset_new\osteoporosis\osteoporosis_0188.jpeg,osteoporosis,0.9539853368336246,osteoporosis,Correct
./dataset_new\osteoporosis\osteoporosis_0189.png,osteoporosis,0.9205666198183405,osteoporosis,Correct
./dataset_new\osteoporosis\osteoporosis_0190.jpg,osteoporosis,0.27400863751240734,normal,Wrong
./dataset_new\osteoporosis\osteoporosis_0191.jpeg,osteoporosis,0.9905742567052749,osteoporosis,Correct
./dataset_new\osteoporosis\osteoporosis_0192.jpeg,osteoporosis,0.9843024073864406,osteoporosis,Correct
./dataset_new\osteoporosis\osteoporosis_0193.png,osteoporosis,0.9140095708560627,osteoporosis,Correct
./dataset_new\osteoporosis\osteoporosis_0194.jpeg,osteoporosis,0.8554049793126206,osteoporosis,Correct
./dataset_new\osteoporosis\osteoporosis_0195.png,osteoporosis,0.9784006290966305,osteoporosis,Correct
./dataset_new\osteoporosis\osteoporosis_0196.jpeg,osteoporosis,0.9114460183014796,osteoporosis,Correct
./dataset_new\osteoporosis\osteoporosis_0197.png,osteoporosis,0.9108224630936661,osteoporosis,Correct
./dataset_new\osteoporosis\osteoporosis_0198.jpeg,osteoporosis,0.9553087666840459,osteoporosis,Correct
./dataset_new\osteoporosis\osteoporosis_0199.png,osteoporosis,0.9510584488141016,osteoporosis,Correct
./dataset_new\osteoporosis\osteoporosis_0200.png,osteoporosis,0.704191002189807,osteoporosis,Correct
./dataset_new\osteoporosis\osteoporosis_0201.png,osteoporosis,0.4173522585155832,normal,Wrong
./dataset_new\osteoporosis\osteoporosis_0202.png,osteoporosis,0.9774957600018808,osteoporosis,Correct
./dataset_new\osteoporosis\osteoporosis_0203.jpeg,osteoporosis,0.9949491268883497,osteoporosis,Correct
./dataset_new\osteoporosis\osteoporosis_0204.jpeg,osteoporosis,0.910243267062953,osteoporosis,Correct
./dataset_new\osteoporosis\osteoporosis_0205.png,osteoporosis,0.9967626843632216,osteoporosis,Correct
./dataset_new\osteoporosis\osteoporosis_0206.jpeg,osteoporosis,0.871065655688055,osteoporosis,Correct
./dataset_new\osteoporosis\osteoporosis_0207.jpeg,osteoporosis,0.989037254784852,osteoporosis,Correct
./dataset_new\osteoporosis\osteoporosis_0208.jpg,osteoporosis,0.9829964171570449,osteoporosis,Correct
./dataset_new\osteoporosis\osteoporosis_0209.jpeg,osteoporosis,0.9955560572819246,osteoporosis,Correct
./dataset_new\osteoporosis\osteoporosis_0210.png,osteoporosis,0.926098880441139,osteoporosis,Correct
./dataset_new\osteoporosis\osteoporosis_0211.jpeg,osteoporosis,0.9859281787235996,osteoporosis,Correct
./dataset_new\osteoporosis\osteoporosis_0212.jpg,osteoporosis,0.7414926247660505,osteoporosis,Correct
./dataset_new\osteoporosis\osteoporosis_0213.png,osteoporosis,0.9970234213440814,osteoporosis,Correct
./dataset_new\osteoporosis\osteoporosis_0214.jpeg,osteoporosis,0.9728488370021153,osteoporosis,Correct
./dataset_new\osteoporosis\osteoporosis_0215.jpeg,osteoporosis,0.9720615316942032,osteoporosis,Correct
./dataset_new\osteoporosis\osteoporosis_0216.jpg,osteoporosis,0.27400863751240734,normal,Wrong
./dataset_new\osteoporosis\osteoporosis_0217.png,osteoporosis,0.4173522585155832,normal,Wrong
./dataset_new\osteoporosis\osteoporosis_0218.jpg,osteoporosis,0.7414926247660505,osteoporosis,Correct
./dataset_new\osteoporosis\osteoporosis_0219.jpeg,osteoporosis,0.9837526744904237,osteoporosis,Correct
./dataset_new\osteoporosis\osteoporosis_0220.jpg,osteoporosis,0.7981907064895439,osteoporosis,Correct
./dataset_new\osteoporosis\osteoporosis_0221.jpg,osteoporosis,0.8216295502114241,osteoporosis,Correct
./dataset_new\osteoporosis\osteoporosis_0222.png,osteoporosis,0.9711463211721695,osteoporosis,Correct
./dataset_new\osteoporosis\osteoporosis_0223.jpeg,osteoporosis,0.9837526744904237,osteoporosis,Correct
./dataset_new\osteoporosis\osteoporosis_0224.jpg,osteoporosis,0.7981907064895439,osteoporosis,Correct
./dataset_new\osteoporosis\osteoporosis_0225.jpg,osteoporosis,0.8903090881495277,osteoporosis,Correct
./dataset_new\osteoporosis\osteoporosis_0226.png,osteoporosis,0.43187151365048065,normal,Wrong
./dataset_new\osteoporosis\osteoporosis_0227.jpg,osteoporosis,0.6789869230010042,osteoporosis,Correct
./dataset_new\osteoporosis\osteoporosis_0228.jpeg,osteoporosis,0.9988184268327868,osteoporosis,Correct
./dataset_new\osteoporosis\osteoporosis_0229.jpg,osteoporosis,0.5971928207435169,osteoporosis,Correct
./dataset_new\osteoporosis\osteoporosis_0230.jpg,osteoporosis,0.9476243486468268,osteoporosis,Correct
./dataset_new\osteoporosis\osteoporosis_0231.jpg,osteoporosis,0.6789869230010042,osteoporosis,Correct
./dataset_new\osteoporosis\osteoporosis_0232.png,osteoporosis,0.9933785999276934,osteoporosis,Correct
./dataset_new\osteoporosis\osteoporosis_0233.jpg,osteoporosis,0.6864105880846516,osteoporosis,Correct
./dataset_new\osteoporosis\osteoporosis_0234.jpg,osteoporosis,0.8757491654639535,osteoporosis,Correct
./dataset_new\osteoporosis\osteoporosis_0235.jpg,osteoporosis,0.8216295502114241,osteoporosis,Correct
./dataset_new\osteoporosis\osteoporosis_0236.jpg,osteoporosis,0.7738511975256115,osteoporosis,Correct
./dataset_new\osteoporosis\osteoporosis_0237.jpg,osteoporosis,0.7442985314443029,osteoporosis,Correct
./dataset_new\osteoporosis\osteoporosis_0238.jpg,osteoporosis,0.8790327301034917,osteoporosis,Correct
./dataset_new\osteoporosis\osteoporosis_0239.jpg,osteoporosis,0.7845096784905203,osteoporosis,Correct
./dataset_new\osteoporosis\osteoporosis_0240.jpg,osteoporosis,0.594061103734103,osteoporosis,Correct
./dataset_new\osteoporosis\osteoporosis_0241.png,osteoporosis,0.9858120316818275,osteoporosis,Correct
./dataset_new\osteoporosis\osteoporosis_0242.jpg,osteoporosis,0.6919050982633717,osteoporosis,Correct
./dataset_new\osteoporosis\osteoporosis_0243.jpg,osteoporosis,0.7049627906506413,osteoporosis,Correct
./dataset_new\osteoporosis\osteoporosis_0244.jpeg,osteoporosis,0.9526549610159869,osteoporosis,Correct
./dataset_new\osteoporosis\osteoporosis_0245.jpg,osteoporosis,0.6431406396569865,osteoporosis,Correct
./dataset_new\osteoporosis\osteoporosis_0246.png,osteoporosis,0.9711463211721695,osteoporosis,Correct
./dataset_new\osteoporosis\osteoporosis_0247.jpg,osteoporosis,0.7608121257058382,osteoporosis,Correct
./dataset_new\osteoporosis\osteoporosis_0248.jpeg,osteoporosis,0.9050187796099921,osteoporosis,Correct
./dataset_new\osteoporosis\osteoporosis_0249.jpg,osteoporosis,0.7194689950379384,osteoporosis,Correct
./dataset_new\osteoporosis\osteoporosis_0250.jpg,osteoporosis,0.8772098011387771,osteoporosis,Correct
./dataset_new\osteoporosis\osteoporosis_0251.jpg,osteoporosis,0.8235030181735072,osteoporosis,Correct
./dataset_new\osteoporosis\osteoporosis_0252.jpg,osteoporosis,0.5746330114302411,osteoporosis,Correct
./dataset_new\osteoporosis\osteoporosis_0253.jpg,osteoporosis,0.9910054316620058,osteoporosis,Correct
./dataset_new\osteoporosis\osteoporosis_0254.png,osteoporosis,0.5942368631946813,osteoporosis,Correct
./dataset_new\osteoporosis\osteoporosis_0255.jpg,osteoporosis,0.8667180933264449,osteoporosis,Correct
./dataset_new\osteoporosis\osteoporosis_0256.png,osteoporosis,0.9882692616764386,osteoporosis,Correct
./dataset_new\osteoporosis\osteoporosis_0257.jpg,osteoporosis,0.8903090881495277,osteoporosis,Correct
./dataset_new\osteoporosis\osteoporosis_0258.jpg,osteoporosis,0.9038516667508585,osteoporosis,Correct
./dataset_new\osteoporosis\osteoporosis_0259.png,osteoporosis,0.7158787398817437,osteoporosis,Correct
./dataset_new\osteoporosis\osteoporosis_0260.jpg,osteoporosis,0.780497195595022,osteoporosis,Correct
./dataset_new\osteoporosis\osteoporosis_0261.png,osteoporosis,0.9747743312310126,osteoporosis,Correct
./dataset_new\osteoporosis\osteoporosis_0262.jpg,osteoporosis,0.5918683414715626,osteoporosis,Correct
./dataset_new\osteoporosis\osteoporosis_0263.png,osteoporosis,0.9948831697320712,osteoporosis,Correct
./dataset_new\osteoporosis\osteoporosis_0264.jpg,osteoporosis,0.553824240809884,osteoporosis,Correct
./dataset_new\osteoporosis\osteoporosis_0265.jpg,osteoporosis,0.8852055434170946,osteoporosis,Correct
./dataset_new\osteoporosis\osteoporosis_0266.jpg,osteoporosis,0.8317478073820184,osteoporosis,Correct
./dataset_new\osteoporosis\osteoporosis_0267.jpg,osteoporosis,0.7738511975256115,osteoporosis,Correct
./dataset_new\osteoporosis\osteoporosis_0268.png,osteoporosis,0.43187151365048065,normal,Wrong
./dataset_new\osteoporosis\osteoporosis_0269.jpeg,osteoporosis,0.9629860301999482,osteoporosis,Correct
./dataset_new\osteoporosis\osteoporosis_0270.jpg,osteoporosis,0.8527516890021761,osteoporosis,Correct
./dataset_new\osteoporosis\osteoporosis_0271.jpeg,osteoporosis,0.9914554833973055,osteoporosis,Correct
./dataset_new\osteoporosis\osteoporosis_0272.jpg,osteoporosis,0.8878200999744883,osteoporosis,Correct
./dataset_new\osteoporosis\osteoporosis_0273.jpg,osteoporosis,0.6039286865338037,osteoporosis,Correct
./dataset_new\osteoporosis\osteoporosis_0274.png,osteoporosis,0.41741450010987435,normal,Wrong
./dataset_new\osteoporosis\osteoporosis_0275.png,osteoporosis,0.5262529499520512,osteoporosis,Correct
./dataset_new\osteoporosis\osteoporosis_0276.jpg,osteoporosis,0.720519776495314,osteoporosis,Correct
./dataset_new\osteoporosis\osteoporosis_0277.png,osteoporosis,0.8003085324454908,osteoporosis,Correct
./dataset_new\osteoporosis\osteoporosis_0278.jpg,osteoporosis,0.6808533783993773,osteoporosis,Correct
./dataset_new\osteoporosis\osteoporosis_0279.jpg,osteoporosis,0.6789869230010042,osteoporosis,Correct
./dataset_new\osteoporosis\osteoporosis_0280.jpg,osteoporosis,0.7773561091955138,osteoporosis,Correct
./dataset_new\osteoporosis\osteoporosis_0281.png,osteoporosis,0.982827759924389,osteoporosis,Correct
./dataset_new\osteoporosis\osteoporosis_0282.png,osteoporosis,0.6859078758854402,osteoporosis,Correct
./dataset_new\osteoporosis\osteoporosis_0283.jpg,osteoporosis,0.6715249228135249,osteoporosis,Correct
./dataset_new\osteoporosis\osteoporosis_0284.jpg,osteoporosis,0.768636901791018,osteoporosis,Correct
./dataset_new\osteoporosis\osteoporosis_0285.jpg,osteoporosis,0.9625019103417665,osteoporosis,Correct
./dataset_new\osteoporosis\osteoporosis_0286.jpg,osteoporosis,0.9890224451873071,osteoporosis,Correct
./dataset_new\osteoporosis\osteoporosis_0287.png,osteoporosis,0.9593224735238448,osteoporosis,Correct
./dataset_new\osteoporosis\osteoporosis_0288.jpg,osteoporosis,0.8376838637695354,osteoporosis,Correct
./dataset_new\osteoporosis\osteoporosis_0289.jpg,osteoporosis,0.7645251624167215,osteoporosis,Correct
./dataset_new\osteoporosis\osteoporosis_0290.jpeg,osteoporosis,0.9988184268327868,osteoporosis,Correct
./dataset_new\osteoporosis\osteoporosis_0291.jpg,osteoporosis,0.7007919680377124,osteoporosis,Correct
./dataset_new\osteoporosis\osteoporosis_0292.jpg,osteoporosis,0.9180962516153464,osteoporosis,Correct
./dataset_new\osteoporosis\osteoporosis_0293.jpeg,osteoporosis,0.9511228175891766,osteoporosis,Correct
./dataset_new\osteoporosis\osteoporosis_0294.jpg,osteoporosis,0.917422045548949,osteoporosis,Correct
./dataset_new\osteoporosis\osteoporosis_0295.jpg,osteoporosis,0.7980639722872636,osteoporosis,Correct
./dataset_new\osteoporosis\osteoporosis_0296.jpg,osteoporosis,0.8292601650829292,osteoporosis,Correct
./dataset_new\osteoporosis\osteoporosis_0297.jpg,osteoporosis,0.8035754006704194,osteoporosis,Correct
./dataset_new\osteoporosis\osteoporosis_0298.jpg,osteoporosis,0.8977577478215361,osteoporosis,Correct
./dataset_new\osteoporosis\osteoporosis_0299.png,osteoporosis,0.9763701093149442,osteoporosis,Correct
./dataset_new\osteoporosis\osteoporosis_0300.png,osteoporosis,0.9424121601401851,osteoporosis,Correct
./dataset_new\osteoporosis\osteoporosis_0301.jpg,osteoporosis,0.5971928207435169,osteoporosis,Correct
./dataset_new\osteoporosis\osteoporosis_0302.png,osteoporosis,0.9942751810444845,osteoporosis,Correct
./dataset_new\osteoporosis\osteoporosis_0303.png,osteoporosis,0.6963058722028179,osteoporosis,Correct
./dataset_new\osteoporosis\osteoporosis_0304.png,osteoporosis,0.8743109778425079,osteoporosis,Correct
./dataset_new\osteoporosis\osteoporosis_0305.jpeg,osteoporosis,0.3678822849823819,normal,Wrong
./dataset_new\osteoporosis\osteoporosis_0306.jpg,osteoporosis,0.30232002561015525,normal,Wrong
./dataset_new\osteoporosis\osteoporosis_0307.jpg,osteoporosis,0.47473529586218344,osteoporosis,Correct
./dataset_new\osteoporosis\osteoporosis_0308.jpg,osteoporosis,0.4032659489501297,normal,Wrong
./dataset_new\osteoporosis\osteoporosis_0309.jpg,osteoporosis,0.31447939878006737,normal,Wrong
./dataset_new\osteoporosis\osteoporosis_0310.jpg,osteoporosis,0.5719807016604441,osteoporosis,Correct
./dataset_new\osteoporosis\osteoporosis_0311.jpg,osteoporosis,0.7185473293256673,osteoporosis,Correct
./dataset_new\osteoporosis\osteoporosis_0312.jpg,osteoporosis,0.9476243486468268,osteoporosis,Correct
./dataset_new\osteoporosis\osteoporosis_0313.jpg,osteoporosis,0.4351086302368703,normal,Wrong
./dataset_new\osteoporosis\osteoporosis_0314.jpg,osteoporosis,0.6372859240171609,osteoporosis,Correct
./dataset_new\osteoporosis\osteoporosis_0315.jpg,osteoporosis,0.5854142998592696,osteoporosis,Correct
./dataset_new\osteoporosis\osteoporosis_0316.jpg,osteoporosis,0.46734412983580903,osteoporosis,Correct
./dataset_new\osteoporosis\osteoporosis_0317.jpeg,osteoporosis,0.6770222094130988,osteoporosis,Correct
./dataset_new\osteoporosis\osteoporosis_0318.jpg,osteoporosis,0.4559512582113496,osteoporosis,Correct
./dataset_new\osteoporosis\osteoporosis_0319.jpg,osteoporosis,0.6924609711784576,osteoporosis,Correct
./dataset_new\osteoporosis\osteoporosis_0320.jpg,osteoporosis,0.4244358651964839,normal,Wrong
./dataset_new\osteoporosis\osteoporosis_0321.jpg,osteoporosis,0.7008380517558114,osteoporosis,Correct
./dataset_new\osteoporosis\osteoporosis_0322.jpg,osteoporosis,0.4643098513828537,osteoporosis,Correct
./dataset_new\osteoporosis\osteoporosis_0323.jpg,osteoporosis,0.6789869230010042,osteoporosis,Correct
./dataset_new\osteoporosis\osteoporosis_0324.jpg,osteoporosis,0.6285245882770538,osteoporosis,Correct
./dataset_new\osteoporosis\osteoporosis_0325.jpg,osteoporosis,0.3950979885143131,normal,Wrong
./dataset_new\osteoporosis\osteoporosis_0326.jpg,osteoporosis,0.8988521534605524,osteoporosis,Correct
./dataset_new\osteoporosis\osteoporosis_0327.jpg,osteoporosis,0.8816604545269069,osteoporosis,Correct
./dataset_new\osteoporosis\osteoporosis_0328.jpg,osteoporosis,0.6432058654888821,osteoporosis,Correct
./dataset_new\osteoporosis\osteoporosis_0329.jpeg,osteoporosis,0.6953735496643613,osteoporosis,Correct
./dataset_new\osteoporosis\osteoporosis_0330.jpg,osteoporosis,0.720161940427743,osteoporosis,Correct
./dataset_new\osteoporosis\osteoporosis_0331.jpg,osteoporosis,0.8864508332151831,osteoporosis,Correct
./dataset_new\osteoporosis\osteoporosis_0332.jpg,osteoporosis,0.9625019103417665,osteoporosis,Correct
./dataset_new\osteoporosis\osteoporosis_0333.jpg,osteoporosis,0.7086781434465252,osteoporosis,Correct
./dataset_new\osteoporosis\osteoporosis_0334.png,osteoporosis,0.9933785999276934,osteoporosis,Correct
./dataset_new\osteoporosis\osteoporosis_0335.jpg,osteoporosis,0.6864105880846516,osteoporosis,Correct
./dataset_new\osteoporosis\osteoporosis_0336.jpg,osteoporosis,0.7316587163707649,osteoporosis,Correct
./dataset_new\osteoporosis\osteoporosis_0337.jpg,osteoporosis,0.7521402564362079,osteoporosis,Correct
./dataset_new\osteoporosis\osteoporosis_0338.jpg,osteoporosis,0.73437730034838,osteoporosis,Correct
./dataset_new\osteoporosis\osteoporosis_0339.jpg,osteoporosis,0.76453745654337,osteoporosis,Correct
./dataset_new\osteoporosis\osteoporosis_0340.jpg,osteoporosis,0.6369043781843001,osteoporosis,Correct
./dataset_new\osteoporosis\osteoporosis_0341.jpg,osteoporosis,0.23676888007797758,normal,Wrong
./dataset_new\osteoporosis\osteoporosis_0342.jpeg,osteoporosis,0.6326533628331793,osteoporosis,Correct
./dataset_new\osteoporosis\osteoporosis_0343.jpg,osteoporosis,0.7510176703370678,osteoporosis,Correct
./dataset_new\osteoporosis\osteoporosis_0344.jpg,osteoporosis,0.8911235052292756,osteoporosis,Correct
./dataset_new\osteoporosis\osteoporosis_0345.jpg,osteoporosis,0.6587071884028811,osteoporosis,Correct
./dataset_new\osteoporosis\osteoporosis_0346.jpg,osteoporosis,0.8757491654639535,osteoporosis,Correct
./dataset_new\osteoporosis\osteoporosis_0347.jpg,osteoporosis,0.8662402826580947,osteoporosis,Correct
./dataset_new\osteoporosis\osteoporosis_0348.jpg,osteoporosis,0.2960333905640483,normal,Wrong
./dataset_new\osteoporosis\osteoporosis_0349.jpg,osteoporosis,0.8433632791164551,osteoporosis,Correct
./dataset_new\osteoporosis\osteoporosis_0350.jpg,osteoporosis,0.6075601861548645,osteoporosis,Correct
./dataset_new\osteoporosis\osteoporosis_0351.jpg,osteoporosis,0.7296132206413287,osteoporosis,Correct
./dataset_new\osteoporosis\osteoporosis_0352.jpg,osteoporosis,0.8715579910567646,osteoporosis,Correct
./dataset_new\osteoporosis\osteoporosis_0353.jpg,osteoporosis,0.6285245882770538,osteoporosis,Correct
./dataset_new\osteoporosis\osteoporosis_0354.jpeg,osteoporosis,0.6978830287602638,osteoporosis,Correct
./dataset_new\osteoporosis\osteoporosis_0355.jpeg,osteoporosis,0.8040830676487146,osteoporosis,Correct
./dataset_new\osteoporosis\osteoporosis_0356.jpeg,osteoporosis,0.9598163687547892,osteoporosis,Correct
./dataset_new\osteoporosis\osteoporosis_0357.jpg,osteoporosis,0.7738511975256115,osteoporosis,Correct
./dataset_new\osteoporosis\osteoporosis_0358.jpg,osteoporosis,0.3601765870151663,normal,Wrong
./dataset_new\osteoporosis\osteoporosis_0359.jpg,osteoporosis,0.3601765870151663,normal,Wrong
./dataset_new\osteoporosis\osteoporosis_0360.jpg,osteoporosis,0.9952099194968684,osteoporosis,Correct
./dataset_new\osteoporosis\osteoporosis_0361.jpg,osteoporosis,0.9393739481901778,osteoporosis,Correct
./dataset_new\osteoporosis\osteoporosis_0362.jpg,osteoporosis,0.7846877458651011,osteoporosis,Correct
./dataset_new\osteoporosis\osteoporosis_0363.jpg,osteoporosis,0.8508878418358663,osteoporosis,Correct
./dataset_new\osteoporosis\osteoporosis_0364.jpg,osteoporosis,0.8865321407847627,osteoporosis,Correct
./dataset_new\osteoporosis\osteoporosis_0365.jpg,osteoporosis,0.6019696478968461,osteoporosis,Correct
./dataset_new\osteoporosis\osteoporosis_0366.jpg,osteoporosis,0.9794062598240473,osteoporosis,Correct
./dataset_new\osteoporosis\osteoporosis_0367.jpg,osteoporosis,0.364650900138079,normal,Wrong
./dataset_new\osteoporosis\osteoporosis_0368.jpg,osteoporosis,0.7442985314443029,osteoporosis,Correct
./dataset_new\osteoporosis\osteoporosis_0369.jpg,osteoporosis,0.5245730412340248,osteoporosis,Correct
./dataset_new\osteoporosis\osteoporosis_0370.jpg,osteoporosis,0.7556944278031281,osteoporosis,Correct
./dataset_new\osteoporosis\osteoporosis_0371.jpg,osteoporosis,0.7995221181203068,osteoporosis,Correct
./dataset_new\osteoporosis\osteoporosis_0372.jpg,osteoporosis,0.513958092430073,osteoporosis,Correct
./dataset_new\osteoporosis\osteoporosis_0373.jpg,osteoporosis,0.992168997774733,osteoporosis,Correct
./dataset_new\osteoporosis\osteoporosis_0374.jpg,osteoporosis,0.6396009431605789,osteoporosis,Correct
./dataset_new\osteoporosis\osteoporosis_0375.jpg,osteoporosis,0.768582414911755,osteoporosis,Correct
./dataset_new\osteoporosis\osteoporosis_0376.jpg,osteoporosis,0.7287063184992852,osteoporosis,Correct
./dataset_new\osteoporosis\osteoporosis_0377.jpg,osteoporosis,0.6943472336901264,osteoporosis,Correct
./dataset_new\osteoporosis\osteoporosis_0378.jpg,osteoporosis,0.7449221615640306,osteoporosis,Correct
./dataset_new\osteoporosis\osteoporosis_0379.jpg,osteoporosis,0.8790327301034917,osteoporosis,Correct
./dataset_new\osteoporosis\osteoporosis_0380.jpg,osteoporosis,0.9606285123921849,osteoporosis,Correct
./dataset_new\osteoporosis\osteoporosis_0381.jpg,osteoporosis,0.9989131197333596,osteoporosis,Correct
./dataset_new\osteoporosis\osteoporosis_0382.jpg,osteoporosis,0.9888520663073358,osteoporosis,Correct
./dataset_new\osteoporosis\osteoporosis_0383.jpg,osteoporosis,0.8337605259890127,osteoporosis,Correct
./dataset_new\osteoporosis\osteoporosis_0384.jpg,osteoporosis,0.75704923384694,osteoporosis,Correct
./dataset_new\osteoporosis\osteoporosis_0385.jpg,osteoporosis,0.9853355302012888,osteoporosis,Correct
./dataset_new\osteoporosis\osteoporosis_0386.jpg,osteoporosis,0.7098629475099538,osteoporosis,Correct
./dataset_new\osteoporosis\osteoporosis_0387.jpg,osteoporosis,0.767981617935056,osteoporosis,Correct
./dataset_new\osteoporosis\osteoporosis_0388.jpg,osteoporosis,0.9148288449982516,osteoporosis,Correct
./dataset_new\osteoporosis\osteoporosis_0389.jpg,osteoporosis,0.9201944406525178,osteoporosis,Correct
./dataset_new\osteoporosis\osteoporosis_0390.jpg,osteoporosis,0.7845096784905203,osteoporosis,Correct
./dataset_new\osteoporosis\osteoporosis_0391.jpg,osteoporosis,0.7907082136888673,osteoporosis,Correct
./dataset_new\osteoporosis\osteoporosis_0392.jpg,osteoporosis,0.8301263614113462,osteoporosis,Correct
./dataset_new\osteoporosis\osteoporosis_0393.jpg,osteoporosis,0.7980002400493041,osteoporosis,Correct
./dataset_new\osteoporosis\osteoporosis_0394.jpg,osteoporosis,0.887536610863275,osteoporosis,Correct
./dataset_new\osteoporosis\osteoporosis_0395.jpg,osteoporosis,0.9936747705886078,osteoporosis,Correct
./dataset_new\osteoporosis\osteoporosis_0396.jpg,osteoporosis,0.9735474292626527,osteoporosis,Correct
./dataset_new\osteoporosis\osteoporosis_0397.jpg,osteoporosis,0.9095391946057301,osteoporosis,Correct
./dataset_new\osteoporosis\osteoporosis_0398.jpg,osteoporosis,0.9467066362381884,osteoporosis,Correct
./dataset_new\osteoporosis\osteoporosis_0399.jpg,osteoporosis,0.9940596736647247,osteoporosis,Correct
./dataset_new\osteoporosis\osteoporosis_0400.jpg,osteoporosis,0.739312758822984,osteoporosis,Correct
./dataset_new\osteoporosis\osteoporosis_0401.jpg,osteoporosis,0.594061103734103,osteoporosis,Correct
./dataset_new\osteoporosis\osteoporosis_0402.jpg,osteoporosis,0.7009168332216897,osteoporosis,Correct
./dataset_new\osteoporosis\osteoporosis_0403.jpg,osteoporosis,0.878485199143475,osteoporosis,Correct
./dataset_new\osteoporosis\osteoporosis_0404.jpg,osteoporosis,0.916057987868089,osteoporosis,Correct
./dataset_new\osteoporosis\osteoporosis_0405.jpg,osteoporosis,0.9746226970439541,osteoporosis,Correct
./dataset_new\osteoporosis\osteoporosis_0406.jpg,osteoporosis,0.5864176352672555,osteoporosis,Correct
./dataset_new\osteoporosis\osteoporosis_0407.jpg,osteoporosis,0.985556635123367,osteoporosis,Correct
./dataset_new\osteoporosis\osteoporosis_0408.jpg,osteoporosis,0.9334107034265768,osteoporosis,Correct
./dataset_new\osteoporosis\osteoporosis_0409.jpg,osteoporosis,0.45434844269057095,osteoporosis,Correct
./dataset_new\osteoporosis\osteoporosis_0410.jpg,osteoporosis,0.902977659745466,osteoporosis,Correct
./dataset_new\osteoporosis\osteoporosis_0411.jpg,osteoporosis,0.6308055858158933,osteoporosis,Correct
./dataset_new\osteoporosis\osteoporosis_0412.png,osteoporosis,0.9858120316818275,osteoporosis,Correct
./dataset_new\osteoporosis\osteoporosis_0413.jpg,osteoporosis,0.9174444032295801,osteoporosis,Correct
./dataset_new\osteoporosis\osteoporosis_0414.jpg,osteoporosis,0.8823130487307163,osteoporosis,Correct
./dataset_new\osteoporosis\osteoporosis_0415.jpg,osteoporosis,0.7083196461880781,osteoporosis,Correct
./dataset_new\osteoporosis\osteoporosis_0416.jpg,osteoporosis,0.8883652941445241,osteoporosis,Correct
./dataset_new\osteoporosis\osteoporosis_0417.jpg,osteoporosis,0.9800178587414738,osteoporosis,Correct
./dataset_new\osteoporosis\osteoporosis_0418.jpg,osteoporosis,0.7943136226320867,osteoporosis,Correct
./dataset_new\osteoporosis\osteoporosis_0419.jpg,osteoporosis,0.993258260043844,osteoporosis,Correct
./dataset_new\osteoporosis\osteoporosis_0420.jpg,osteoporosis,0.9935022251549619,osteoporosis,Correct
./dataset_new\osteoporosis\osteoporosis_0421.jpg,osteoporosis,0.5669578107341823,osteoporosis,Correct
./dataset_new\osteoporosis\osteoporosis_0422.jpg,osteoporosis,0.9686719134296133,osteoporosis,Correct
./dataset_new\osteoporosis\osteoporosis_0423.jpg,osteoporosis,0.6919050982633717,osteoporosis,Correct
./dataset_new\osteoporosis\osteoporosis_0424.jpg,osteoporosis,0.9950930766758297,osteoporosis,Correct
./dataset_new\osteoporosis\osteoporosis_0425.jpg,osteoporosis,0.5994973833422589,osteoporosis,Correct
./dataset_new\osteoporosis\osteoporosis_0426.jpg,osteoporosis,0.8629072973617322,osteoporosis,Correct
./dataset_new\osteoporosis\osteoporosis_0427.jpg,osteoporosis,0.8116731433597468,osteoporosis,Correct
./dataset_new\osteoporosis\osteoporosis_0428.jpg,osteoporosis,0.973696612918143,osteoporosis,Correct
./dataset_new\osteoporosis\osteoporosis_0429.jpg,osteoporosis,0.5746609950781407,osteoporosis,Correct
./dataset_new\osteoporosis\osteoporosis_0430.jpg,osteoporosis,0.7452862770802228,osteoporosis,Correct
./dataset_new\osteoporosis\osteoporosis_0431.jpg,osteoporosis,0.6807601532019394,osteoporosis,Correct
./dataset_new\osteoporosis\osteoporosis_0432.jpg,osteoporosis,0.9239264813908927,osteoporosis,Correct
./dataset_new\osteoporosis\osteoporosis_0433.jpg,osteoporosis,0.800811487588709,osteoporosis,Correct
./dataset_new\osteoporosis\osteoporosis_0434.jpg,osteoporosis,0.7049627906506413,osteoporosis,Correct
./dataset_new\osteoporosis\osteoporosis_0435.jpg,osteoporosis,0.712785001021048,osteoporosis,Correct
./dataset_new\osteoporosis\osteoporosis_0436.jpg,osteoporosis,0.9084705577458354,osteoporosis,Correct
./dataset_new\osteoporosis\osteoporosis_0437.jpg,osteoporosis,0.9006658199029567,osteoporosis,Correct
./dataset_new\osteoporosis\osteoporosis_0438.jpg,osteoporosis,0.8840911100763045,osteoporosis,Correct
./dataset_new\osteoporosis\osteoporosis_0439.jpg,osteoporosis,0.9967816916500241,osteoporosis,Correct
./dataset_new\osteoporosis\osteoporosis_0440.jpg,osteoporosis,0.5859790045453255,osteoporosis,Correct
./dataset_new\osteoporosis\osteoporosis_0441.jpg,osteoporosis,0.7348541339338771,osteoporosis,Correct
./dataset_new\osteoporosis\osteoporosis_0442.jpg,osteoporosis,0.8935749854445969,osteoporosis,Correct
./dataset_new\osteoporosis\osteoporosis_0443.jpg,osteoporosis,0.9606285123921849,osteoporosis,Correct
./dataset_new\osteoporosis\osteoporosis_0444.jpg,osteoporosis,0.5818450404013285,osteoporosis,Correct
./dataset_new\osteoporosis\osteoporosis_0445.jpeg,osteoporosis,0.9526549610159869,osteoporosis,Correct
./dataset_new\osteoporosis\osteoporosis_0446.jpg,osteoporosis,0.6431406396569865,osteoporosis,Correct
./dataset_new\osteoporosis\osteoporosis_0447.jpg,osteoporosis,0.9941492398471271,osteoporosis,Correct
./dataset_new\osteoporosis\osteoporosis_0448.jpg,osteoporosis,0.7588608275244246,osteoporosis,Correct
./dataset_new\osteoporosis\osteoporosis_0449.jpg,osteoporosis,0.7530862643941563,osteoporosis,Correct
./dataset_new\osteoporosis\osteoporosis_0450.jpg,osteoporosis,0.8747275955057721,osteoporosis,Correct
./dataset_new\osteoporosis\osteoporosis_0451.jpg,osteoporosis,0.7346429897996448,osteoporosis,Correct
./dataset_new\osteoporosis\osteoporosis_0452.jpg,osteoporosis,0.9091718291075511,osteoporosis,Correct
./dataset_new\osteoporosis\osteoporosis_0453.jpg,osteoporosis,0.7169919730565761,osteoporosis,Correct
./dataset_new\osteoporosis\osteoporosis_0454.jpg,osteoporosis,0.9911337488341982,osteoporosis,Correct
./dataset_new\osteoporosis\osteoporosis_0455.jpg,osteoporosis,0.9914582334407247,osteoporosis,Correct
./dataset_new\osteoporosis\osteoporosis_0456.jpg,osteoporosis,0.8679293646330144,osteoporosis,Correct
./dataset_new\osteoporosis\osteoporosis_0457.jpg,osteoporosis,0.7608121257058382,osteoporosis,Correct
./dataset_new\osteoporosis\osteoporosis_0458.jpg,osteoporosis,0.33319545954662777,normal,Wrong
./dataset_new\osteoporosis\osteoporosis_0459.jpg,osteoporosis,0.8074237396533338,osteoporosis,Correct
./dataset_new\osteoporosis\osteoporosis_0460.jpg,osteoporosis,0.8310957498780405,osteoporosis,Correct
./dataset_new\osteoporosis\osteoporosis_0461.jpg,osteoporosis,0.912640878780095,osteoporosis,Correct
./dataset_new\osteoporosis\osteoporosis_0462.jpg,osteoporosis,0.7061779611165886,osteoporosis,Correct
./dataset_new\osteoporosis\osteoporosis_0463.jpg,osteoporosis,0.8774585777028789,osteoporosis,Correct
./dataset_new\osteoporosis\osteoporosis_0464.jpg,osteoporosis,0.635072602137516,osteoporosis,Correct
./dataset_new\osteoporosis\osteoporosis_0465.jpg,osteoporosis,0.9604224872143672,osteoporosis,Correct
./dataset_new\osteoporosis\osteoporosis_0466.jpg,osteoporosis,0.8923242841982963,osteoporosis,Correct
./dataset_new\osteoporosis\osteoporosis_0467.jpg,osteoporosis,0.979747649190353,osteoporosis,Correct
./dataset_new\osteoporosis\osteoporosis_0468.jpeg,osteoporosis,0.9050187796099921,osteoporosis,Correct
./dataset_new\osteoporosis\osteoporosis_0469.jpg,osteoporosis,0.8402169646885349,osteoporosis,Correct
./dataset_new\osteoporosis\osteoporosis_0470.jpg,osteoporosis,0.825511355117779,osteoporosis,Correct
./dataset_new\osteoporosis\osteoporosis_0471.jpg,osteoporosis,0.9911159007128959,osteoporosis,Correct
./dataset_new\osteoporosis\osteoporosis_0472.jpg,osteoporosis,0.9888643941800379,osteoporosis,Correct
./dataset_new\osteoporosis\osteoporosis_0473.jpg,osteoporosis,0.9961618977807988,osteoporosis,Correct
./dataset_new\osteoporosis\osteoporosis_0474.jpg,osteoporosis,0.6992158817146379,osteoporosis,Correct
./dataset_new\osteoporosis\osteoporosis_0475.jpg,osteoporosis,0.9490080556046824,osteoporosis,Correct
./dataset_new\osteoporosis\osteoporosis_0476.jpg,osteoporosis,0.8505003995791088,osteoporosis,Correct
./dataset_new\osteoporosis\osteoporosis_0477.jpg,osteoporosis,0.9962723578581378,osteoporosis,Correct
./dataset_new\osteoporosis\osteoporosis_0478.jpg,osteoporosis,0.9195349889947597,osteoporosis,Correct
./dataset_new\osteoporosis\osteoporosis_0479.jpg,osteoporosis,0.7194689950379384,osteoporosis,Correct
./dataset_new\osteoporosis\osteoporosis_0480.jpg,osteoporosis,0.9672350287698601,osteoporosis,Correct
./dataset_new\osteoporosis\osteoporosis_0481.jpg,osteoporosis,0.5659468841491726,osteoporosis,Correct
./dataset_new\osteoporosis\osteoporosis_0482.jpg,osteoporosis,0.9169025203938768,osteoporosis,Correct
./dataset_new\osteoporosis\osteoporosis_0483.jpg,osteoporosis,0.8474544373851787,osteoporosis,Correct
./dataset_new\osteoporosis\osteoporosis_0484.jpg,osteoporosis,0.945253708885448,osteoporosis,Correct
./dataset_new\osteoporosis\osteoporosis_0485.jpg,osteoporosis,0.8907805818140581,osteoporosis,Correct
./dataset_new\osteoporosis\osteoporosis_0486.jpg,osteoporosis,0.9929507813401943,osteoporosis,Correct
./dataset_new\osteoporosis\osteoporosis_0487.jpg,osteoporosis,0.9749934858943786,osteoporosis,Correct
./dataset_new\osteoporosis\osteoporosis_0488.jpg,osteoporosis,0.9092644366029288,osteoporosis,Correct
./dataset_new\osteoporosis\osteoporosis_0489.jpg,osteoporosis,0.8578122783384565,osteoporosis,Correct
./dataset_new\osteoporosis\osteoporosis_0490.jpg,osteoporosis,0.8772098011387771,osteoporosis,Correct
./dataset_new\osteoporosis\osteoporosis_0491.jpg,osteoporosis,0.99107526255086,osteoporosis,Correct
./dataset_new\osteoporosis\osteoporosis_0492.jpg,osteoporosis,0.9791055288651114,osteoporosis,Correct
./dataset_new\osteoporosis\osteoporosis_0493.jpg,osteoporosis,0.9836041255961425,osteoporosis,Correct
./dataset_new\osteoporosis\osteoporosis_0494.jpg,osteoporosis,0.923338360876445,osteoporosis,Correct
./dataset_new\osteoporosis\osteoporosis_0495.jpg,osteoporosis,0.9558964513492569,osteoporosis,Correct
./dataset_new\osteoporosis\osteoporosis_0496.jpg,osteoporosis,0.732306302934851,osteoporosis,Correct
./dataset_new\osteoporosis\osteoporosis_0497.jpg,osteoporosis,0.9805887837489116,osteoporosis,Correct
./dataset_new\osteoporosis\osteoporosis_0498.jpg,osteoporosis,0.9949925533384735,osteoporosis,Correct
./dataset_new\osteoporosis\osteoporosis_0499.jpg,osteoporosis,0.9149006703763358,osteoporosis,Correct
./dataset_new\osteoporosis\osteoporosis_0500.jpg,osteoporosis,0.7699795208228513,osteoporosis,Correct
./dataset_new\osteoporosis\osteoporosis_0501.jpg,osteoporosis,0.8235030181735072,osteoporosis,Correct
./dataset_new\osteoporosis\osteoporosis_0502.jpg,osteoporosis,0.979575726076124,osteoporosis,Correct
./dataset_new\osteoporosis\osteoporosis_0503.jpg,osteoporosis,0.9817558380553639,osteoporosis,Correct
./dataset_new\osteoporosis\osteoporosis_0504.jpg,osteoporosis,0.9939010074207713,osteoporosis,Correct
./dataset_new\osteoporosis\osteoporosis_0505.jpg,osteoporosis,0.6217198694224679,osteoporosis,Correct
./dataset_new\osteoporosis\osteoporosis_0506.jpg,osteoporosis,0.3920395802897455,normal,Wrong
./dataset_new\osteoporosis\osteoporosis_0507.jpg,osteoporosis,0.9509678524492423,osteoporosis,Correct
./dataset_new\osteoporosis\osteoporosis_0508.jpg,osteoporosis,0.9912272003552476,osteoporosis,Correct
./dataset_new\osteoporosis\osteoporosis_0509.jpg,osteoporosis,0.9640355886532092,osteoporosis,Correct
./dataset_new\osteoporosis\osteoporosis_0510.jpg,osteoporosis,0.9808380686505739,osteoporosis,Correct
./dataset_new\osteoporosis\osteoporosis_0511.jpg,osteoporosis,0.9321607709179596,osteoporosis,Correct
./dataset_new\osteoporosis\osteoporosis_0512.jpg,osteoporosis,0.5746330114302411,osteoporosis,Correct
./dataset_new\osteoporosis\osteoporosis_0513.jpg,osteoporosis,0.9939927409194438,osteoporosis,Correct
./dataset_new\osteoporosis\osteoporosis_0514.jpg,osteoporosis,0.9691554610593872,osteoporosis,Correct
./dataset_new\osteoporosis\osteoporosis_0515.jpg,osteoporosis,0.9289395816715963,osteoporosis,Correct
./dataset_new\osteoporosis\osteoporosis_0516.jpg,osteoporosis,0.9898816720856487,osteoporosis,Correct
./dataset_new\osteoporosis\osteoporosis_0517.jpg,osteoporosis,0.9976718235833202,osteoporosis,Correct
./dataset_new\osteoporosis\osteoporosis_0518.jpg,osteoporosis,0.9984892788943234,osteoporosis,Correct
./dataset_new\osteoporosis\osteoporosis_0519.jpg,osteoporosis,0.7020698026592287,osteoporosis,Correct
./dataset_new\osteoporosis\osteoporosis_0520.jpg,osteoporosis,0.9843625083448451,osteoporosis,Correct
./dataset_new\osteoporosis\osteoporosis_0521.jpg,osteoporosis,0.9972523929782078,osteoporosis,Correct
./dataset_new\osteoporosis\osteoporosis_0522.jpg,osteoporosis,0.7941159241365425,osteoporosis,Correct
./dataset_new\osteoporosis\osteoporosis_0523.jpg,osteoporosis,0.9910054316620058,osteoporosis,Correct
./dataset_new\osteoporosis\osteoporosis_0524.jpg,osteoporosis,0.9110484351068335,osteoporosis,Correct
./dataset_new\osteoporosis\osteoporosis_0525.jpg,osteoporosis,0.8885035759906637,osteoporosis,Correct
./dataset_new\osteoporosis\osteoporosis_0526.jpg,osteoporosis,0.9817297414961381,osteoporosis,Correct
./dataset_new\osteoporosis\osteoporosis_0527.jpg,osteoporosis,0.487279973233254,osteoporosis,Correct
./dataset_new\osteoporosis\osteoporosis_0528.jpg,osteoporosis,0.9943098286456514,osteoporosis,Correct
./dataset_new\osteoporosis\osteoporosis_0529.jpg,osteoporosis,0.45203571447696056,osteoporosis,Correct
./dataset_new\osteoporosis\osteoporosis_0530.jpg,osteoporosis,0.918090030374672,osteoporosis,Correct
./dataset_new\osteoporosis\osteoporosis_0531.jpg,osteoporosis,0.9864915570373369,osteoporosis,Correct
./dataset_new\osteoporosis\osteoporosis_0532.jpg,osteoporosis,0.996613707203869,osteoporosis,Correct
./dataset_new\osteoporosis\osteoporosis_0533.jpg,osteoporosis,0.9704582799481136,osteoporosis,Correct
./dataset_new\osteoporosis\osteoporosis_0534.png,osteoporosis,0.5942368631946813,osteoporosis,Correct
./dataset_new\osteoporosis\osteoporosis_0535.jpg,osteoporosis,0.9510841144966289,osteoporosis,Correct
./dataset_new\osteoporosis\osteoporosis_0536.jpg,osteoporosis,0.3403007063583689,normal,Wrong
./dataset_new\osteoporosis\osteoporosis_0537.jpg,osteoporosis,0.5977550372313767,osteoporosis,Correct
./dataset_new\osteoporosis\osteoporosis_0538.jpg,osteoporosis,0.7285914311602132,osteoporosis,Correct
./dataset_new\osteoporosis\osteoporosis_0539.jpg,osteoporosis,0.8178516097910943,osteoporosis,Correct
./dataset_new\osteoporosis\osteoporosis_0540.jpg,osteoporosis,0.42145024220403615,normal,Wrong
./dataset_new\osteoporosis\osteoporosis_0541.jpg,osteoporosis,0.9953996442663291,osteoporosis,Correct
./dataset_new\osteoporosis\osteoporosis_0542.jpg,osteoporosis,0.8192802749706463,osteoporosis,Correct
./dataset_new\osteoporosis\osteoporosis_0543.jpg,osteoporosis,0.8925259781491357,osteoporosis,Correct
./dataset_new\osteoporosis\osteoporosis_0544.jpg,osteoporosis,0.3871118190900416,normal,Wrong
./dataset_new\osteoporosis\osteoporosis_0545.jpg,osteoporosis,0.8667180933264449,osteoporosis,Correct
./dataset_new\osteoporosis\osteoporosis_0546.jpg,osteoporosis,0.6812993340690565,osteoporosis,Correct
./dataset_new\osteoporosis\osteoporosis_0547.jpg,osteoporosis,0.5887327356552612,osteoporosis,Correct
./dataset_new\osteoporosis\osteoporosis_0548.jpg,osteoporosis,0.946082359824306,osteoporosis,Correct
./dataset_new\osteoporosis\osteoporosis_0549.jpg,osteoporosis,0.988350176572202,osteoporosis,Correct
./dataset_new\osteoporosis\osteoporosis_0550.jpg,osteoporosis,0.6812993340690565,osteoporosis,Correct
./dataset_new\osteoporosis\osteoporosis_0551.jpg,osteoporosis,0.679478845126722,osteoporosis,Correct
./dataset_new\osteoporosis\osteoporosis_0552.jpg,osteoporosis,0.8526619503792543,osteoporosis,Correct
./dataset_new\osteoporosis\osteoporosis_0553.jpg,osteoporosis,0.9980386494566451,osteoporosis,Correct
./dataset_new\osteoporosis\osteoporosis_0554.jpg,osteoporosis,0.886046450711856,osteoporosis,Correct
./dataset_new\osteoporosis\osteoporosis_0555.jpg,osteoporosis,0.7846877458651011,osteoporosis,Correct
./dataset_new\osteoporosis\osteoporosis_0556.png,osteoporosis,0.9882692616764386,osteoporosis,Correct
./dataset_new\osteoporosis\osteoporosis_0557.jpg,osteoporosis,0.9038516667508585,osteoporosis,Correct
./dataset_new\osteoporosis\osteoporosis_0558.jpg,osteoporosis,0.739194698283764,osteoporosis,Correct
./dataset_new\osteoporosis\osteoporosis_0559.jpg,osteoporosis,0.8758806053274243,osteoporosis,Correct
./dataset_new\osteoporosis\osteoporosis_0560.jpg,osteoporosis,0.7885683393211798,osteoporosis,Correct
./dataset_new\osteoporosis\osteoporosis_0561.jpg,osteoporosis,0.6439180396689073,osteoporosis,Correct
./dataset_new\osteoporosis\osteoporosis_0562.jpg,osteoporosis,0.7178114231493115,osteoporosis,Correct
./dataset_new\osteoporosis\osteoporosis_0563.jpg,osteoporosis,0.7281543355924356,osteoporosis,Correct
./dataset_new\osteoporosis\osteoporosis_0564.jpg,osteoporosis,0.8501936318752887,osteoporosis,Correct
./dataset_new\osteoporosis\osteoporosis_0565.jpg,osteoporosis,0.9918381250132157,osteoporosis,Correct
./dataset_new\osteoporosis\osteoporosis_0566.jpg,osteoporosis,0.9952099194968684,osteoporosis,Correct
./dataset_new\osteoporosis\osteoporosis_0567.jpg,osteoporosis,0.9918381250132157,osteoporosis,Correct
./dataset_new\osteoporosis\osteoporosis_0568.png,osteoporosis,0.7158787398817437,osteoporosis,Correct
./dataset_new\osteoporosis\osteoporosis_0569.jpg,osteoporosis,0.6396009431605789,osteoporosis,Correct
./dataset_new\osteoporosis\osteoporosis_0570.jpg,osteoporosis,0.767981617935056,osteoporosis,Correct
./dataset_new\osteoporosis\osteoporosis_0571.jpg,osteoporosis,0.739312758822984,osteoporosis,Correct
./dataset_new\osteoporosis\osteoporosis_0572.jpg,osteoporosis,0.8823130487307163,osteoporosis,Correct
./dataset_new\osteoporosis\osteoporosis_0573.jpg,osteoporosis,0.8116731433597468,osteoporosis,Correct
./dataset_new\osteoporosis\osteoporosis_0574.jpg,osteoporosis,0.5859790045453255,osteoporosis,Correct
./dataset_new\osteoporosis\osteoporosis_0575.jpg,osteoporosis,0.9911337488341982,osteoporosis,Correct
./dataset_new\osteoporosis\osteoporosis_0576.jpg,osteoporosis,0.8402169646885349,osteoporosis,Correct
./dataset_new\osteoporosis\osteoporosis_0577.jpg,osteoporosis,0.9095391946057301,osteoporosis,Correct
./dataset_new\osteoporosis\osteoporosis_0578.jpg,osteoporosis,0.6992158817146379,osteoporosis,Correct
./dataset_new\osteoporosis\osteoporosis_0579.jpg,osteoporosis,0.780497195595022,osteoporosis,Correct
./dataset_new\osteoporosis\osteoporosis_0580.jpg,osteoporosis,0.9749934858943786,osteoporosis,Correct
./dataset_new\osteoporosis\osteoporosis_0581.jpg,osteoporosis,0.7699795208228513,osteoporosis,Correct
./dataset_new\osteoporosis\osteoporosis_0582.jpg,osteoporosis,0.9691554610593872,osteoporosis,Correct
./dataset_new\osteoporosis\osteoporosis_0583.jpg,osteoporosis,0.487279973233254,osteoporosis,Correct
./dataset_new\osteoporosis\osteoporosis_0584.jpg,osteoporosis,0.42145024220403615,normal,Wrong
./dataset_new\osteoporosis\osteoporosis_0585.jpg,osteoporosis,0.886046450711856,osteoporosis,Correct
./dataset_new\osteoporosis\osteoporosis_0586.jpg,osteoporosis,0.8501936318752887,osteoporosis,Correct
./dataset_new\osteoporosis\osteoporosis_0587.jpg,osteoporosis,0.7846877458651011,osteoporosis,Correct
./dataset_new\osteoporosis\osteoporosis_0588.jpg,osteoporosis,0.8508878418358663,osteoporosis,Correct
./dataset_new\osteoporosis\osteoporosis_0589.jpg,osteoporosis,0.8865321407847627,osteoporosis,Correct
./dataset_new\osteoporosis\osteoporosis_0590.png,osteoporosis,0.9747743312310126,osteoporosis,Correct
./dataset_new\osteoporosis\osteoporosis_0591.jpg,osteoporosis,0.6019696478968461,osteoporosis,Correct
./dataset_new\osteoporosis\osteoporosis_0592.jpg,osteoporosis,0.9794062598240473,osteoporosis,Correct
./dataset_new\osteoporosis\osteoporosis_0593.jpg,osteoporosis,0.364650900138079,normal,Wrong
./dataset_new\osteoporosis\osteoporosis_0594.jpg,osteoporosis,0.5245730412340248,osteoporosis,Correct
./dataset_new\osteoporosis\osteoporosis_0595.jpg,osteoporosis,0.7556944278031281,osteoporosis,Correct
./dataset_new\osteoporosis\osteoporosis_0596.jpg,osteoporosis,0.7995221181203068,osteoporosis,Correct
./dataset_new\osteoporosis\osteoporosis_0597.jpg,osteoporosis,0.513958092430073,osteoporosis,Correct
./dataset_new\osteoporosis\osteoporosis_0598.jpg,osteoporosis,0.768582414911755,osteoporosis,Correct
./dataset_new\osteoporosis\osteoporosis_0599.jpg,osteoporosis,0.7287063184992852,osteoporosis,Correct
./dataset_new\osteoporosis\osteoporosis_0600.jpg,osteoporosis,0.6943472336901264,osteoporosis,Correct
./dataset_new\osteoporosis\osteoporosis_0601.jpg,osteoporosis,0.5918683414715626,osteoporosis,Correct
./dataset_new\osteoporosis\osteoporosis_0602.jpg,osteoporosis,0.7449221615640306,osteoporosis,Correct
./dataset_new\osteoporosis\osteoporosis_0603.jpg,osteoporosis,0.9606285123921849,osteoporosis,Correct
./dataset_new\osteoporosis\osteoporosis_0604.jpg,osteoporosis,0.9989131197333596,osteoporosis,Correct
./dataset_new\osteoporosis\osteoporosis_0605.jpg,osteoporosis,0.9888520663073358,osteoporosis,Correct
./dataset_new\osteoporosis\osteoporosis_0606.jpg,osteoporosis,0.8337605259890127,osteoporosis,Correct
./dataset_new\osteoporosis\osteoporosis_0607.jpg,osteoporosis,0.75704923384694,osteoporosis,Correct
./dataset_new\osteoporosis\osteoporosis_0608.jpg,osteoporosis,0.7098629475099538,osteoporosis,Correct
./dataset_new\osteoporosis\osteoporosis_0609.jpg,osteoporosis,0.9148288449982516,osteoporosis,Correct
./dataset_new\osteoporosis\osteoporosis_0610.jpg,osteoporosis,0.9201944406525178,osteoporosis,Correct
./dataset_new\osteoporosis\osteoporosis_0611.jpg,osteoporosis,0.7907082136888673,osteoporosis,Correct
./dataset_new\osteoporosis\osteoporosis_0612.png,osteoporosis,0.9948831697320712,osteoporosis,Correct
./dataset_new\osteoporosis\osteoporosis_0613.jpg,osteoporosis,0.8301263614113462,osteoporosis,Correct
./dataset_new\osteoporosis\osteoporosis_0614.jpg,osteoporosis,0.7980002400493041,osteoporosis,Correct
./dataset_new\osteoporosis\osteoporosis_0615.jpg,osteoporosis,0.887536610863275,osteoporosis,Correct
./dataset_new\osteoporosis\osteoporosis_0616.jpg,osteoporosis,0.9936747705886078,osteoporosis,Correct
./dataset_new\osteoporosis\osteoporosis_0617.jpg,osteoporosis,0.9735474292626527,osteoporosis,Correct
./dataset_new\osteoporosis\osteoporosis_0618.jpg,osteoporosis,0.9467066362381884,osteoporosis,Correct
./dataset_new\osteoporosis\osteoporosis_0619.jpg,osteoporosis,0.9940596736647247,osteoporosis,Correct
./dataset_new\osteoporosis\osteoporosis_0620.jpg,osteoporosis,0.7009168332216897,osteoporosis,Correct
./dataset_new\osteoporosis\osteoporosis_0621.jpg,osteoporosis,0.878485199143475,osteoporosis,Correct
./dataset_new\osteoporosis\osteoporosis_0622.jpg,osteoporosis,0.916057987868089,osteoporosis,Correct
./dataset_new\osteoporosis\osteoporosis_0623.jpg,osteoporosis,0.553824240809884,osteoporosis,Correct
./dataset_new\osteoporosis\osteoporosis_0624.jpg,osteoporosis,0.9746226970439541,osteoporosis,Correct
./dataset_new\osteoporosis\osteoporosis_0625.jpg,osteoporosis,0.5864176352672555,osteoporosis,Correct
./dataset_new\osteoporosis\osteoporosis_0626.jpg,osteoporosis,0.985556635123367,osteoporosis,Correct
./dataset_new\osteoporosis\osteoporosis_0627.jpg,osteoporosis,0.9334107034265768,osteoporosis,Correct
./dataset_new\osteoporosis\osteoporosis_0628.jpg,osteoporosis,0.902977659745466,osteoporosis,Correct
./dataset_new\osteoporosis\osteoporosis_0629.jpg,osteoporosis,0.6308055858158933,osteoporosis,Correct
./dataset_new\osteoporosis\osteoporosis_0630.jpg,osteoporosis,0.9174444032295801,osteoporosis,Correct
./dataset_new\osteoporosis\osteoporosis_0631.jpg,osteoporosis,0.7083196461880781,osteoporosis,Correct
./dataset_new\osteoporosis\osteoporosis_0632.jpg,osteoporosis,0.8883652941445241,osteoporosis,Correct
./dataset_new\osteoporosis\osteoporosis_0633.jpg,osteoporosis,0.9800178587414738,osteoporosis,Correct
./dataset_new\osteoporosis\osteoporosis_0634.jpg,osteoporosis,0.8852055434170946,osteoporosis,Correct
./dataset_new\osteoporosis\osteoporosis_0635.jpg,osteoporosis,0.7943136226320867,osteoporosis,Correct
./dataset_new\osteoporosis\osteoporosis_0636.jpg,osteoporosis,0.993258260043844,osteoporosis,Correct
./dataset_new\osteoporosis\osteoporosis_0637.jpg,osteoporosis,0.9935022251549619,osteoporosis,Correct
./dataset_new\osteoporosis\osteoporosis_0638.jpg,osteoporosis,0.9686719134296133,osteoporosis,Correct
./dataset_new\osteoporosis\osteoporosis_0639.jpg,osteoporosis,0.9950930766758297,osteoporosis,Correct
./dataset_new\osteoporosis\osteoporosis_0640.jpg,osteoporosis,0.5994973833422589,osteoporosis,Correct
./dataset_new\osteoporosis\osteoporosis_0641.jpg,osteoporosis,0.8629072973617322,osteoporosis,Correct
./dataset_new\osteoporosis\osteoporosis_0642.jpg,osteoporosis,0.973696612918143,osteoporosis,Correct
./dataset_new\osteoporosis\osteoporosis_0643.jpg,osteoporosis,0.5746609950781407,osteoporosis,Correct
./dataset_new\osteoporosis\osteoporosis_0644.jpg,osteoporosis,0.7452862770802228,osteoporosis,Correct
./dataset_new\osteoporosis\osteoporosis_0645.jpg,osteoporosis,0.8317478073820184,osteoporosis,Correct
./dataset_new\osteoporosis\osteoporosis_0646.jpg,osteoporosis,0.6807601532019394,osteoporosis,Correct
./dataset_new\osteoporosis\osteoporosis_0647.jpg,osteoporosis,0.9239264813908927,osteoporosis,Correct
./dataset_new\osteoporosis\osteoporosis_0648.jpg,osteoporosis,0.712785001021048,osteoporosis,Correct
./dataset_new\osteoporosis\osteoporosis_0649.jpg,osteoporosis,0.9084705577458354,osteoporosis,Correct
./dataset_new\osteoporosis\osteoporosis_0650.jpg,osteoporosis,0.9006658199029567,osteoporosis,Correct
./dataset_new\osteoporosis\osteoporosis_0651.jpg,osteoporosis,0.8840911100763045,osteoporosis,Correct
./dataset_new\osteoporosis\osteoporosis_0652.jpg,osteoporosis,0.9967816916500241,osteoporosis,Correct
./dataset_new\osteoporosis\osteoporosis_0653.jpg,osteoporosis,0.7348541339338771,osteoporosis,Correct
./dataset_new\osteoporosis\osteoporosis_0654.jpg,osteoporosis,0.8935749854445969,osteoporosis,Correct
./dataset_new\osteoporosis\osteoporosis_0655.jpg,osteoporosis,0.9606285123921849,osteoporosis,Correct
./dataset_new\osteoporosis\osteoporosis_0656.jpg,osteoporosis,0.7738511975256115,osteoporosis,Correct
./dataset_new\osteoporosis\osteoporosis_0657.jpg,osteoporosis,0.5818450404013285,osteoporosis,Correct
./dataset_new\osteoporosis\osteoporosis_0658.jpg,osteoporosis,0.7588608275244246,osteoporosis,Correct
./dataset_new\osteoporosis\osteoporosis_0659.jpg,osteoporosis,0.7530862643941563,osteoporosis,Correct
./dataset_new\osteoporosis\osteoporosis_0660.jpg,osteoporosis,0.8747275955057721,osteoporosis,Correct
./dataset_new\osteoporosis\osteoporosis_0661.jpg,osteoporosis,0.7346429897996448,osteoporosis,Correct
./dataset_new\osteoporosis\osteoporosis_0662.jpg,osteoporosis,0.9091718291075511,osteoporosis,Correct
./dataset_new\osteoporosis\osteoporosis_0663.jpg,osteoporosis,0.7169919730565761,osteoporosis,Correct
./dataset_new\osteoporosis\osteoporosis_0664.jpg,osteoporosis,0.9914582334407247,osteoporosis,Correct
./dataset_new\osteoporosis\osteoporosis_0665.jpg,osteoporosis,0.8679293646330144,osteoporosis,Correct
./dataset_new\osteoporosis\osteoporosis_0666.jpg,osteoporosis,0.33319545954662777,normal,Wrong
./dataset_new\osteoporosis\osteoporosis_0667.jpeg,osteoporosis,0.9629860301999482,osteoporosis,Correct
./dataset_new\osteoporosis\osteoporosis_0668.jpg,osteoporosis,0.8527516890021761,osteoporosis,Correct
./dataset_new\osteoporosis\osteoporosis_0669.jpg,osteoporosis,0.8310957498780405,osteoporosis,Correct
./dataset_new\osteoporosis\osteoporosis_0670.jpg,osteoporosis,0.912640878780095,osteoporosis,Correct
./dataset_new\osteoporosis\osteoporosis_0671.jpg,osteoporosis,0.7061779611165886,osteoporosis,Correct
./dataset_new\osteoporosis\osteoporosis_0672.jpg,osteoporosis,0.8774585777028789,osteoporosis,Correct
./dataset_new\osteoporosis\osteoporosis_0673.jpg,osteoporosis,0.635072602137516,osteoporosis,Correct
./dataset_new\osteoporosis\osteoporosis_0674.jpg,osteoporosis,0.9604224872143672,osteoporosis,Correct
./dataset_new\osteoporosis\osteoporosis_0675.jpg,osteoporosis,0.8923242841982963,osteoporosis,Correct
./dataset_new\osteoporosis\osteoporosis_0676.jpg,osteoporosis,0.5659468841491726,osteoporosis,Correct
./dataset_new\osteoporosis\osteoporosis_0677.jpg,osteoporosis,0.9836041255961425,osteoporosis,Correct
./dataset_new\osteoporosis\osteoporosis_0678.jpg,osteoporosis,0.6217198694224679,osteoporosis,Correct
./dataset_new\osteoporosis\osteoporosis_0679.jpeg,osteoporosis,0.9914554833973055,osteoporosis,Correct
./dataset_new\osteoporosis\osteoporosis_0680.jpg,osteoporosis,0.9976718235833202,osteoporosis,Correct
./dataset_new\osteoporosis\osteoporosis_0681.jpg,osteoporosis,0.45203571447696056,osteoporosis,Correct
./dataset_new\osteoporosis\osteoporosis_0682.jpg,osteoporosis,0.9953996442663291,osteoporosis,Correct
./dataset_new\osteoporosis\osteoporosis_0683.jpg,osteoporosis,0.9980386494566451,osteoporosis,Correct
./dataset_new\osteoporosis\osteoporosis_0684.jpg,osteoporosis,0.9393739481901778,osteoporosis,Correct
./dataset_new\osteoporosis\osteoporosis_0685.jpg,osteoporosis,0.992168997774733,osteoporosis,Correct
./dataset_new\osteoporosis\osteoporosis_0686.jpg,osteoporosis,0.9853355302012888,osteoporosis,Correct
./dataset_new\osteoporosis\osteoporosis_0687.jpg,osteoporosis,0.45434844269057095,osteoporosis,Correct
./dataset_new\osteoporosis\osteoporosis_0688.jpg,osteoporosis,0.5669578107341823,osteoporosis,Correct
./dataset_new\osteoporosis\osteoporosis_0689.jpg,osteoporosis,0.800811487588709,osteoporosis,Correct
./dataset_new\osteoporosis\osteoporosis_0690.jpg,osteoporosis,0.8878200999744883,osteoporosis,Correct
./dataset_new\osteoporosis\osteoporosis_0691.jpg,osteoporosis,0.9941492398471271,osteoporosis,Correct
./dataset_new\osteoporosis\osteoporosis_0692.jpg,osteoporosis,0.8074237396533338,osteoporosis,Correct
./dataset_new\osteoporosis\osteoporosis_0693.jpg,osteoporosis,0.979747649190353,osteoporosis,Correct
./dataset_new\osteoporosis\osteoporosis_0694.jpg,osteoporosis,0.825511355117779,osteoporosis,Correct
./dataset_new\osteoporosis\osteoporosis_0695.jpg,osteoporosis,0.9911159007128959,osteoporosis,Correct
./dataset_new\osteoporosis\osteoporosis_0696.jpg,osteoporosis,0.9888643941800379,osteoporosis,Correct
./dataset_new\osteoporosis\osteoporosis_0697.jpg,osteoporosis,0.9961618977807988,osteoporosis,Correct
./dataset_new\osteoporosis\osteoporosis_0698.jpg,osteoporosis,0.9490080556046824,osteoporosis,Correct
./dataset_new\osteoporosis\osteoporosis_0699.jpg,osteoporosis,0.8505003995791088,osteoporosis,Correct
./dataset_new\osteoporosis\osteoporosis_0700.jpg,osteoporosis,0.9962723578581378,osteoporosis,Correct
./dataset_new\osteoporosis\osteoporosis_0701.jpg,osteoporosis,0.6039286865338037,osteoporosis,Correct
./dataset_new\osteoporosis\osteoporosis_0702.jpg,osteoporosis,0.9195349889947597,osteoporosis,Correct
./dataset_new\osteoporosis\osteoporosis_0703.jpg,osteoporosis,0.9672350287698601,osteoporosis,Correct
./dataset_new\osteoporosis\osteoporosis_0704.jpg,osteoporosis,0.9169025203938768,osteoporosis,Correct
./dataset_new\osteoporosis\osteoporosis_0705.jpg,osteoporosis,0.8474544373851787,osteoporosis,Correct
./dataset_new\osteoporosis\osteoporosis_0706.jpg,osteoporosis,0.945253708885448,osteoporosis,Correct
./dataset_new\osteoporosis\osteoporosis_0707.jpg,osteoporosis,0.8907805818140581,osteoporosis,Correct
./dataset_new\osteoporosis\osteoporosis_0708.jpg,osteoporosis,0.9929507813401943,osteoporosis,Correct
./dataset_new\osteoporosis\osteoporosis_0709.jpg,osteoporosis,0.9092644366029288,osteoporosis,Correct
./dataset_new\osteoporosis\osteoporosis_0710.jpg,osteoporosis,0.8578122783384565,osteoporosis,Correct
./dataset_new\osteoporosis\osteoporosis_0711.jpg,osteoporosis,0.99107526255086,osteoporosis,Correct
./dataset_new\osteoporosis\osteoporosis_0712.png,osteoporosis,0.41741450010987435,normal,Wrong
./dataset_new\osteoporosis\osteoporosis_0713.jpg,osteoporosis,0.9791055288651114,osteoporosis,Correct
./dataset_new\osteoporosis\osteoporosis_0714.jpg,osteoporosis,0.923338360876445,osteoporosis,Correct
./dataset_new\osteoporosis\osteoporosis_0715.jpg,osteoporosis,0.9558964513492569,osteoporosis,Correct
./dataset_new\osteoporosis\osteoporosis_0716.jpg,osteoporosis,0.732306302934851,osteoporosis,Correct
./dataset_new\osteoporosis\osteoporosis_0717.jpg,osteoporosis,0.9805887837489116,osteoporosis,Correct
./dataset_new\osteoporosis\osteoporosis_0718.jpg,osteoporosis,0.9949925533384735,osteoporosis,Correct
./dataset_new\osteoporosis\osteoporosis_0719.jpg,osteoporosis,0.9149006703763358,osteoporosis,Correct
./dataset_new\osteoporosis\osteoporosis_0720.jpg,osteoporosis,0.979575726076124,osteoporosis,Correct
./dataset_new\osteoporosis\osteoporosis_0721.jpg,osteoporosis,0.9817558380553639,osteoporosis,Correct
./dataset_new\osteoporosis\osteoporosis_0722.jpg,osteoporosis,0.9939010074207713,osteoporosis,Correct
./dataset_new\osteoporosis\osteoporosis_0723.png,osteoporosis,0.5262529499520512,osteoporosis,Correct
./dataset_new\osteoporosis\osteoporosis_0724.jpg,osteoporosis,0.3920395802897455,normal,Wrong
./dataset_new\osteoporosis\osteoporosis_0725.jpg,osteoporosis,0.9509678524492423,osteoporosis,Correct
./dataset_new\osteoporosis\osteoporosis_0726.jpg,osteoporosis,0.9912272003552476,osteoporosis,Correct
./dataset_new\osteoporosis\osteoporosis_0727.jpg,osteoporosis,0.9640355886532092,osteoporosis,Correct
./dataset_new\osteoporosis\osteoporosis_0728.jpg,osteoporosis,0.9808380686505739,osteoporosis,Correct
./dataset_new\osteoporosis\osteoporosis_0729.jpg,osteoporosis,0.9321607709179596,osteoporosis,Correct
./dataset_new\osteoporosis\osteoporosis_0730.jpg,osteoporosis,0.9939927409194438,osteoporosis,Correct
./dataset_new\osteoporosis\osteoporosis_0731.jpg,osteoporosis,0.9289395816715963,osteoporosis,Correct
./dataset_new\osteoporosis\osteoporosis_0732.jpg,osteoporosis,0.9898816720856487,osteoporosis,Correct
./dataset_new\osteoporosis\osteoporosis_0733.jpg,osteoporosis,0.9984892788943234,osteoporosis,Correct
./dataset_new\osteoporosis\osteoporosis_0734.jpg,osteoporosis,0.720519776495314,osteoporosis,Correct
./dataset_new\osteoporosis\osteoporosis_0735.jpg,osteoporosis,0.7020698026592287,osteoporosis,Correct
./dataset_new\osteoporosis\osteoporosis_0736.jpg,osteoporosis,0.9843625083448451,osteoporosis,Correct
./dataset_new\osteoporosis\osteoporosis_0737.jpg,osteoporosis,0.9972523929782078,osteoporosis,Correct
./dataset_new\osteoporosis\osteoporosis_0738.jpg,osteoporosis,0.7941159241365425,osteoporosis,Correct
./dataset_new\osteoporosis\osteoporosis_0739.jpg,osteoporosis,0.9110484351068335,osteoporosis,Correct
./dataset_new\osteoporosis\osteoporosis_0740.jpg,osteoporosis,0.8885035759906637,osteoporosis,Correct
./dataset_new\osteoporosis\osteoporosis_0741.jpg,osteoporosis,0.9817297414961381,osteoporosis,Correct
./dataset_new\osteoporosis\osteoporosis_0742.jpg,osteoporosis,0.9943098286456514,osteoporosis,Correct
./dataset_new\osteoporosis\osteoporosis_0743.jpg,osteoporosis,0.918090030374672,osteoporosis,Correct
./dataset_new\osteoporosis\osteoporosis_0744.jpg,osteoporosis,0.9864915570373369,osteoporosis,Correct
./dataset_new\osteoporosis\osteoporosis_0745.png,osteoporosis,0.8003085324454908,osteoporosis,Correct
./dataset_new\osteoporosis\osteoporosis_0746.jpg,osteoporosis,0.996613707203869,osteoporosis,Correct
./dataset_new\osteoporosis\osteoporosis_0747.jpg,osteoporosis,0.9704582799481136,osteoporosis,Correct
./dataset_new\osteoporosis\osteoporosis_0748.jpg,osteoporosis,0.9510841144966289,osteoporosis,Correct
./dataset_new\osteoporosis\osteoporosis_0749.jpg,osteoporosis,0.3403007063583689,normal,Wrong
./dataset_new\osteoporosis\osteoporosis_0750.jpg,osteoporosis,0.5977550372313767,osteoporosis,Correct
./dataset_new\osteoporosis\osteoporosis_0751.jpg,osteoporosis,0.7285914311602132,osteoporosis,Correct
./dataset_new\osteoporosis\osteoporosis_0752.jpg,osteoporosis,0.8178516097910943,osteoporosis,Correct
./dataset_new\osteoporosis\osteoporosis_0753.jpg,osteoporosis,0.8192802749706463,osteoporosis,Correct
./dataset_new\osteoporosis\osteoporosis_0754.jpg,osteoporosis,0.8925259781491357,osteoporosis,Correct
./dataset_new\osteoporosis\osteoporosis_0755.jpg,osteoporosis,0.3871118190900416,normal,Wrong
./dataset_new\osteoporosis\osteoporosis_0756.jpg,osteoporosis,0.6808533783993773,osteoporosis,Correct
./dataset_new\osteoporosis\osteoporosis_0757.jpg,osteoporosis,0.6812993340690565,osteoporosis,Correct
./dataset_new\osteoporosis\osteoporosis_0758.jpg,osteoporosis,0.5887327356552612,osteoporosis,Correct
./dataset_new\osteoporosis\osteoporosis_0759.jpg,osteoporosis,0.946082359824306,osteoporosis,Correct
./dataset_new\osteoporosis\osteoporosis_0760.jpg,osteoporosis,0.988350176572202,osteoporosis,Correct
./dataset_new\osteoporosis\osteoporosis_0761.jpg,osteoporosis,0.6812993340690565,osteoporosis,Correct
./dataset_new\osteoporosis\osteoporosis_0762.jpg,osteoporosis,0.679478845126722,osteoporosis,Correct
./dataset_new\osteoporosis\osteoporosis_0763.jpg,osteoporosis,0.8526619503792543,osteoporosis,Correct
./dataset_new\osteoporosis\osteoporosis_0764.jpg,osteoporosis,0.7846877458651011,osteoporosis,Correct
./dataset_new\osteoporosis\osteoporosis_0765.jpg,osteoporosis,0.739194698283764,osteoporosis,Correct
./dataset_new\osteoporosis\osteoporosis_0766.jpg,osteoporosis,0.8758806053274243,osteoporosis,Correct
./dataset_new\osteoporosis\osteoporosis_0767.jpg,osteoporosis,0.7773561091955138,osteoporosis,Correct
./dataset_new\osteoporosis\osteoporosis_0768.jpg,osteoporosis,0.7885683393211798,osteoporosis,Correct
./dataset_new\osteoporosis\osteoporosis_0769.jpg,osteoporosis,0.6439180396689073,osteoporosis,Correct
./dataset_new\osteoporosis\osteoporosis_0770.jpg,osteoporosis,0.7178114231493115,osteoporosis,Correct
./dataset_new\osteoporosis\osteoporosis_0771.jpg,osteoporosis,0.7281543355924356,osteoporosis,Correct
./dataset_new\osteoporosis\osteoporosis_0772.png,osteoporosis,0.982827759924389,osteoporosis,Correct
./dataset_new\osteoporosis\osteoporosis_0773.png,osteoporosis,0.6859078758854402,osteoporosis,Correct
./dataset_new\osteoporosis\osteoporosis_0774.jpg,osteoporosis,0.6715249228135249,osteoporosis,Correct
./dataset_new\osteoporosis\osteoporosis_0775.jpg,osteoporosis,0.768636901791018,osteoporosis,Correct
./dataset_new\osteoporosis\osteoporosis_0776.jpg,osteoporosis,0.9625019103417665,osteoporosis,Correct
./dataset_new\osteoporosis\osteoporosis_0777.jpg,osteoporosis,0.9890224451873071,osteoporosis,Correct
./dataset_new\osteoporosis\osteoporosis_0778.png,osteoporosis,0.9593224735238448,osteoporosis,Correct
./dataset_new\osteoporosis\osteoporosis_0779.jpg,osteoporosis,0.8376838637695354,osteoporosis,Correct
./dataset_new\osteoporosis\osteoporosis_0780.jpg,osteoporosis,0.7645251624167215,osteoporosis,Correct
./dataset_new\osteoporosis\osteoporosis_0781.jpg,osteoporosis,0.7007919680377124,osteoporosis,Correct
./dataset_new\osteoporosis\osteoporosis_0782.jpg,osteoporosis,0.9180962516153464,osteoporosis,Correct
./dataset_new\osteoporosis\osteoporosis_0783.jpeg,osteoporosis,0.9511228175891766,osteoporosis,Correct
./dataset_new\osteoporosis\osteoporosis_0784.jpg,osteoporosis,0.917422045548949,osteoporosis,Correct
./dataset_new\osteoporosis\osteoporosis_0785.jpg,osteoporosis,0.7980639722872636,osteoporosis,Correct
./dataset_new\osteoporosis\osteoporosis_0786.jpg,osteoporosis,0.8292601650829292,osteoporosis,Correct
./dataset_new\osteoporosis\osteoporosis_0787.jpg,osteoporosis,0.8035754006704194,osteoporosis,Correct
./dataset_new\osteoporosis\osteoporosis_0788.jpg,osteoporosis,0.8977577478215361,osteoporosis,Correct
./dataset_new\osteoporosis\osteoporosis_0789.png,osteoporosis,0.9763701093149442,osteoporosis,Correct
./dataset_new\osteoporosis\osteoporosis_0790.png,osteoporosis,0.9424121601401851,osteoporosis,Correct
./dataset_new\osteoporosis\osteoporosis_0791.png,osteoporosis,0.9942751810444845,osteoporosis,Correct
./dataset_new\osteoporosis\osteoporosis_0792.png,osteoporosis,0.6963058722028179,osteoporosis,Correct
./dataset_new\osteoporosis\osteoporosis_0793.png,osteoporosis,0.8743109778425079,osteoporosis,Correct
./dataset_new\osteoporosis\osteoporosis_0794.jpeg,osteoporosis,0.9939320685683521,osteoporosis,Correct
./dataset_new\osteoporosis\osteoporosis_0795.jpeg,osteoporosis,0.989037254784852,osteoporosis,Correct
./dataset_new\osteoporosis\osteoporosis_0796.jpeg,osteoporosis,0.9837526744904237,osteoporosis,Correct
./dataset_new\osteoporosis\osteoporosis_0797.png,osteoporosis,0.9933785999276934,osteoporosis,Correct
./dataset_new\osteoporosis\osteoporosis_0798.jpeg,osteoporosis,0.9526549610159869,osteoporosis,Correct
./dataset_new\osteoporosis\osteoporosis_0799.png,osteoporosis,0.9882692616764386,osteoporosis,Correct
./dataset_new\osteoporosis\osteoporosis_0800.jpeg,osteoporosis,0.9629860301999482,osteoporosis,Correct
./dataset_new\osteoporosis\osteoporosis_0801.png,osteoporosis,0.982827759924389,osteoporosis,Correct
./dataset_new\osteoporosis\osteoporosis_0802.jpeg,osteoporosis,0.9511228175891766,osteoporosis,Correct
./dataset_new\osteoporosis\osteoporosis_0803.png,osteoporosis,0.9937491121963532,osteoporosis,Correct
./dataset_new\osteoporosis\osteoporosis_0804.jpeg,osteoporosis,0.9193918622981478,osteoporosis,Correct
./dataset_new\osteoporosis\osteoporosis_0805.jpg,osteoporosis,0.989741075543894,osteoporosis,Correct
./dataset_new\osteoporosis\osteoporosis_0806.png,osteoporosis,0.9986853635714152,osteoporosis,Correct
./dataset_new\osteoporosis\osteoporosis_0807.jpg,osteoporosis,0.8727260461178588,osteoporosis,Correct
./dataset_new\osteoporosis\osteoporosis_0808.png,osteoporosis,0.9972554199899126,osteoporosis,Correct
./dataset_new\osteoporosis\osteoporosis_0809.jpg,osteoporosis,0.8217136394564513,osteoporosis,Correct
./dataset_new\osteoporosis\osteoporosis_0810.png,osteoporosis,0.99138492816843,osteoporosis,Correct
./dataset_new\osteoporosis\osteoporosis_0811.png,osteoporosis,0.9108224630936661,osteoporosis,Correct
./dataset_new\osteoporosis\osteoporosis_0812.jpeg,osteoporosis,0.871065655688055,osteoporosis,Correct
./dataset_new\osteoporosis\osteoporosis_0813.jpg,osteoporosis,0.9829964171570449,osteoporosis,Correct
./dataset_new\osteoporosis\osteoporosis_0814.jpeg,osteoporosis,0.9955560572819246,osteoporosis,Correct
./dataset_new\osteoporosis\osteoporosis_0815.png,osteoporosis,0.926098880441139,osteoporosis,Correct
./dataset_new\osteoporosis\osteoporosis_0816.jpeg,osteoporosis,0.9859281787235996,osteoporosis,Correct
./dataset_new\osteoporosis\osteoporosis_0817.png,osteoporosis,0.9970234213440814,osteoporosis,Correct
./dataset_new\osteoporosis\osteoporosis_0818.jpeg,osteoporosis,0.9728488370021153,osteoporosis,Correct
./dataset_new\osteoporosis\osteoporosis_0819.jpeg,osteoporosis,0.9720615316942032,osteoporosis,Correct
./dataset_new\osteoporosis\osteoporosis_0820.jpg,osteoporosis,0.27400863751240734,normal,Wrong
./dataset_new\osteoporosis\osteoporosis_0821.png,osteoporosis,0.4173522585155832,normal,Wrong
./dataset_new\osteoporosis\osteoporosis_0822.jpg,osteoporosis,0.7414926247660505,osteoporosis,Correct
./dataset_new\osteoporosis\osteoporosis_0823.jpg,osteoporosis,0.7981907064895439,osteoporosis,Correct
./dataset_new\osteoporosis\osteoporosis_0824.jpg,osteoporosis,0.8216295502114241,osteoporosis,Correct
./dataset_new\osteoporosis\osteoporosis_0825.png,osteoporosis,0.9711463211721695,osteoporosis,Correct
./dataset_new\osteoporosis\osteoporosis_0826.jpg,osteoporosis,0.8903090881495277,osteoporosis,Correct
./dataset_new\osteoporosis\osteoporosis_0827.png,osteoporosis,0.43187151365048065,normal,Wrong
./dataset_new\osteoporosis\osteoporosis_0828.jpg,osteoporosis,0.6789869230010042,osteoporosis,Correct
./dataset_new\osteoporosis\osteoporosis_0829.jpeg,osteoporosis,0.9988184268327868,osteoporosis,Correct
./dataset_new\osteoporosis\osteoporosis_0830.jpg,osteoporosis,0.5971928207435169,osteoporosis,Correct
./dataset_new\osteoporosis\osteoporosis_0831.jpg,osteoporosis,0.9476243486468268,osteoporosis,Correct
./dataset_new\osteoporosis\osteoporosis_0832.jpg,osteoporosis,0.6789869230010042,osteoporosis,Correct
./dataset_new\osteoporosis\osteoporosis_0833.jpg,osteoporosis,0.6864105880846516,osteoporosis,Correct
./dataset_new\osteoporosis\osteoporosis_0834.jpg,osteoporosis,0.8757491654639535,osteoporosis,Correct
./dataset_new\osteoporosis\osteoporosis_0835.jpg,osteoporosis,0.7738511975256115,osteoporosis,Correct
./dataset_new\osteoporosis\osteoporosis_0836.jpg,osteoporosis,0.7442985314443029,osteoporosis,Correct
./dataset_new\osteoporosis\osteoporosis_0837.jpg,osteoporosis,0.8790327301034917,osteoporosis,Correct
./dataset_new\osteoporosis\osteoporosis_0838.jpg,osteoporosis,0.7845096784905203,osteoporosis,Correct
./dataset_new\osteoporosis\osteoporosis_0839.jpg,osteoporosis,0.594061103734103,osteoporosis,Correct
./dataset_new\osteoporosis\osteoporosis_0840.png,osteoporosis,0.9858120316818275,osteoporosis,Correct
./dataset_new\osteoporosis\osteoporosis_0841.jpg,osteoporosis,0.6919050982633717,osteoporosis,Correct
./dataset_new\osteoporosis\osteoporosis_0842.jpg,osteoporosis,0.7049627906506413,osteoporosis,Correct
./dataset_new\osteoporosis\osteoporosis_0843.jpg,osteoporosis,0.6431406396569865,osteoporosis,Correct
./dataset_new\osteoporosis\osteoporosis_0844.jpg,osteoporosis,0.7608121257058382,osteoporosis,Correct
./dataset_new\osteoporosis\osteoporosis_0845.jpeg,osteoporosis,0.9050187796099921,osteoporosis,Correct
./dataset_new\osteoporosis\osteoporosis_0846.jpg,osteoporosis,0.7194689950379384,osteoporosis,Correct
./dataset_new\osteoporosis\osteoporosis_0847.jpg,osteoporosis,0.8772098011387771,osteoporosis,Correct
./dataset_new\osteoporosis\osteoporosis_0848.jpg,osteoporosis,0.8235030181735072,osteoporosis,Correct
./dataset_new\osteoporosis\osteoporosis_0849.jpg,osteoporosis,0.5746330114302411,osteoporosis,Correct
./dataset_new\osteoporosis\osteoporosis_0850.jpg,osteoporosis,0.9910054316620058,osteoporosis,Correct
./dataset_new\osteoporosis\osteoporosis_0851.png,osteoporosis,0.5942368631946813,osteoporosis,Correct
./dataset_new\osteoporosis\osteoporosis_0852.jpg,osteoporosis,0.8667180933264449,osteoporosis,Correct
./dataset_new\osteoporosis\osteoporosis_0853.jpg,osteoporosis,0.9038516667508585,osteoporosis,Correct
./dataset_new\osteoporosis\osteoporosis_0854.png,osteoporosis,0.7158787398817437,osteoporosis,Correct
./dataset_new\osteoporosis\osteoporosis_0855.jpg,osteoporosis,0.780497195595022,osteoporosis,Correct
./dataset_new\osteoporosis\osteoporosis_0856.png,osteoporosis,0.9747743312310126,osteoporosis,Correct
./dataset_new\osteoporosis\osteoporosis_0857.jpg,osteoporosis,0.5918683414715626,osteoporosis,Correct
./dataset_new\osteoporosis\osteoporosis_0858.png,osteoporosis,0.9948831697320712,osteoporosis,Correct
./dataset_new\osteoporosis\osteoporosis_0859.jpg,osteoporosis,0.553824240809884,osteoporosis,Correct
./dataset_new\osteoporosis\osteoporosis_0860.jpg,osteoporosis,0.8852055434170946,osteoporosis,Correct
./dataset_new\osteoporosis\osteoporosis_0861.jpg,osteoporosis,0.8317478073820184,osteoporosis,Correct
./dataset_new\osteoporosis\osteoporosis_0862.jpg,osteoporosis,0.7738511975256115,osteoporosis,Correct
./dataset_new\osteoporosis\osteoporosis_0863.jpg,osteoporosis,0.8527516890021761,osteoporosis,Correct
./dataset_new\osteoporosis\osteoporosis_0864.jpeg,osteoporosis,0.9914554833973055,osteoporosis,Correct
./dataset_new\osteoporosis\osteoporosis_0865.jpg,osteoporosis,0.8878200999744883,osteoporosis,Correct
./dataset_new\osteoporosis\osteoporosis_0866.jpg,osteoporosis,0.6039286865338037,osteoporosis,Correct
./dataset_new\osteoporosis\osteoporosis_0867.png,osteoporosis,0.41741450010987435,normal,Wrong
./dataset_new\osteoporosis\osteoporosis_0868.png,osteoporosis,0.5262529499520512,osteoporosis,Correct
./dataset_new\osteoporosis\osteoporosis_0869.jpg,osteoporosis,0.720519776495314,osteoporosis,Correct
./dataset_new\osteoporosis\osteoporosis_0870.png,osteoporosis,0.8003085324454908,osteoporosis,Correct
./dataset_new\osteoporosis\osteoporosis_0871.jpg,osteoporosis,0.6808533783993773,osteoporosis,Correct
./dataset_new\osteoporosis\osteoporosis_0872.jpg,osteoporosis,0.7773561091955138,osteoporosis,Correct
./dataset_new\osteoporosis\osteoporosis_0873.png,osteoporosis,0.6859078758854402,osteoporosis,Correct
./dataset_new\osteoporosis\osteoporosis_0874.jpg,osteoporosis,0.6715249228135249,osteoporosis,Correct
./dataset_new\osteoporosis\osteoporosis_0875.jpg,osteoporosis,0.768636901791018,osteoporosis,Correct
./dataset_new\osteoporosis\osteoporosis_0876.jpg,osteoporosis,0.9625019103417665,osteoporosis,Correct
./dataset_new\osteoporosis\osteoporosis_0877.jpg,osteoporosis,0.9890224451873071,osteoporosis,Correct
./dataset_new\osteoporosis\osteoporosis_0878.png,osteoporosis,0.9593224735238448,osteoporosis,Correct
./dataset_new\osteoporosis\osteoporosis_0879.jpg,osteoporosis,0.8376838637695354,osteoporosis,Correct
./dataset_new\osteoporosis\osteoporosis_0880.jpg,osteoporosis,0.7645251624167215,osteoporosis,Correct
./dataset_new\osteoporosis\osteoporosis_0881.jpg,osteoporosis,0.7007919680377124,osteoporosis,Correct
./dataset_new\osteoporosis\osteoporosis_0882.jpg,osteoporosis,0.9180962516153464,osteoporosis,Correct
./dataset_new\osteoporosis\osteoporosis_0883.jpg,osteoporosis,0.917422045548949,osteoporosis,Correct
./dataset_new\osteoporosis\osteoporosis_0884.jpg,osteoporosis,0.7980639722872636,osteoporosis,Correct
./dataset_new\osteoporosis\osteoporosis_0885.jpg,osteoporosis,0.8292601650829292,osteoporosis,Correct
./dataset_new\osteoporosis\osteoporosis_0886.jpg,osteoporosis,0.8035754006704194,osteoporosis,Correct
./dataset_new\osteoporosis\osteoporosis_0887.jpg,osteoporosis,0.8977577478215361,osteoporosis,Correct
./dataset_new\osteoporosis\osteoporosis_0888.png,osteoporosis,0.9763701093149442,osteoporosis,Correct
./dataset_new\osteoporosis\osteoporosis_0889.png,osteoporosis,0.9424121601401851,osteoporosis,Correct
./dataset_new\osteoporosis\osteoporosis_0890.png,osteoporosis,0.9942751810444845,osteoporosis,Correct
./dataset_new\osteoporosis\osteoporosis_0891.png,osteoporosis,0.6963058722028179,osteoporosis,Correct
./dataset_new\osteoporosis\osteoporosis_0892.png,osteoporosis,0.8743109778425079,osteoporosis,Correct
./dataset_new\osteoporosis\osteoporosis_0893.png,osteoporosis,0.9092391307399478,osteoporosis,Correct
./dataset_new\osteoporosis\osteoporosis_0894.png,osteoporosis,0.9686464686489594,osteoporosis,Correct
./dataset_new\osteoporosis\osteoporosis_0895.png,osteoporosis,0.5654124673005774,osteoporosis,Correct
./dataset_new\osteoporosis\osteoporosis_0896.jpeg,osteoporosis,0.6236914225172198,osteoporosis,Correct
./dataset_new\osteoporosis\osteoporosis_0897.png,osteoporosis,0.9877639466146692,osteoporosis,Correct
./dataset_new\osteoporosis\osteoporosis_0898.png,osteoporosis,0.9329077406678538,osteoporosis,Correct
./dataset_new\osteoporosis\osteoporosis_0899.png,osteoporosis,0.607314937816815,osteoporosis,Correct
./dataset_new\osteoporosis\osteoporosis_0900.png,osteoporosis,0.9235333939557371,osteoporosis,Correct
./dataset_new\osteoporosis\osteoporosis_0901.png,osteoporosis,0.6703462139170806,osteoporosis,Correct
./dataset_new\osteoporosis\osteoporosis_0902.png,osteoporosis,0.9793075869290119,osteoporosis,Correct
./dataset_new\osteoporosis\osteoporosis_0903.png,osteoporosis,0.871561431018959,osteoporosis,Correct
./dataset_new\osteoporosis\osteoporosis_0904.png,osteoporosis,0.9789016783370128,osteoporosis,Correct
./dataset_new\osteoporosis\osteoporosis_0905.png,osteoporosis,0.7784211857285407,osteoporosis,Correct
./dataset_new\osteoporosis\osteoporosis_0906.png,osteoporosis,0.9930804612698952,osteoporosis,Correct
./dataset_new\osteoporosis\osteoporosis_0907.jpeg,osteoporosis,0.9926176076829001,osteoporosis,Correct
./dataset_new\osteoporosis\osteoporosis_0908.jpeg,osteoporosis,0.9618246937378085,osteoporosis,Correct
./dataset_new\osteoporosis\osteoporosis_0909.jpeg,osteoporosis,0.9948154662851635,osteoporosis,Correct
./dataset_new\osteoporosis\osteoporosis_0910.jpg,osteoporosis,0.85625818896971,osteoporosis,Correct
./dataset_new\osteoporosis\osteoporosis_0911.jpg,osteoporosis,0.9748864675655866,osteoporosis,Correct
./dataset_new\osteoporosis\osteoporosis_0912.jpg,osteoporosis,0.5591058541234697,osteoporosis,Correct
./dataset_new\osteoporosis\osteoporosis_0913.jpeg,osteoporosis,0.6465586511039569,osteoporosis,Correct
./dataset_new\osteoporosis\osteoporosis_0914.jpg,osteoporosis,0.7121493367531038,osteoporosis,Correct
./dataset_new\osteoporosis\osteoporosis_0915.jpg,osteoporosis,0.6844939227748277,osteoporosis,Correct
./dataset_new\osteoporosis\osteoporosis_0916.jpg,osteoporosis,0.9275273367009633,osteoporosis,Correct
./dataset_new\osteoporosis\osteoporosis_0917.jpg,osteoporosis,0.7008380517558114,osteoporosis,Correct
./dataset_new\osteoporosis\osteoporosis_0918.jpg,osteoporosis,0.9051567030677573,osteoporosis,Correct
./dataset_new\osteoporosis\osteoporosis_0919.png,osteoporosis,0.900191708886561,osteoporosis,Correct
./dataset_new\osteoporosis\osteoporosis_0920.jpg,osteoporosis,0.8988521534605524,osteoporosis,Correct
./dataset_new\osteoporosis\osteoporosis_0921.jpg,osteoporosis,0.8816604545269069,osteoporosis,Correct
./dataset_new\osteoporosis\osteoporosis_0922.jpg,osteoporosis,0.720161940427743,osteoporosis,Correct
./dataset_new\osteoporosis\osteoporosis_0923.jpg,osteoporosis,0.8864508332151831,osteoporosis,Correct
./dataset_new\osteoporosis\osteoporosis_0924.jpg,osteoporosis,0.9625019103417665,osteoporosis,Correct
./dataset_new\osteoporosis\osteoporosis_0925.jpg,osteoporosis,0.7316587163707649,osteoporosis,Correct
./dataset_new\osteoporosis\osteoporosis_0926.jpg,osteoporosis,0.7521402564362079,osteoporosis,Correct
./dataset_new\osteoporosis\osteoporosis_0927.jpeg,osteoporosis,0.9971678498532699,osteoporosis,Correct
./dataset_new\osteoporosis\osteoporosis_0928.jpg,osteoporosis,0.73437730034838,osteoporosis,Correct
./dataset_new\osteoporosis\osteoporosis_0929.jpg,osteoporosis,0.8552340139134177,osteoporosis,Correct
./dataset_new\osteoporosis\osteoporosis_0930.jpg,osteoporosis,0.7510176703370678,osteoporosis,Correct
./dataset_new\osteoporosis\osteoporosis_0931.jpg,osteoporosis,0.8911235052292756,osteoporosis,Correct
./dataset_new\osteoporosis\osteoporosis_0932.jpg,osteoporosis,0.6587071884028811,osteoporosis,Correct
./dataset_new\osteoporosis\osteoporosis_0933.jpg,osteoporosis,0.8662402826580947,osteoporosis,Correct
./dataset_new\osteoporosis\osteoporosis_0934.jpg,osteoporosis,0.2960333905640483,normal,Wrong
./dataset_new\osteoporosis\osteoporosis_0935.jpg,osteoporosis,0.8433632791164551,osteoporosis,Correct
./dataset_new\osteoporosis\osteoporosis_0936.jpg,osteoporosis,0.9212682293962223,osteoporosis,Correct
./dataset_new\osteoporosis\osteoporosis_0937.jpg,osteoporosis,0.7296132206413287,osteoporosis,Correct
./dataset_new\osteoporosis\osteoporosis_0938.jpg,osteoporosis,0.8715579910567646,osteoporosis,Correct
./dataset_new\osteoporosis\osteoporosis_0939.jpg,osteoporosis,0.6285245882770538,osteoporosis,Correct
./dataset_new\osteoporosis\osteoporosis_0940.jpeg,osteoporosis,0.35973661967602677,normal,Wrong
./dataset_new\osteoporosis\osteoporosis_0941.png,osteoporosis,0.9951308881066262,osteoporosis,Correct
./dataset_new\osteoporosis\osteoporosis_0942.jpeg,osteoporosis,0.9979385290515763,osteoporosis,Correct
./dataset_new\osteoporosis\osteoporosis_0943.png,osteoporosis,0.32733039583031537,normal,Wrong
./dataset_new\osteoporosis\osteoporosis_0944.jpeg,osteoporosis,0.9349542615967623,osteoporosis,Correct
./dataset_new\osteoporosis\osteoporosis_0945.png,osteoporosis,0.9925387100393087,osteoporosis,Correct
./dataset_new\osteoporosis\osteoporosis_0946.png,osteoporosis,0.9838943803260458,osteoporosis,Correct
./dataset_new\osteoporosis\osteoporosis_0947.jpg,osteoporosis,0.5632464764803777,osteoporosis,Correct
./dataset_new\osteoporosis\osteoporosis_0948.jpeg,osteoporosis,0.7833879246542831,osteoporosis,Correct
./dataset_new\osteoporosis\osteoporosis_0949.jpeg,osteoporosis,0.9937608557018043,osteoporosis,Correct
./dataset_new\osteoporosis\osteoporosis_0950.jpeg,osteoporosis,0.8465586863584167,osteoporosis,Correct
./dataset_new\osteoporosis\osteoporosis_0951.png,osteoporosis,0.8027272817537247,osteoporosis,Correct
./dataset_new\osteoporosis\osteoporosis_0952.jpeg,osteoporosis,0.9800777865594428,osteoporosis,Correct
./dataset_new\osteoporosis\osteoporosis_0953.png,osteoporosis,0.8210404448210278,osteoporosis,Correct
./dataset_new\osteoporosis\osteoporosis_0954.jpeg,osteoporosis,0.9913325173656302,osteoporosis,Correct
./dataset_new\osteoporosis\osteoporosis_0955.jpeg,osteoporosis,0.9854497070001779,osteoporosis,Correct
./dataset_new\osteoporosis\osteoporosis_0956.png,osteoporosis,0.9901752279018599,osteoporosis,Correct
./dataset_new\osteoporosis\osteoporosis_0957.png,osteoporosis,0.9957056336739103,osteoporosis,Correct
./dataset_new\osteoporosis\osteoporosis_0958.jpeg,osteoporosis,0.9608115140706922,osteoporosis,Correct
./dataset_new\osteoporosis\osteoporosis_0959.png,osteoporosis,0.9958024179132954,osteoporosis,Correct
./dataset_new\osteoporosis\osteoporosis_0960.png,osteoporosis,0.9162207688351276,osteoporosis,Correct
./dataset_new\osteoporosis\osteoporosis_0961.jpeg,osteoporosis,0.9693371630459593,osteoporosis,Correct
./dataset_new\osteoporosis\osteoporosis_0962.png,osteoporosis,0.3639553686033949,normal,Wrong
./dataset_new\osteoporosis\osteoporosis_0963.png,osteoporosis,0.9058601877626139,osteoporosis,Correct
./dataset_new\osteoporosis\osteoporosis_0964.jpeg,osteoporosis,0.8568196710122923,osteoporosis,Correct
./dataset_new\osteoporosis\osteoporosis_0965.jpeg,osteoporosis,0.9539853368336246,osteoporosis,Correct
./dataset_new\osteoporosis\osteoporosis_0966.png,osteoporosis,0.9205666198183405,osteoporosis,Correct
./dataset_new\osteoporosis\osteoporosis_0967.jpeg,osteoporosis,0.9905742567052749,osteoporosis,Correct
./dataset_new\osteoporosis\osteoporosis_0968.jpeg,osteoporosis,0.9843024073864406,osteoporosis,Correct
./dataset_new\osteoporosis\osteoporosis_0969.png,osteoporosis,0.9140095708560627,osteoporosis,Correct
./dataset_new\osteoporosis\osteoporosis_0970.jpeg,osteoporosis,0.8554049793126206,osteoporosis,Correct
./dataset_new\osteoporosis\osteoporosis_0971.png,osteoporosis,0.9784006290966305,osteoporosis,Correct
./dataset_new\osteoporosis\osteoporosis_0972.jpeg,osteoporosis,0.9114460183014796,osteoporosis,Correct
./dataset_new\osteoporosis\osteoporosis_0973.jpeg,osteoporosis,0.9553087666840459,osteoporosis,Correct
./dataset_new\osteoporosis\osteoporosis_0974.png,osteoporosis,0.9510584488141016,osteoporosis,Correct
./dataset_new\osteoporosis\osteoporosis_0975.png,osteoporosis,0.704191002189807,osteoporosis,Correct
./dataset_new\osteoporosis\osteoporosis_0976.png,osteoporosis,0.9774957600018808,osteoporosis,Correct
./dataset_new\osteoporosis\osteoporosis_0977.jpeg,osteoporosis,0.9949491268883497,osteoporosis,Correct
./dataset_new\osteoporosis\osteoporosis_0978.jpeg,osteoporosis,0.910243267062953,osteoporosis,Correct
./dataset_new\osteoporosis\osteoporosis_0979.png,osteoporosis,0.9967626843632216,osteoporosis,Correct
