Image Path,Image Name,Actual Class,Predicted Class,Confidence,Status
./dataset_new\normal\normal_0001.png,normal_0001.png,normal,normal,0.070210,Correct
./dataset_new\normal\normal_0002.png,normal_0002.png,normal,normal,0.001191,Correct
./dataset_new\normal\normal_0003.jpg,normal_0003.jpg,normal,normal,0.001192,Correct
./dataset_new\normal\normal_0004.jpg,normal_0004.jpg,normal,normal,0.000139,Correct
./dataset_new\normal\normal_0005.jpg,normal_0005.jpg,normal,normal,0.005791,Correct
./dataset_new\normal\normal_0006.jpeg,normal_0006.jpeg,normal,normal,0.127949,Correct
./dataset_new\normal\normal_0007.jpeg,normal_0007.jpeg,normal,normal,0.021393,Correct
./dataset_new\normal\normal_0008.jpg,normal_0008.jpg,normal,normal,0.000966,Correct
./dataset_new\normal\normal_0009.jpg,normal_0009.jpg,normal,normal,0.003536,Correct
./dataset_new\normal\normal_0010.jpg,normal_0010.jpg,normal,normal,0.000813,Correct
./dataset_new\normal\normal_0011.jpg,normal_0011.jpg,normal,normal,0.000925,Correct
./dataset_new\normal\normal_0012.jpg,normal_0012.jpg,normal,normal,0.203743,Correct
./dataset_new\normal\normal_0013.png,normal_0013.png,normal,normal,0.009983,Correct
./dataset_new\normal\normal_0014.jpg,normal_0014.jpg,normal,normal,0.000061,Correct
./dataset_new\normal\normal_0015.png,normal_0015.png,normal,normal,0.015337,Correct
./dataset_new\normal\normal_0016.png,normal_0016.png,normal,normal,0.004812,Correct
./dataset_new\normal\normal_0017.jpg,normal_0017.jpg,normal,normal,0.003754,Correct
./dataset_new\normal\normal_0018.jpg,normal_0018.jpg,normal,normal,0.000030,Correct
./dataset_new\normal\normal_0019.jpeg,normal_0019.jpeg,normal,normal,0.079896,Correct
./dataset_new\normal\normal_0020.jpeg,normal_0020.jpeg,normal,normal,0.001036,Correct
./dataset_new\normal\normal_0021.jpg,normal_0021.jpg,normal,normal,0.111297,Correct
./dataset_new\normal\normal_0022.jpg,normal_0022.jpg,normal,normal,0.163484,Correct
./dataset_new\normal\normal_0023.jpg,normal_0023.jpg,normal,normal,0.111441,Correct
./dataset_new\normal\normal_0024.jpg,normal_0024.jpg,normal,normal,0.002925,Correct
./dataset_new\normal\normal_0025.jpg,normal_0025.jpg,normal,normal,0.003717,Correct
./dataset_new\normal\normal_0026.jpeg,normal_0026.jpeg,normal,normal,0.117407,Correct
./dataset_new\normal\normal_0027.png,normal_0027.png,normal,normal,0.283318,Correct
./dataset_new\normal\normal_0028.jpeg,normal_0028.jpeg,normal,normal,0.026734,Correct
./dataset_new\normal\normal_0029.jpg,normal_0029.jpg,normal,normal,0.000006,Correct
./dataset_new\normal\normal_0030.jpg,normal_0030.jpg,normal,normal,0.000783,Correct
./dataset_new\normal\normal_0031.jpg,normal_0031.jpg,normal,normal,0.000677,Correct
./dataset_new\normal\normal_0032.jpg,normal_0032.jpg,normal,normal,0.002335,Correct
./dataset_new\normal\normal_0033.jpg,normal_0033.jpg,normal,normal,0.002335,Correct
./dataset_new\normal\normal_0034.jpg,normal_0034.jpg,normal,normal,0.000129,Correct
./dataset_new\normal\normal_0035.jpg,normal_0035.jpg,normal,normal,0.000037,Correct
./dataset_new\normal\normal_0036.jpg,normal_0036.jpg,normal,normal,0.000361,Correct
./dataset_new\normal\normal_0037.jpg,normal_0037.jpg,normal,normal,0.005821,Correct
./dataset_new\normal\normal_0038.jpg,normal_0038.jpg,normal,normal,0.000900,Correct
./dataset_new\normal\normal_0039.png,normal_0039.png,normal,normal,0.014764,Correct
./dataset_new\normal\normal_0040.png,normal_0040.png,normal,normal,0.038822,Correct
./dataset_new\normal\normal_0041.jpg,normal_0041.jpg,normal,normal,0.000598,Correct
./dataset_new\normal\normal_0042.jpg,normal_0042.jpg,normal,normal,0.000069,Correct
./dataset_new\normal\normal_0043.jpg,normal_0043.jpg,normal,normal,0.007399,Correct
./dataset_new\normal\normal_0044.jpg,normal_0044.jpg,normal,normal,0.000128,Correct
./dataset_new\normal\normal_0045.jpg,normal_0045.jpg,normal,normal,0.016993,Correct
./dataset_new\normal\normal_0046.png,normal_0046.png,normal,normal,0.000558,Correct
./dataset_new\normal\normal_0047.jpg,normal_0047.jpg,normal,normal,0.000773,Correct
./dataset_new\normal\normal_0048.jpg,normal_0048.jpg,normal,normal,0.000412,Correct
./dataset_new\normal\normal_0049.jpg,normal_0049.jpg,normal,normal,0.095926,Correct
./dataset_new\normal\normal_0050.jpg,normal_0050.jpg,normal,normal,0.110862,Correct
./dataset_new\normal\normal_0051.jpg,normal_0051.jpg,normal,normal,0.014361,Correct
./dataset_new\normal\normal_0052.jpg,normal_0052.jpg,normal,normal,0.000005,Correct
./dataset_new\normal\normal_0053.jpg,normal_0053.jpg,normal,normal,0.016993,Correct
./dataset_new\normal\normal_0054.jpg,normal_0054.jpg,normal,normal,0.002297,Correct
./dataset_new\normal\normal_0055.png,normal_0055.png,normal,normal,0.009742,Correct
./dataset_new\normal\normal_0056.jpg,normal_0056.jpg,normal,normal,0.007091,Correct
./dataset_new\normal\normal_0057.jpg,normal_0057.jpg,normal,normal,0.000122,Correct
./dataset_new\normal\normal_0058.jpg,normal_0058.jpg,normal,normal,0.000296,Correct
./dataset_new\normal\normal_0059.jpg,normal_0059.jpg,normal,normal,0.000170,Correct
./dataset_new\normal\normal_0060.jpg,normal_0060.jpg,normal,normal,0.002796,Correct
./dataset_new\normal\normal_0061.jpg,normal_0061.jpg,normal,normal,0.002297,Correct
./dataset_new\normal\normal_0062.jpg,normal_0062.jpg,normal,normal,0.000003,Correct
./dataset_new\normal\normal_0063.jpg,normal_0063.jpg,normal,normal,0.016051,Correct
./dataset_new\normal\normal_0064.jpg,normal_0064.jpg,normal,normal,0.006269,Correct
./dataset_new\normal\normal_0065.jpg,normal_0065.jpg,normal,normal,0.035428,Correct
./dataset_new\normal\normal_0066.jpg,normal_0066.jpg,normal,normal,0.000193,Correct
./dataset_new\normal\normal_0067.jpg,normal_0067.jpg,normal,normal,0.004010,Correct
./dataset_new\normal\normal_0068.png,normal_0068.png,normal,normal,0.026629,Correct
./dataset_new\normal\normal_0069.png,normal_0069.png,normal,normal,0.027433,Correct
./dataset_new\normal\normal_0070.jpg,normal_0070.jpg,normal,normal,0.001741,Correct
./dataset_new\normal\normal_0071.png,normal_0071.png,normal,normal,0.001236,Correct
./dataset_new\normal\normal_0072.jpg,normal_0072.jpg,normal,normal,0.002226,Correct
./dataset_new\normal\normal_0073.jpeg,normal_0073.jpeg,normal,normal,0.198794,Correct
./dataset_new\normal\normal_0074.jpg,normal_0074.jpg,normal,normal,0.000077,Correct
./dataset_new\normal\normal_0075.jpg,normal_0075.jpg,normal,normal,0.010004,Correct
./dataset_new\normal\normal_0076.png,normal_0076.png,normal,normal,0.000942,Correct
./dataset_new\normal\normal_0077.jpg,normal_0077.jpg,normal,normal,0.000153,Correct
./dataset_new\normal\normal_0078.jpeg,normal_0078.jpeg,normal,normal,0.081879,Correct
./dataset_new\normal\normal_0079.jpg,normal_0079.jpg,normal,normal,0.000042,Correct
./dataset_new\normal\normal_0080.jpg,normal_0080.jpg,normal,normal,0.002196,Correct
./dataset_new\normal\normal_0081.jpg,normal_0081.jpg,normal,normal,0.002704,Correct
./dataset_new\normal\normal_0082.jpg,normal_0082.jpg,normal,normal,0.009285,Correct
./dataset_new\normal\normal_0083.png,normal_0083.png,normal,normal,0.032080,Correct
./dataset_new\normal\normal_0084.jpg,normal_0084.jpg,normal,normal,0.000183,Correct
./dataset_new\normal\normal_0085.jpg,normal_0085.jpg,normal,normal,0.000548,Correct
./dataset_new\normal\normal_0086.jpg,normal_0086.jpg,normal,normal,0.002754,Correct
./dataset_new\normal\normal_0087.png,normal_0087.png,normal,osteoporosis,0.334563,Wrong
./dataset_new\normal\normal_0088.jpg,normal_0088.jpg,normal,normal,0.000294,Correct
./dataset_new\normal\normal_0089.png,normal_0089.png,normal,normal,0.006658,Correct
./dataset_new\normal\normal_0090.jpg,normal_0090.jpg,normal,normal,0.000194,Correct
./dataset_new\normal\normal_0091.jpeg,normal_0091.jpeg,normal,normal,0.000088,Correct
./dataset_new\normal\normal_0092.jpg,normal_0092.jpg,normal,normal,0.001513,Correct
./dataset_new\normal\normal_0093.jpg,normal_0093.jpg,normal,normal,0.000029,Correct
./dataset_new\normal\normal_0094.png,normal_0094.png,normal,normal,0.004812,Correct
./dataset_new\normal\normal_0095.jpg,normal_0095.jpg,normal,normal,0.000671,Correct
./dataset_new\normal\normal_0096.jpeg,normal_0096.jpeg,normal,normal,0.013089,Correct
./dataset_new\normal\normal_0097.jpeg,normal_0097.jpeg,normal,normal,0.000133,Correct
./dataset_new\normal\normal_0098.jpeg,normal_0098.jpeg,normal,normal,0.039436,Correct
./dataset_new\normal\normal_0099.jpeg,normal_0099.jpeg,normal,normal,0.000830,Correct
./dataset_new\normal\normal_0100.jpg,normal_0100.jpg,normal,osteoporosis,0.404917,Wrong
./dataset_new\normal\normal_0101.jpg,normal_0101.jpg,normal,normal,0.002685,Correct
./dataset_new\normal\normal_0102.jpg,normal_0102.jpg,normal,normal,0.000069,Correct
./dataset_new\normal\normal_0103.jpg,normal_0103.jpg,normal,normal,0.000142,Correct
./dataset_new\normal\normal_0104.jpg,normal_0104.jpg,normal,normal,0.014254,Correct
./dataset_new\normal\normal_0105.jpg,normal_0105.jpg,normal,normal,0.000158,Correct
./dataset_new\normal\normal_0106.jpg,normal_0106.jpg,normal,normal,0.001592,Correct
./dataset_new\normal\normal_0107.jpg,normal_0107.jpg,normal,normal,0.000900,Correct
./dataset_new\normal\normal_0108.jpg,normal_0108.jpg,normal,normal,0.006851,Correct
./dataset_new\normal\normal_0109.jpeg,normal_0109.jpeg,normal,normal,0.099906,Correct
./dataset_new\normal\normal_0110.jpg,normal_0110.jpg,normal,normal,0.000041,Correct
./dataset_new\normal\normal_0111.jpg,normal_0111.jpg,normal,normal,0.000158,Correct
./dataset_new\normal\normal_0112.jpg,normal_0112.jpg,normal,normal,0.008920,Correct
./dataset_new\normal\normal_0113.png,normal_0113.png,normal,normal,0.000751,Correct
./dataset_new\normal\normal_0114.jpg,normal_0114.jpg,normal,normal,0.016993,Correct
./dataset_new\normal\normal_0115.jpg,normal_0115.jpg,normal,normal,0.022071,Correct
./dataset_new\normal\normal_0116.jpg,normal_0116.jpg,normal,normal,0.095926,Correct
./dataset_new\normal\normal_0117.jpg,normal_0117.jpg,normal,normal,0.110862,Correct
./dataset_new\normal\normal_0118.jpg,normal_0118.jpg,normal,normal,0.014361,Correct
./dataset_new\normal\normal_0119.jpg,normal_0119.jpg,normal,normal,0.016993,Correct
./dataset_new\normal\normal_0120.jpg,normal_0120.jpg,normal,normal,0.002297,Correct
./dataset_new\normal\normal_0121.jpg,normal_0121.jpg,normal,normal,0.007091,Correct
./dataset_new\normal\normal_0122.jpeg,normal_0122.jpeg,normal,normal,0.001382,Correct
./dataset_new\normal\normal_0123.jpg,normal_0123.jpg,normal,normal,0.002100,Correct
./dataset_new\normal\normal_0124.jpg,normal_0124.jpg,normal,normal,0.000013,Correct
./dataset_new\normal\normal_0125.jpg,normal_0125.jpg,normal,normal,0.002796,Correct
./dataset_new\normal\normal_0126.jpg,normal_0126.jpg,normal,normal,0.002297,Correct
./dataset_new\normal\normal_0127.jpg,normal_0127.jpg,normal,normal,0.016051,Correct
./dataset_new\normal\normal_0128.jpg,normal_0128.jpg,normal,normal,0.006269,Correct
./dataset_new\normal\normal_0129.jpg,normal_0129.jpg,normal,normal,0.035428,Correct
./dataset_new\normal\normal_0130.jpg,normal_0130.jpg,normal,normal,0.004010,Correct
./dataset_new\normal\normal_0131.jpeg,normal_0131.jpeg,normal,normal,0.045777,Correct
./dataset_new\normal\normal_0132.jpeg,normal_0132.jpeg,normal,normal,0.015393,Correct
./dataset_new\normal\normal_0133.jpg,normal_0133.jpg,normal,normal,0.000318,Correct
./dataset_new\normal\normal_0134.jpeg,normal_0134.jpeg,normal,normal,0.000387,Correct
./dataset_new\normal\normal_0135.png,normal_0135.png,normal,normal,0.005912,Correct
./dataset_new\normal\normal_0136.jpeg,normal_0136.jpeg,normal,normal,0.000197,Correct
./dataset_new\normal\normal_0137.jpeg,normal_0137.jpeg,normal,normal,0.000141,Correct
./dataset_new\normal\normal_0138.jpeg,normal_0138.jpeg,normal,normal,0.028504,Correct
./dataset_new\normal\normal_0139.png,normal_0139.png,normal,normal,0.070210,Correct
./dataset_new\normal\normal_0140.png,normal_0140.png,normal,normal,0.001191,Correct
./dataset_new\normal\normal_0141.jpg,normal_0141.jpg,normal,normal,0.001192,Correct
./dataset_new\normal\normal_0142.jpg,normal_0142.jpg,normal,normal,0.000139,Correct
./dataset_new\normal\normal_0143.jpg,normal_0143.jpg,normal,normal,0.005791,Correct
./dataset_new\normal\normal_0144.jpeg,normal_0144.jpeg,normal,normal,0.127949,Correct
./dataset_new\normal\normal_0145.jpeg,normal_0145.jpeg,normal,normal,0.021393,Correct
./dataset_new\normal\normal_0146.png,normal_0146.png,normal,normal,0.000227,Correct
./dataset_new\normal\normal_0147.jpg,normal_0147.jpg,normal,normal,0.000966,Correct
./dataset_new\normal\normal_0148.jpg,normal_0148.jpg,normal,normal,0.003536,Correct
./dataset_new\normal\normal_0149.jpg,normal_0149.jpg,normal,normal,0.000813,Correct
./dataset_new\normal\normal_0150.jpg,normal_0150.jpg,normal,normal,0.000925,Correct
./dataset_new\normal\normal_0151.jpg,normal_0151.jpg,normal,normal,0.203743,Correct
./dataset_new\normal\normal_0152.png,normal_0152.png,normal,normal,0.009983,Correct
./dataset_new\normal\normal_0153.jpg,normal_0153.jpg,normal,normal,0.000061,Correct
./dataset_new\normal\normal_0154.png,normal_0154.png,normal,normal,0.015337,Correct
./dataset_new\normal\normal_0155.png,normal_0155.png,normal,normal,0.004812,Correct
./dataset_new\normal\normal_0156.jpg,normal_0156.jpg,normal,normal,0.003754,Correct
./dataset_new\normal\normal_0157.jpg,normal_0157.jpg,normal,normal,0.000218,Correct
./dataset_new\normal\normal_0158.jpg,normal_0158.jpg,normal,normal,0.000030,Correct
./dataset_new\normal\normal_0159.jpeg,normal_0159.jpeg,normal,normal,0.079896,Correct
./dataset_new\normal\normal_0160.jpeg,normal_0160.jpeg,normal,normal,0.001036,Correct
./dataset_new\normal\normal_0161.jpg,normal_0161.jpg,normal,normal,0.111297,Correct
./dataset_new\normal\normal_0162.jpg,normal_0162.jpg,normal,normal,0.163484,Correct
./dataset_new\normal\normal_0163.jpg,normal_0163.jpg,normal,normal,0.111441,Correct
./dataset_new\normal\normal_0164.jpg,normal_0164.jpg,normal,normal,0.002925,Correct
./dataset_new\normal\normal_0165.jpg,normal_0165.jpg,normal,normal,0.003717,Correct
./dataset_new\normal\normal_0166.jpeg,normal_0166.jpeg,normal,normal,0.117407,Correct
./dataset_new\normal\normal_0167.png,normal_0167.png,normal,normal,0.283318,Correct
./dataset_new\normal\normal_0168.png,normal_0168.png,normal,normal,0.003862,Correct
./dataset_new\normal\normal_0169.jpeg,normal_0169.jpeg,normal,normal,0.026734,Correct
./dataset_new\normal\normal_0170.jpg,normal_0170.jpg,normal,normal,0.000006,Correct
./dataset_new\normal\normal_0171.jpg,normal_0171.jpg,normal,normal,0.000783,Correct
./dataset_new\normal\normal_0172.jpg,normal_0172.jpg,normal,normal,0.000677,Correct
./dataset_new\normal\normal_0173.jpg,normal_0173.jpg,normal,normal,0.002335,Correct
./dataset_new\normal\normal_0174.jpg,normal_0174.jpg,normal,normal,0.002335,Correct
./dataset_new\normal\normal_0175.jpg,normal_0175.jpg,normal,normal,0.000129,Correct
./dataset_new\normal\normal_0176.jpg,normal_0176.jpg,normal,normal,0.000037,Correct
./dataset_new\normal\normal_0177.jpg,normal_0177.jpg,normal,normal,0.000361,Correct
./dataset_new\normal\normal_0178.jpg,normal_0178.jpg,normal,normal,0.005821,Correct
./dataset_new\normal\normal_0179.png,normal_0179.png,normal,normal,0.000580,Correct
./dataset_new\normal\normal_0180.jpg,normal_0180.jpg,normal,normal,0.000900,Correct
./dataset_new\normal\normal_0181.png,normal_0181.png,normal,normal,0.014764,Correct
./dataset_new\normal\normal_0182.png,normal_0182.png,normal,normal,0.038822,Correct
./dataset_new\normal\normal_0183.jpg,normal_0183.jpg,normal,normal,0.000598,Correct
./dataset_new\normal\normal_0184.jpg,normal_0184.jpg,normal,normal,0.000069,Correct
./dataset_new\normal\normal_0185.jpg,normal_0185.jpg,normal,normal,0.007399,Correct
./dataset_new\normal\normal_0186.jpg,normal_0186.jpg,normal,normal,0.000128,Correct
./dataset_new\normal\normal_0187.jpg,normal_0187.jpg,normal,normal,0.016993,Correct
./dataset_new\normal\normal_0188.png,normal_0188.png,normal,normal,0.000558,Correct
./dataset_new\normal\normal_0189.jpg,normal_0189.jpg,normal,normal,0.000773,Correct
./dataset_new\normal\normal_0190.png,normal_0190.png,normal,normal,0.039047,Correct
./dataset_new\normal\normal_0191.jpg,normal_0191.jpg,normal,normal,0.000412,Correct
./dataset_new\normal\normal_0192.jpg,normal_0192.jpg,normal,normal,0.095926,Correct
./dataset_new\normal\normal_0193.jpg,normal_0193.jpg,normal,normal,0.110862,Correct
./dataset_new\normal\normal_0194.jpg,normal_0194.jpg,normal,normal,0.014361,Correct
./dataset_new\normal\normal_0195.jpg,normal_0195.jpg,normal,normal,0.000005,Correct
./dataset_new\normal\normal_0196.jpg,normal_0196.jpg,normal,normal,0.016993,Correct
./dataset_new\normal\normal_0197.jpg,normal_0197.jpg,normal,normal,0.002297,Correct
./dataset_new\normal\normal_0198.png,normal_0198.png,normal,normal,0.009742,Correct
./dataset_new\normal\normal_0199.jpg,normal_0199.jpg,normal,normal,0.007091,Correct
./dataset_new\normal\normal_0200.jpg,normal_0200.jpg,normal,normal,0.000122,Correct
./dataset_new\normal\normal_0201.jpg,normal_0201.jpg,normal,normal,0.001971,Correct
./dataset_new\normal\normal_0202.jpg,normal_0202.jpg,normal,normal,0.000296,Correct
./dataset_new\normal\normal_0203.jpg,normal_0203.jpg,normal,normal,0.000170,Correct
./dataset_new\normal\normal_0204.jpg,normal_0204.jpg,normal,normal,0.002796,Correct
./dataset_new\normal\normal_0205.jpg,normal_0205.jpg,normal,normal,0.002297,Correct
./dataset_new\normal\normal_0206.jpg,normal_0206.jpg,normal,normal,0.000003,Correct
./dataset_new\normal\normal_0207.jpg,normal_0207.jpg,normal,normal,0.016051,Correct
./dataset_new\normal\normal_0208.jpg,normal_0208.jpg,normal,normal,0.006269,Correct
./dataset_new\normal\normal_0209.jpg,normal_0209.jpg,normal,normal,0.035428,Correct
./dataset_new\normal\normal_0210.jpg,normal_0210.jpg,normal,normal,0.000193,Correct
./dataset_new\normal\normal_0211.jpg,normal_0211.jpg,normal,normal,0.004010,Correct
./dataset_new\normal\normal_0212.png,normal_0212.png,normal,normal,0.000138,Correct
./dataset_new\normal\normal_0213.png,normal_0213.png,normal,normal,0.026629,Correct
./dataset_new\normal\normal_0214.png,normal_0214.png,normal,normal,0.027433,Correct
./dataset_new\normal\normal_0215.jpg,normal_0215.jpg,normal,normal,0.001741,Correct
./dataset_new\normal\normal_0216.png,normal_0216.png,normal,normal,0.001236,Correct
./dataset_new\normal\normal_0217.jpg,normal_0217.jpg,normal,normal,0.002226,Correct
./dataset_new\normal\normal_0218.jpeg,normal_0218.jpeg,normal,normal,0.198794,Correct
./dataset_new\normal\normal_0219.jpg,normal_0219.jpg,normal,normal,0.000077,Correct
./dataset_new\normal\normal_0220.jpg,normal_0220.jpg,normal,normal,0.010004,Correct
./dataset_new\normal\normal_0221.png,normal_0221.png,normal,normal,0.000942,Correct
./dataset_new\normal\normal_0222.jpg,normal_0222.jpg,normal,normal,0.000153,Correct
./dataset_new\normal\normal_0223.jpg,normal_0223.jpg,normal,normal,0.000002,Correct
./dataset_new\normal\normal_0224.png,normal_0224.png,normal,normal,0.000423,Correct
./dataset_new\normal\normal_0225.jpeg,normal_0225.jpeg,normal,normal,0.081879,Correct
./dataset_new\normal\normal_0226.jpg,normal_0226.jpg,normal,normal,0.000042,Correct
./dataset_new\normal\normal_0227.jpg,normal_0227.jpg,normal,normal,0.002196,Correct
./dataset_new\normal\normal_0228.jpg,normal_0228.jpg,normal,normal,0.002704,Correct
./dataset_new\normal\normal_0229.jpg,normal_0229.jpg,normal,normal,0.009285,Correct
./dataset_new\normal\normal_0230.png,normal_0230.png,normal,normal,0.032080,Correct
./dataset_new\normal\normal_0231.jpg,normal_0231.jpg,normal,normal,0.000183,Correct
./dataset_new\normal\normal_0232.jpg,normal_0232.jpg,normal,normal,0.000548,Correct
./dataset_new\normal\normal_0233.jpg,normal_0233.jpg,normal,normal,0.002754,Correct
./dataset_new\normal\normal_0234.png,normal_0234.png,normal,osteoporosis,0.334563,Wrong
./dataset_new\normal\normal_0235.jpg,normal_0235.jpg,normal,normal,0.137355,Correct
./dataset_new\normal\normal_0236.jpg,normal_0236.jpg,normal,normal,0.000294,Correct
./dataset_new\normal\normal_0237.png,normal_0237.png,normal,normal,0.006658,Correct
./dataset_new\normal\normal_0238.jpg,normal_0238.jpg,normal,normal,0.000194,Correct
./dataset_new\normal\normal_0239.jpeg,normal_0239.jpeg,normal,normal,0.000088,Correct
./dataset_new\normal\normal_0240.jpg,normal_0240.jpg,normal,normal,0.001513,Correct
./dataset_new\normal\normal_0241.jpg,normal_0241.jpg,normal,normal,0.000029,Correct
./dataset_new\normal\normal_0242.png,normal_0242.png,normal,normal,0.004812,Correct
./dataset_new\normal\normal_0243.jpg,normal_0243.jpg,normal,normal,0.000671,Correct
./dataset_new\normal\normal_0244.jpg,normal_0244.jpg,normal,osteoporosis,0.404917,Wrong
./dataset_new\normal\normal_0245.jpg,normal_0245.jpg,normal,normal,0.000318,Correct
./dataset_new\normal\normal_0246.png,normal_0246.png,normal,normal,0.016078,Correct
./dataset_new\normal\normal_0247.jpg,normal_0247.jpg,normal,normal,0.002685,Correct
./dataset_new\normal\normal_0248.jpg,normal_0248.jpg,normal,normal,0.008920,Correct
./dataset_new\normal\normal_0249.png,normal_0249.png,normal,normal,0.000751,Correct
./dataset_new\normal\normal_0250.jpg,normal_0250.jpg,normal,normal,0.000013,Correct
./dataset_new\normal\normal_0251.png,normal_0251.png,normal,normal,0.005912,Correct
./dataset_new\normal\normal_0252.png,normal_0252.png,normal,normal,0.000227,Correct
./dataset_new\normal\normal_0253.jpg,normal_0253.jpg,normal,normal,0.000218,Correct
./dataset_new\normal\normal_0254.png,normal_0254.png,normal,normal,0.003862,Correct
./dataset_new\normal\normal_0255.png,normal_0255.png,normal,normal,0.000580,Correct
./dataset_new\normal\normal_0256.png,normal_0256.png,normal,normal,0.039047,Correct
./dataset_new\normal\normal_0257.jpg,normal_0257.jpg,normal,normal,0.000303,Correct
./dataset_new\normal\normal_0258.jpg,normal_0258.jpg,normal,normal,0.001971,Correct
./dataset_new\normal\normal_0259.png,normal_0259.png,normal,normal,0.000138,Correct
./dataset_new\normal\normal_0260.jpg,normal_0260.jpg,normal,normal,0.000002,Correct
./dataset_new\normal\normal_0261.png,normal_0261.png,normal,normal,0.000423,Correct
./dataset_new\normal\normal_0262.jpg,normal_0262.jpg,normal,normal,0.137355,Correct
./dataset_new\normal\normal_0263.png,normal_0263.png,normal,normal,0.016078,Correct
./dataset_new\normal\normal_0264.jpg,normal_0264.jpg,normal,normal,0.000303,Correct
./dataset_new\normal\normal_0265.png,normal_0265.png,normal,normal,0.000106,Correct
./dataset_new\normal\normal_0266.png,normal_0266.png,normal,normal,0.000713,Correct
./dataset_new\normal\normal_0267.png,normal_0267.png,normal,normal,0.002199,Correct
./dataset_new\normal\normal_0268.png,normal_0268.png,normal,normal,0.000106,Correct
./dataset_new\normal\normal_0269.png,normal_0269.png,normal,normal,0.001064,Correct
./dataset_new\normal\normal_0270.png,normal_0270.png,normal,normal,0.000939,Correct
./dataset_new\normal\normal_0271.png,normal_0271.png,normal,normal,0.000470,Correct
./dataset_new\normal\normal_0272.jpg,normal_0272.jpg,normal,normal,0.003138,Correct
./dataset_new\normal\normal_0273.png,normal_0273.png,normal,normal,0.010112,Correct
./dataset_new\normal\normal_0274.png,normal_0274.png,normal,normal,0.000432,Correct
./dataset_new\normal\normal_0275.png,normal_0275.png,normal,normal,0.004221,Correct
./dataset_new\normal\normal_0276.png,normal_0276.png,normal,normal,0.000047,Correct
./dataset_new\normal\normal_0277.png,normal_0277.png,normal,normal,0.021514,Correct
./dataset_new\normal\normal_0278.png,normal_0278.png,normal,normal,0.005950,Correct
./dataset_new\normal\normal_0279.png,normal_0279.png,normal,normal,0.000713,Correct
./dataset_new\normal\normal_0280.png,normal_0280.png,normal,normal,0.010010,Correct
./dataset_new\normal\normal_0281.jpg,normal_0281.jpg,normal,normal,0.000053,Correct
./dataset_new\normal\normal_0282.png,normal_0282.png,normal,normal,0.001963,Correct
./dataset_new\normal\normal_0283.png,normal_0283.png,normal,normal,0.003562,Correct
./dataset_new\normal\normal_0284.jpg,normal_0284.jpg,normal,normal,0.000039,Correct
./dataset_new\normal\normal_0285.png,normal_0285.png,normal,normal,0.000524,Correct
./dataset_new\normal\normal_0286.png,normal_0286.png,normal,normal,0.002744,Correct
./dataset_new\normal\normal_0287.jpg,normal_0287.jpg,normal,normal,0.021392,Correct
./dataset_new\normal\normal_0288.png,normal_0288.png,normal,normal,0.001424,Correct
./dataset_new\normal\normal_0289.png,normal_0289.png,normal,normal,0.000252,Correct
./dataset_new\normal\normal_0290.png,normal_0290.png,normal,normal,0.002199,Correct
./dataset_new\normal\normal_0291.png,normal_0291.png,normal,normal,0.002882,Correct
./dataset_new\normal\normal_0292.png,normal_0292.png,normal,normal,0.001032,Correct
./dataset_new\normal\normal_0293.png,normal_0293.png,normal,normal,0.001344,Correct
./dataset_new\normal\normal_0294.png,normal_0294.png,normal,normal,0.000083,Correct
./dataset_new\normal\normal_0295.jpg,normal_0295.jpg,normal,normal,0.000249,Correct
./dataset_new\normal\normal_0296.jpg,normal_0296.jpg,normal,normal,0.001029,Correct
./dataset_new\normal\normal_0297.png,normal_0297.png,normal,normal,0.156091,Correct
./dataset_new\normal\normal_0298.png,normal_0298.png,normal,normal,0.000333,Correct
./dataset_new\normal\normal_0299.png,normal_0299.png,normal,normal,0.001254,Correct
./dataset_new\normal\normal_0300.png,normal_0300.png,normal,normal,0.000145,Correct
./dataset_new\normal\normal_0301.png,normal_0301.png,normal,normal,0.001064,Correct
./dataset_new\normal\normal_0302.jpg,normal_0302.jpg,normal,normal,0.005463,Correct
./dataset_new\normal\normal_0303.jpg,normal_0303.jpg,normal,normal,0.000074,Correct
./dataset_new\normal\normal_0304.png,normal_0304.png,normal,normal,0.009900,Correct
./dataset_new\normal\normal_0305.png,normal_0305.png,normal,normal,0.000271,Correct
./dataset_new\normal\normal_0306.png,normal_0306.png,normal,normal,0.000010,Correct
./dataset_new\normal\normal_0307.png,normal_0307.png,normal,normal,0.000799,Correct
./dataset_new\normal\normal_0308.jpeg,normal_0308.jpeg,normal,normal,0.040466,Correct
./dataset_new\normal\normal_0309.png,normal_0309.png,normal,normal,0.000665,Correct
./dataset_new\normal\normal_0310.png,normal_0310.png,normal,normal,0.000393,Correct
./dataset_new\normal\normal_0311.jpeg,normal_0311.jpeg,normal,normal,0.168270,Correct
./dataset_new\normal\normal_0312.png,normal_0312.png,normal,normal,0.000939,Correct
./dataset_new\normal\normal_0313.png,normal_0313.png,normal,normal,0.000094,Correct
./dataset_new\normal\normal_0314.png,normal_0314.png,normal,normal,0.000357,Correct
./dataset_new\normal\normal_0315.jpg,normal_0315.jpg,normal,normal,0.000303,Correct
./dataset_new\normal\normal_0316.jpg,normal_0316.jpg,normal,normal,0.002888,Correct
./dataset_new\normal\normal_0317.png,normal_0317.png,normal,normal,0.010689,Correct
./dataset_new\normal\normal_0318.jpg,normal_0318.jpg,normal,normal,0.238810,Correct
./dataset_new\normal\normal_0319.jpg,normal_0319.jpg,normal,normal,0.019731,Correct
./dataset_new\normal\normal_0320.jpeg,normal_0320.jpeg,normal,normal,0.016559,Correct
./dataset_new\normal\normal_0321.jpg,normal_0321.jpg,normal,normal,0.031576,Correct
./dataset_new\normal\normal_0322.jpeg,normal_0322.jpeg,normal,normal,0.099906,Correct
./dataset_new\normal\normal_0323.png,normal_0323.png,normal,normal,0.000470,Correct
./dataset_new\normal\normal_0324.jpeg,normal_0324.jpeg,normal,normal,0.016176,Correct
./dataset_new\normal\normal_0325.jpeg,normal_0325.jpeg,normal,normal,0.067564,Correct
./dataset_new\normal\normal_0326.png,normal_0326.png,normal,normal,0.022984,Correct
./dataset_new\normal\normal_0327.png,normal_0327.png,normal,normal,0.001159,Correct
./dataset_new\normal\normal_0328.png,normal_0328.png,normal,normal,0.000159,Correct
./dataset_new\normal\normal_0329.jpeg,normal_0329.jpeg,normal,normal,0.012448,Correct
./dataset_new\normal\normal_0330.jpg,normal_0330.jpg,normal,normal,0.004096,Correct
./dataset_new\normal\normal_0331.png,normal_0331.png,normal,normal,0.002017,Correct
./dataset_new\normal\normal_0332.png,normal_0332.png,normal,normal,0.055475,Correct
./dataset_new\normal\normal_0333.png,normal_0333.png,normal,normal,0.004569,Correct
./dataset_new\normal\normal_0334.jpg,normal_0334.jpg,normal,normal,0.003138,Correct
./dataset_new\normal\normal_0335.png,normal_0335.png,normal,normal,0.010112,Correct
./dataset_new\normal\normal_0336.png,normal_0336.png,normal,normal,0.000767,Correct
./dataset_new\normal\normal_0337.png,normal_0337.png,normal,normal,0.008121,Correct
./dataset_new\normal\normal_0338.jpeg,normal_0338.jpeg,normal,normal,0.268136,Correct
./dataset_new\normal\normal_0339.jpeg,normal_0339.jpeg,normal,normal,0.012823,Correct
./dataset_new\normal\normal_0340.png,normal_0340.png,normal,normal,0.125911,Correct
./dataset_new\normal\normal_0341.jpeg,normal_0341.jpeg,normal,normal,0.012033,Correct
./dataset_new\normal\normal_0342.jpeg,normal_0342.jpeg,normal,normal,0.003979,Correct
./dataset_new\normal\normal_0343.jpeg,normal_0343.jpeg,normal,normal,0.000680,Correct
./dataset_new\normal\normal_0344.jpg,normal_0344.jpg,normal,normal,0.003608,Correct
./dataset_new\normal\normal_0345.jpg,normal_0345.jpg,normal,normal,0.000432,Correct
./dataset_new\normal\normal_0346.png,normal_0346.png,normal,normal,0.000432,Correct
./dataset_new\normal\normal_0347.jpg,normal_0347.jpg,normal,osteoporosis,0.327925,Wrong
./dataset_new\normal\normal_0348.jpg,normal_0348.jpg,normal,normal,0.000104,Correct
./dataset_new\normal\normal_0349.jpg,normal_0349.jpg,normal,normal,0.008152,Correct
./dataset_new\normal\normal_0350.jpg,normal_0350.jpg,normal,normal,0.292549,Correct
./dataset_new\normal\normal_0351.jpg,normal_0351.jpg,normal,normal,0.009186,Correct
./dataset_new\normal\normal_0352.jpg,normal_0352.jpg,normal,normal,0.063223,Correct
./dataset_new\normal\normal_0353.jpg,normal_0353.jpg,normal,normal,0.034322,Correct
./dataset_new\normal\normal_0354.jpg,normal_0354.jpg,normal,osteoporosis,0.300876,Wrong
./dataset_new\normal\normal_0355.jpg,normal_0355.jpg,normal,normal,0.147780,Correct
./dataset_new\normal\normal_0356.jpg,normal_0356.jpg,normal,normal,0.006794,Correct
./dataset_new\normal\normal_0357.png,normal_0357.png,normal,normal,0.004221,Correct
./dataset_new\normal\normal_0358.jpg,normal_0358.jpg,normal,osteoporosis,0.449665,Wrong
./dataset_new\normal\normal_0359.jpg,normal_0359.jpg,normal,normal,0.000064,Correct
./dataset_new\normal\normal_0360.jpg,normal_0360.jpg,normal,normal,0.038967,Correct
./dataset_new\normal\normal_0361.jpg,normal_0361.jpg,normal,normal,0.022612,Correct
./dataset_new\normal\normal_0362.jpg,normal_0362.jpg,normal,normal,0.000924,Correct
./dataset_new\normal\normal_0363.jpg,normal_0363.jpg,normal,normal,0.138003,Correct
./dataset_new\normal\normal_0364.jpg,normal_0364.jpg,normal,normal,0.014974,Correct
./dataset_new\normal\normal_0365.jpg,normal_0365.jpg,normal,normal,0.000199,Correct
./dataset_new\normal\normal_0366.jpg,normal_0366.jpg,normal,normal,0.005620,Correct
./dataset_new\normal\normal_0367.jpg,normal_0367.jpg,normal,normal,0.036841,Correct
./dataset_new\normal\normal_0368.png,normal_0368.png,normal,normal,0.000047,Correct
./dataset_new\normal\normal_0369.jpg,normal_0369.jpg,normal,normal,0.004055,Correct
./dataset_new\normal\normal_0370.jpg,normal_0370.jpg,normal,normal,0.015311,Correct
./dataset_new\normal\normal_0371.jpg,normal_0371.jpg,normal,normal,0.001135,Correct
./dataset_new\normal\normal_0372.jpg,normal_0372.jpg,normal,normal,0.073240,Correct
./dataset_new\normal\normal_0373.jpg,normal_0373.jpg,normal,normal,0.010794,Correct
./dataset_new\normal\normal_0374.jpg,normal_0374.jpg,normal,osteoporosis,0.490236,Wrong
./dataset_new\normal\normal_0375.jpg,normal_0375.jpg,normal,normal,0.015521,Correct
./dataset_new\normal\normal_0376.jpg,normal_0376.jpg,normal,normal,0.000125,Correct
./dataset_new\normal\normal_0377.jpg,normal_0377.jpg,normal,normal,0.002639,Correct
./dataset_new\normal\normal_0378.jpg,normal_0378.jpg,normal,normal,0.003032,Correct
./dataset_new\normal\normal_0379.png,normal_0379.png,normal,normal,0.021514,Correct
./dataset_new\normal\normal_0380.jpg,normal_0380.jpg,normal,normal,0.003427,Correct
./dataset_new\normal\normal_0381.jpg,normal_0381.jpg,normal,normal,0.003427,Correct
./dataset_new\normal\normal_0382.jpg,normal_0382.jpg,normal,normal,0.000257,Correct
./dataset_new\normal\normal_0383.jpg,normal_0383.jpg,normal,normal,0.171910,Correct
./dataset_new\normal\normal_0384.jpg,normal_0384.jpg,normal,normal,0.000137,Correct
./dataset_new\normal\normal_0385.jpg,normal_0385.jpg,normal,normal,0.018763,Correct
./dataset_new\normal\normal_0386.jpg,normal_0386.jpg,normal,normal,0.000385,Correct
./dataset_new\normal\normal_0387.jpg,normal_0387.jpg,normal,normal,0.004858,Correct
./dataset_new\normal\normal_0388.jpg,normal_0388.jpg,normal,normal,0.017221,Correct
./dataset_new\normal\normal_0389.jpg,normal_0389.jpg,normal,normal,0.001463,Correct
./dataset_new\normal\normal_0390.png,normal_0390.png,normal,normal,0.005950,Correct
./dataset_new\normal\normal_0391.jpg,normal_0391.jpg,normal,normal,0.000092,Correct
./dataset_new\normal\normal_0392.jpg,normal_0392.jpg,normal,normal,0.009510,Correct
./dataset_new\normal\normal_0393.jpg,normal_0393.jpg,normal,normal,0.000233,Correct
./dataset_new\normal\normal_0394.jpg,normal_0394.jpg,normal,normal,0.021016,Correct
./dataset_new\normal\normal_0395.jpg,normal_0395.jpg,normal,normal,0.015233,Correct
./dataset_new\normal\normal_0396.jpg,normal_0396.jpg,normal,normal,0.007535,Correct
./dataset_new\normal\normal_0397.jpg,normal_0397.jpg,normal,normal,0.001186,Correct
./dataset_new\normal\normal_0398.jpg,normal_0398.jpg,normal,normal,0.096421,Correct
./dataset_new\normal\normal_0399.jpg,normal_0399.jpg,normal,normal,0.000801,Correct
./dataset_new\normal\normal_0400.jpg,normal_0400.jpg,normal,normal,0.128840,Correct
./dataset_new\normal\normal_0401.png,normal_0401.png,normal,normal,0.010010,Correct
./dataset_new\normal\normal_0402.jpg,normal_0402.jpg,normal,normal,0.042810,Correct
./dataset_new\normal\normal_0403.jpg,normal_0403.jpg,normal,normal,0.000066,Correct
./dataset_new\normal\normal_0404.jpg,normal_0404.jpg,normal,normal,0.021016,Correct
./dataset_new\normal\normal_0405.jpg,normal_0405.jpg,normal,normal,0.008355,Correct
./dataset_new\normal\normal_0406.jpg,normal_0406.jpg,normal,normal,0.003534,Correct
./dataset_new\normal\normal_0407.jpg,normal_0407.jpg,normal,normal,0.000312,Correct
./dataset_new\normal\normal_0408.jpg,normal_0408.jpg,normal,normal,0.000849,Correct
./dataset_new\normal\normal_0409.jpg,normal_0409.jpg,normal,normal,0.000887,Correct
./dataset_new\normal\normal_0410.jpg,normal_0410.jpg,normal,normal,0.028078,Correct
./dataset_new\normal\normal_0411.jpg,normal_0411.jpg,normal,normal,0.008355,Correct
./dataset_new\normal\normal_0412.jpg,normal_0412.jpg,normal,normal,0.000053,Correct
./dataset_new\normal\normal_0413.jpg,normal_0413.jpg,normal,normal,0.167242,Correct
./dataset_new\normal\normal_0414.jpg,normal_0414.jpg,normal,normal,0.000080,Correct
./dataset_new\normal\normal_0415.jpg,normal_0415.jpg,normal,normal,0.051091,Correct
./dataset_new\normal\normal_0416.jpg,normal_0416.jpg,normal,normal,0.034297,Correct
./dataset_new\normal\normal_0417.jpg,normal_0417.jpg,normal,normal,0.060985,Correct
./dataset_new\normal\normal_0418.jpg,normal_0418.jpg,normal,normal,0.000150,Correct
./dataset_new\normal\normal_0419.jpg,normal_0419.jpg,normal,normal,0.000208,Correct
./dataset_new\normal\normal_0420.jpg,normal_0420.jpg,normal,normal,0.020106,Correct
./dataset_new\normal\normal_0421.jpg,normal_0421.jpg,normal,normal,0.059369,Correct
./dataset_new\normal\normal_0422.jpg,normal_0422.jpg,normal,normal,0.008722,Correct
./dataset_new\normal\normal_0423.png,normal_0423.png,normal,normal,0.001963,Correct
./dataset_new\normal\normal_0424.jpg,normal_0424.jpg,normal,normal,0.010793,Correct
./dataset_new\normal\normal_0425.jpg,normal_0425.jpg,normal,osteoporosis,0.465705,Wrong
./dataset_new\normal\normal_0426.jpg,normal_0426.jpg,normal,normal,0.013548,Correct
./dataset_new\normal\normal_0427.jpg,normal_0427.jpg,normal,normal,0.000237,Correct
./dataset_new\normal\normal_0428.jpg,normal_0428.jpg,normal,normal,0.041602,Correct
./dataset_new\normal\normal_0429.jpg,normal_0429.jpg,normal,normal,0.002894,Correct
./dataset_new\normal\normal_0430.jpg,normal_0430.jpg,normal,normal,0.085808,Correct
./dataset_new\normal\normal_0431.jpg,normal_0431.jpg,normal,normal,0.000819,Correct
./dataset_new\normal\normal_0432.jpg,normal_0432.jpg,normal,normal,0.005014,Correct
./dataset_new\normal\normal_0433.jpg,normal_0433.jpg,normal,normal,0.020730,Correct
./dataset_new\normal\normal_0434.png,normal_0434.png,normal,normal,0.003562,Correct
./dataset_new\normal\normal_0435.jpg,normal_0435.jpg,normal,normal,0.020549,Correct
./dataset_new\normal\normal_0436.jpg,normal_0436.jpg,normal,normal,0.000325,Correct
./dataset_new\normal\normal_0437.jpg,normal_0437.jpg,normal,normal,0.002009,Correct
./dataset_new\normal\normal_0438.jpg,normal_0438.jpg,normal,normal,0.005989,Correct
./dataset_new\normal\normal_0439.jpg,normal_0439.jpg,normal,normal,0.072132,Correct
./dataset_new\normal\normal_0440.jpg,normal_0440.jpg,normal,normal,0.249412,Correct
./dataset_new\normal\normal_0441.jpg,normal_0441.jpg,normal,normal,0.001075,Correct
./dataset_new\normal\normal_0442.jpg,normal_0442.jpg,normal,normal,0.000360,Correct
./dataset_new\normal\normal_0443.jpg,normal_0443.jpg,normal,normal,0.002647,Correct
./dataset_new\normal\normal_0444.jpg,normal_0444.jpg,normal,normal,0.000855,Correct
./dataset_new\normal\normal_0445.jpg,normal_0445.jpg,normal,normal,0.000039,Correct
./dataset_new\normal\normal_0446.png,normal_0446.png,normal,normal,0.000524,Correct
./dataset_new\normal\normal_0447.jpg,normal_0447.jpg,normal,normal,0.000144,Correct
./dataset_new\normal\normal_0448.jpg,normal_0448.jpg,normal,normal,0.003192,Correct
./dataset_new\normal\normal_0449.jpg,normal_0449.jpg,normal,normal,0.001294,Correct
./dataset_new\normal\normal_0450.jpg,normal_0450.jpg,normal,normal,0.012693,Correct
./dataset_new\normal\normal_0451.jpg,normal_0451.jpg,normal,normal,0.000021,Correct
./dataset_new\normal\normal_0452.jpg,normal_0452.jpg,normal,normal,0.010136,Correct
./dataset_new\normal\normal_0453.jpg,normal_0453.jpg,normal,normal,0.012408,Correct
./dataset_new\normal\normal_0454.jpg,normal_0454.jpg,normal,normal,0.000056,Correct
./dataset_new\normal\normal_0455.jpg,normal_0455.jpg,normal,normal,0.002376,Correct
./dataset_new\normal\normal_0456.jpg,normal_0456.jpg,normal,normal,0.065652,Correct
./dataset_new\normal\normal_0457.png,normal_0457.png,normal,normal,0.002744,Correct
./dataset_new\normal\normal_0458.jpg,normal_0458.jpg,normal,normal,0.003488,Correct
./dataset_new\normal\normal_0459.jpg,normal_0459.jpg,normal,normal,0.000452,Correct
./dataset_new\normal\normal_0460.jpg,normal_0460.jpg,normal,normal,0.003617,Correct
./dataset_new\normal\normal_0461.jpg,normal_0461.jpg,normal,osteoporosis,0.352492,Wrong
./dataset_new\normal\normal_0462.jpg,normal_0462.jpg,normal,normal,0.043799,Correct
./dataset_new\normal\normal_0463.jpg,normal_0463.jpg,normal,normal,0.001410,Correct
./dataset_new\normal\normal_0464.jpg,normal_0464.jpg,normal,normal,0.000648,Correct
./dataset_new\normal\normal_0465.jpg,normal_0465.jpg,normal,normal,0.003355,Correct
./dataset_new\normal\normal_0466.jpg,normal_0466.jpg,normal,normal,0.000776,Correct
./dataset_new\normal\normal_0467.jpg,normal_0467.jpg,normal,normal,0.002764,Correct
./dataset_new\normal\normal_0468.jpg,normal_0468.jpg,normal,normal,0.021392,Correct
./dataset_new\normal\normal_0469.jpg,normal_0469.jpg,normal,normal,0.003609,Correct
./dataset_new\normal\normal_0470.jpg,normal_0470.jpg,normal,normal,0.000087,Correct
./dataset_new\normal\normal_0471.jpg,normal_0471.jpg,normal,normal,0.003500,Correct
./dataset_new\normal\normal_0472.jpg,normal_0472.jpg,normal,normal,0.013432,Correct
./dataset_new\normal\normal_0473.jpg,normal_0473.jpg,normal,normal,0.000827,Correct
./dataset_new\normal\normal_0474.jpg,normal_0474.jpg,normal,normal,0.000248,Correct
./dataset_new\normal\normal_0475.jpg,normal_0475.jpg,normal,normal,0.075168,Correct
./dataset_new\normal\normal_0476.jpg,normal_0476.jpg,normal,normal,0.029850,Correct
./dataset_new\normal\normal_0477.jpg,normal_0477.jpg,normal,normal,0.007719,Correct
./dataset_new\normal\normal_0478.jpg,normal_0478.jpg,normal,normal,0.064000,Correct
./dataset_new\normal\normal_0479.png,normal_0479.png,normal,normal,0.001424,Correct
./dataset_new\normal\normal_0480.jpg,normal_0480.jpg,normal,normal,0.004909,Correct
./dataset_new\normal\normal_0481.jpg,normal_0481.jpg,normal,normal,0.008215,Correct
./dataset_new\normal\normal_0482.jpg,normal_0482.jpg,normal,normal,0.000257,Correct
./dataset_new\normal\normal_0483.jpg,normal_0483.jpg,normal,normal,0.028209,Correct
./dataset_new\normal\normal_0484.jpg,normal_0484.jpg,normal,normal,0.013483,Correct
./dataset_new\normal\normal_0485.jpg,normal_0485.jpg,normal,normal,0.001837,Correct
./dataset_new\normal\normal_0486.jpg,normal_0486.jpg,normal,normal,0.058514,Correct
./dataset_new\normal\normal_0487.jpg,normal_0487.jpg,normal,normal,0.005110,Correct
./dataset_new\normal\normal_0488.jpg,normal_0488.jpg,normal,normal,0.002385,Correct
./dataset_new\normal\normal_0489.jpg,normal_0489.jpg,normal,normal,0.002407,Correct
./dataset_new\normal\normal_0490.png,normal_0490.png,normal,normal,0.000252,Correct
./dataset_new\normal\normal_0491.jpg,normal_0491.jpg,normal,normal,0.014271,Correct
./dataset_new\normal\normal_0492.jpg,normal_0492.jpg,normal,normal,0.002615,Correct
./dataset_new\normal\normal_0493.jpg,normal_0493.jpg,normal,normal,0.000156,Correct
./dataset_new\normal\normal_0494.jpg,normal_0494.jpg,normal,normal,0.003236,Correct
./dataset_new\normal\normal_0495.jpg,normal_0495.jpg,normal,normal,0.002016,Correct
./dataset_new\normal\normal_0496.jpg,normal_0496.jpg,normal,normal,0.002585,Correct
./dataset_new\normal\normal_0497.jpg,normal_0497.jpg,normal,normal,0.145804,Correct
./dataset_new\normal\normal_0498.jpg,normal_0498.jpg,normal,normal,0.000656,Correct
./dataset_new\normal\normal_0499.jpg,normal_0499.jpg,normal,normal,0.003264,Correct
./dataset_new\normal\normal_0500.jpg,normal_0500.jpg,normal,normal,0.000060,Correct
./dataset_new\normal\normal_0501.png,normal_0501.png,normal,normal,0.002882,Correct
./dataset_new\normal\normal_0502.jpg,normal_0502.jpg,normal,normal,0.001374,Correct
./dataset_new\normal\normal_0503.jpg,normal_0503.jpg,normal,normal,0.027051,Correct
./dataset_new\normal\normal_0504.jpg,normal_0504.jpg,normal,normal,0.000646,Correct
./dataset_new\normal\normal_0505.jpg,normal_0505.jpg,normal,normal,0.001118,Correct
./dataset_new\normal\normal_0506.jpg,normal_0506.jpg,normal,normal,0.000468,Correct
./dataset_new\normal\normal_0507.jpg,normal_0507.jpg,normal,normal,0.010174,Correct
./dataset_new\normal\normal_0508.jpg,normal_0508.jpg,normal,normal,0.001410,Correct
./dataset_new\normal\normal_0509.jpg,normal_0509.jpg,normal,normal,0.021407,Correct
./dataset_new\normal\normal_0510.jpg,normal_0510.jpg,normal,normal,0.169783,Correct
./dataset_new\normal\normal_0511.jpg,normal_0511.jpg,normal,normal,0.058450,Correct
./dataset_new\normal\normal_0512.png,normal_0512.png,normal,normal,0.001032,Correct
./dataset_new\normal\normal_0513.jpg,normal_0513.jpg,normal,normal,0.001350,Correct
./dataset_new\normal\normal_0514.jpg,normal_0514.jpg,normal,normal,0.093341,Correct
./dataset_new\normal\normal_0515.jpg,normal_0515.jpg,normal,normal,0.006067,Correct
./dataset_new\normal\normal_0516.jpg,normal_0516.jpg,normal,normal,0.032562,Correct
./dataset_new\normal\normal_0517.jpg,normal_0517.jpg,normal,normal,0.013739,Correct
./dataset_new\normal\normal_0518.jpg,normal_0518.jpg,normal,normal,0.001004,Correct
./dataset_new\normal\normal_0519.jpg,normal_0519.jpg,normal,normal,0.003416,Correct
./dataset_new\normal\normal_0520.jpg,normal_0520.jpg,normal,normal,0.003531,Correct
./dataset_new\normal\normal_0521.jpg,normal_0521.jpg,normal,normal,0.000611,Correct
./dataset_new\normal\normal_0522.jpg,normal_0522.jpg,normal,normal,0.008698,Correct
./dataset_new\normal\normal_0523.png,normal_0523.png,normal,normal,0.001344,Correct
./dataset_new\normal\normal_0524.jpg,normal_0524.jpg,normal,normal,0.151889,Correct
./dataset_new\normal\normal_0525.jpg,normal_0525.jpg,normal,normal,0.025257,Correct
./dataset_new\normal\normal_0526.jpg,normal_0526.jpg,normal,normal,0.001501,Correct
./dataset_new\normal\normal_0527.jpg,normal_0527.jpg,normal,normal,0.000070,Correct
./dataset_new\normal\normal_0528.jpg,normal_0528.jpg,normal,normal,0.002891,Correct
./dataset_new\normal\normal_0529.jpg,normal_0529.jpg,normal,normal,0.008322,Correct
./dataset_new\normal\normal_0530.jpg,normal_0530.jpg,normal,normal,0.031652,Correct
./dataset_new\normal\normal_0531.jpg,normal_0531.jpg,normal,normal,0.000205,Correct
./dataset_new\normal\normal_0532.jpg,normal_0532.jpg,normal,normal,0.013493,Correct
./dataset_new\normal\normal_0533.jpg,normal_0533.jpg,normal,normal,0.002258,Correct
./dataset_new\normal\normal_0534.png,normal_0534.png,normal,normal,0.000083,Correct
./dataset_new\normal\normal_0535.jpg,normal_0535.jpg,normal,normal,0.002596,Correct
./dataset_new\normal\normal_0536.jpg,normal_0536.jpg,normal,normal,0.002199,Correct
./dataset_new\normal\normal_0537.jpg,normal_0537.jpg,normal,normal,0.003309,Correct
./dataset_new\normal\normal_0538.jpg,normal_0538.jpg,normal,normal,0.135692,Correct
./dataset_new\normal\normal_0539.jpg,normal_0539.jpg,normal,normal,0.000487,Correct
./dataset_new\normal\normal_0540.jpg,normal_0540.jpg,normal,normal,0.000486,Correct
./dataset_new\normal\normal_0541.jpg,normal_0541.jpg,normal,normal,0.022778,Correct
./dataset_new\normal\normal_0542.jpg,normal_0542.jpg,normal,normal,0.000398,Correct
./dataset_new\normal\normal_0543.jpg,normal_0543.jpg,normal,normal,0.142435,Correct
./dataset_new\normal\normal_0544.jpg,normal_0544.jpg,normal,normal,0.118967,Correct
./dataset_new\normal\normal_0545.jpg,normal_0545.jpg,normal,normal,0.000249,Correct
./dataset_new\normal\normal_0546.jpg,normal_0546.jpg,normal,normal,0.159805,Correct
./dataset_new\normal\normal_0547.jpg,normal_0547.jpg,normal,normal,0.000901,Correct
./dataset_new\normal\normal_0548.jpg,normal_0548.jpg,normal,osteoporosis,0.359835,Wrong
./dataset_new\normal\normal_0549.jpg,normal_0549.jpg,normal,normal,0.089290,Correct
./dataset_new\normal\normal_0550.jpg,normal_0550.jpg,normal,normal,0.037858,Correct
./dataset_new\normal\normal_0551.jpg,normal_0551.jpg,normal,normal,0.000432,Correct
./dataset_new\normal\normal_0552.jpg,normal_0552.jpg,normal,normal,0.000056,Correct
./dataset_new\normal\normal_0553.jpg,normal_0553.jpg,normal,normal,0.000776,Correct
./dataset_new\normal\normal_0554.jpg,normal_0554.jpg,normal,normal,0.064000,Correct
./dataset_new\normal\normal_0555.jpg,normal_0555.jpg,normal,normal,0.014271,Correct
./dataset_new\normal\normal_0556.jpg,normal_0556.jpg,normal,normal,0.001029,Correct
./dataset_new\normal\normal_0557.png,normal_0557.png,normal,normal,0.156091,Correct
./dataset_new\normal\normal_0558.jpg,normal_0558.jpg,normal,normal,0.027051,Correct
./dataset_new\normal\normal_0559.jpg,normal_0559.jpg,normal,normal,0.006067,Correct
./dataset_new\normal\normal_0560.jpg,normal_0560.jpg,normal,normal,0.000070,Correct
./dataset_new\normal\normal_0561.jpg,normal_0561.jpg,normal,normal,0.000487,Correct
./dataset_new\normal\normal_0562.jpg,normal_0562.jpg,normal,osteoporosis,0.327925,Wrong
./dataset_new\normal\normal_0563.jpg,normal_0563.jpg,normal,normal,0.000064,Correct
./dataset_new\normal\normal_0564.jpg,normal_0564.jpg,normal,normal,0.001135,Correct
./dataset_new\normal\normal_0565.jpg,normal_0565.jpg,normal,normal,0.171910,Correct
./dataset_new\normal\normal_0566.jpg,normal_0566.jpg,normal,normal,0.015233,Correct
./dataset_new\normal\normal_0567.jpg,normal_0567.jpg,normal,normal,0.000312,Correct
./dataset_new\normal\normal_0568.png,normal_0568.png,normal,normal,0.000333,Correct
./dataset_new\normal\normal_0569.jpg,normal_0569.jpg,normal,normal,0.000208,Correct
./dataset_new\normal\normal_0570.jpg,normal_0570.jpg,normal,normal,0.000819,Correct
./dataset_new\normal\normal_0571.jpg,normal_0571.jpg,normal,normal,0.002647,Correct
./dataset_new\normal\normal_0572.jpg,normal_0572.jpg,normal,normal,0.012408,Correct
./dataset_new\normal\normal_0573.jpg,normal_0573.jpg,normal,normal,0.002376,Correct
./dataset_new\normal\normal_0574.jpg,normal_0574.jpg,normal,normal,0.065652,Correct
./dataset_new\normal\normal_0575.jpg,normal_0575.jpg,normal,normal,0.003488,Correct
./dataset_new\normal\normal_0576.jpg,normal_0576.jpg,normal,normal,0.000452,Correct
./dataset_new\normal\normal_0577.jpg,normal_0577.jpg,normal,normal,0.003617,Correct
./dataset_new\normal\normal_0578.jpg,normal_0578.jpg,normal,osteoporosis,0.352492,Wrong
./dataset_new\normal\normal_0579.png,normal_0579.png,normal,normal,0.001254,Correct
./dataset_new\normal\normal_0580.jpg,normal_0580.jpg,normal,normal,0.043799,Correct
./dataset_new\normal\normal_0581.jpg,normal_0581.jpg,normal,normal,0.001410,Correct
./dataset_new\normal\normal_0582.jpg,normal_0582.jpg,normal,normal,0.000648,Correct
./dataset_new\normal\normal_0583.jpg,normal_0583.jpg,normal,normal,0.003355,Correct
./dataset_new\normal\normal_0584.jpg,normal_0584.jpg,normal,normal,0.002764,Correct
./dataset_new\normal\normal_0585.jpg,normal_0585.jpg,normal,normal,0.003609,Correct
./dataset_new\normal\normal_0586.jpg,normal_0586.jpg,normal,normal,0.000087,Correct
./dataset_new\normal\normal_0587.jpg,normal_0587.jpg,normal,normal,0.003500,Correct
./dataset_new\normal\normal_0588.jpg,normal_0588.jpg,normal,normal,0.013432,Correct
./dataset_new\normal\normal_0589.jpg,normal_0589.jpg,normal,normal,0.000827,Correct
./dataset_new\normal\normal_0590.png,normal_0590.png,normal,normal,0.000145,Correct
./dataset_new\normal\normal_0591.jpg,normal_0591.jpg,normal,normal,0.000248,Correct
./dataset_new\normal\normal_0592.jpg,normal_0592.jpg,normal,normal,0.075168,Correct
./dataset_new\normal\normal_0593.jpg,normal_0593.jpg,normal,normal,0.029850,Correct
./dataset_new\normal\normal_0594.jpg,normal_0594.jpg,normal,normal,0.007719,Correct
./dataset_new\normal\normal_0595.jpg,normal_0595.jpg,normal,normal,0.004909,Correct
./dataset_new\normal\normal_0596.jpg,normal_0596.jpg,normal,normal,0.008215,Correct
./dataset_new\normal\normal_0597.jpg,normal_0597.jpg,normal,normal,0.000257,Correct
./dataset_new\normal\normal_0598.jpg,normal_0598.jpg,normal,normal,0.028209,Correct
./dataset_new\normal\normal_0599.jpg,normal_0599.jpg,normal,normal,0.013483,Correct
./dataset_new\normal\normal_0600.jpg,normal_0600.jpg,normal,normal,0.001837,Correct
./dataset_new\normal\normal_0601.jpg,normal_0601.jpg,normal,normal,0.005463,Correct
./dataset_new\normal\normal_0602.jpg,normal_0602.jpg,normal,normal,0.058514,Correct
./dataset_new\normal\normal_0603.jpg,normal_0603.jpg,normal,normal,0.005110,Correct
./dataset_new\normal\normal_0604.jpg,normal_0604.jpg,normal,normal,0.002385,Correct
./dataset_new\normal\normal_0605.jpg,normal_0605.jpg,normal,normal,0.002407,Correct
./dataset_new\normal\normal_0606.jpg,normal_0606.jpg,normal,normal,0.002615,Correct
./dataset_new\normal\normal_0607.jpg,normal_0607.jpg,normal,normal,0.000156,Correct
./dataset_new\normal\normal_0608.jpg,normal_0608.jpg,normal,normal,0.003236,Correct
./dataset_new\normal\normal_0609.jpg,normal_0609.jpg,normal,normal,0.002016,Correct
./dataset_new\normal\normal_0610.jpg,normal_0610.jpg,normal,normal,0.002585,Correct
./dataset_new\normal\normal_0611.jpg,normal_0611.jpg,normal,normal,0.145804,Correct
./dataset_new\normal\normal_0612.jpg,normal_0612.jpg,normal,normal,0.000074,Correct
./dataset_new\normal\normal_0613.jpg,normal_0613.jpg,normal,normal,0.000656,Correct
./dataset_new\normal\normal_0614.jpg,normal_0614.jpg,normal,normal,0.003264,Correct
./dataset_new\normal\normal_0615.jpg,normal_0615.jpg,normal,normal,0.000060,Correct
./dataset_new\normal\normal_0616.jpg,normal_0616.jpg,normal,normal,0.001374,Correct
./dataset_new\normal\normal_0617.jpg,normal_0617.jpg,normal,normal,0.000646,Correct
./dataset_new\normal\normal_0618.jpg,normal_0618.jpg,normal,normal,0.001118,Correct
./dataset_new\normal\normal_0619.jpg,normal_0619.jpg,normal,normal,0.000468,Correct
./dataset_new\normal\normal_0620.jpg,normal_0620.jpg,normal,normal,0.010174,Correct
./dataset_new\normal\normal_0621.jpg,normal_0621.jpg,normal,normal,0.001410,Correct
./dataset_new\normal\normal_0622.jpg,normal_0622.jpg,normal,normal,0.021407,Correct
./dataset_new\normal\normal_0623.png,normal_0623.png,normal,normal,0.009900,Correct
./dataset_new\normal\normal_0624.jpg,normal_0624.jpg,normal,normal,0.169783,Correct
./dataset_new\normal\normal_0625.jpg,normal_0625.jpg,normal,normal,0.058450,Correct
./dataset_new\normal\normal_0626.jpg,normal_0626.jpg,normal,normal,0.001350,Correct
./dataset_new\normal\normal_0627.jpg,normal_0627.jpg,normal,normal,0.093341,Correct
./dataset_new\normal\normal_0628.jpg,normal_0628.jpg,normal,normal,0.032562,Correct
./dataset_new\normal\normal_0629.jpg,normal_0629.jpg,normal,normal,0.013739,Correct
./dataset_new\normal\normal_0630.jpg,normal_0630.jpg,normal,normal,0.001004,Correct
./dataset_new\normal\normal_0631.jpg,normal_0631.jpg,normal,normal,0.003416,Correct
./dataset_new\normal\normal_0632.jpg,normal_0632.jpg,normal,normal,0.003531,Correct
./dataset_new\normal\normal_0633.jpg,normal_0633.jpg,normal,normal,0.000611,Correct
./dataset_new\normal\normal_0634.png,normal_0634.png,normal,normal,0.000271,Correct
./dataset_new\normal\normal_0635.jpg,normal_0635.jpg,normal,normal,0.008698,Correct
./dataset_new\normal\normal_0636.jpg,normal_0636.jpg,normal,normal,0.151889,Correct
./dataset_new\normal\normal_0637.jpg,normal_0637.jpg,normal,normal,0.025257,Correct
./dataset_new\normal\normal_0638.jpg,normal_0638.jpg,normal,normal,0.001501,Correct
./dataset_new\normal\normal_0639.jpg,normal_0639.jpg,normal,normal,0.002891,Correct
./dataset_new\normal\normal_0640.jpg,normal_0640.jpg,normal,normal,0.008322,Correct
./dataset_new\normal\normal_0641.jpg,normal_0641.jpg,normal,normal,0.031652,Correct
./dataset_new\normal\normal_0642.jpg,normal_0642.jpg,normal,normal,0.000205,Correct
./dataset_new\normal\normal_0643.jpg,normal_0643.jpg,normal,normal,0.013493,Correct
./dataset_new\normal\normal_0644.jpg,normal_0644.jpg,normal,normal,0.002258,Correct
./dataset_new\normal\normal_0645.png,normal_0645.png,normal,normal,0.000010,Correct
./dataset_new\normal\normal_0646.jpg,normal_0646.jpg,normal,normal,0.002596,Correct
./dataset_new\normal\normal_0647.jpg,normal_0647.jpg,normal,normal,0.002199,Correct
./dataset_new\normal\normal_0648.jpg,normal_0648.jpg,normal,normal,0.003309,Correct
./dataset_new\normal\normal_0649.jpg,normal_0649.jpg,normal,normal,0.135692,Correct
./dataset_new\normal\normal_0650.jpg,normal_0650.jpg,normal,normal,0.000486,Correct
./dataset_new\normal\normal_0651.jpg,normal_0651.jpg,normal,normal,0.022778,Correct
./dataset_new\normal\normal_0652.jpg,normal_0652.jpg,normal,normal,0.000398,Correct
./dataset_new\normal\normal_0653.jpg,normal_0653.jpg,normal,normal,0.142435,Correct
./dataset_new\normal\normal_0654.jpg,normal_0654.jpg,normal,normal,0.118967,Correct
./dataset_new\normal\normal_0655.jpg,normal_0655.jpg,normal,normal,0.159805,Correct
./dataset_new\normal\normal_0656.png,normal_0656.png,normal,normal,0.000799,Correct
./dataset_new\normal\normal_0657.jpg,normal_0657.jpg,normal,normal,0.000901,Correct
./dataset_new\normal\normal_0658.jpg,normal_0658.jpg,normal,osteoporosis,0.359835,Wrong
./dataset_new\normal\normal_0659.jpg,normal_0659.jpg,normal,normal,0.089290,Correct
./dataset_new\normal\normal_0660.jpg,normal_0660.jpg,normal,normal,0.037858,Correct
./dataset_new\normal\normal_0661.jpg,normal_0661.jpg,normal,normal,0.000104,Correct
./dataset_new\normal\normal_0662.jpg,normal_0662.jpg,normal,normal,0.008152,Correct
./dataset_new\normal\normal_0663.jpg,normal_0663.jpg,normal,normal,0.292549,Correct
./dataset_new\normal\normal_0664.jpg,normal_0664.jpg,normal,normal,0.009186,Correct
./dataset_new\normal\normal_0665.jpg,normal_0665.jpg,normal,normal,0.063223,Correct
./dataset_new\normal\normal_0666.jpg,normal_0666.jpg,normal,normal,0.034322,Correct
./dataset_new\normal\normal_0667.jpeg,normal_0667.jpeg,normal,normal,0.040466,Correct
./dataset_new\normal\normal_0668.png,normal_0668.png,normal,normal,0.000665,Correct
./dataset_new\normal\normal_0669.jpg,normal_0669.jpg,normal,osteoporosis,0.300876,Wrong
./dataset_new\normal\normal_0670.jpg,normal_0670.jpg,normal,normal,0.147780,Correct
./dataset_new\normal\normal_0671.jpg,normal_0671.jpg,normal,normal,0.006794,Correct
./dataset_new\normal\normal_0672.jpg,normal_0672.jpg,normal,osteoporosis,0.449665,Wrong
./dataset_new\normal\normal_0673.jpg,normal_0673.jpg,normal,normal,0.038967,Correct
./dataset_new\normal\normal_0674.jpg,normal_0674.jpg,normal,normal,0.022612,Correct
./dataset_new\normal\normal_0675.jpg,normal_0675.jpg,normal,normal,0.000924,Correct
./dataset_new\normal\normal_0676.jpg,normal_0676.jpg,normal,normal,0.138003,Correct
./dataset_new\normal\normal_0677.jpg,normal_0677.jpg,normal,normal,0.014974,Correct
./dataset_new\normal\normal_0678.jpg,normal_0678.jpg,normal,normal,0.000199,Correct
./dataset_new\normal\normal_0679.png,normal_0679.png,normal,normal,0.000393,Correct
./dataset_new\normal\normal_0680.jpg,normal_0680.jpg,normal,normal,0.005620,Correct
./dataset_new\normal\normal_0681.jpg,normal_0681.jpg,normal,normal,0.036841,Correct
./dataset_new\normal\normal_0682.jpg,normal_0682.jpg,normal,normal,0.004055,Correct
./dataset_new\normal\normal_0683.jpg,normal_0683.jpg,normal,normal,0.015311,Correct
./dataset_new\normal\normal_0684.jpg,normal_0684.jpg,normal,normal,0.073240,Correct
./dataset_new\normal\normal_0685.jpg,normal_0685.jpg,normal,normal,0.010794,Correct
./dataset_new\normal\normal_0686.jpg,normal_0686.jpg,normal,osteoporosis,0.490236,Wrong
./dataset_new\normal\normal_0687.jpg,normal_0687.jpg,normal,normal,0.015521,Correct
./dataset_new\normal\normal_0688.jpg,normal_0688.jpg,normal,normal,0.000125,Correct
./dataset_new\normal\normal_0689.jpg,normal_0689.jpg,normal,normal,0.002639,Correct
./dataset_new\normal\normal_0690.jpeg,normal_0690.jpeg,normal,normal,0.168270,Correct
./dataset_new\normal\normal_0691.jpg,normal_0691.jpg,normal,normal,0.003032,Correct
./dataset_new\normal\normal_0692.jpg,normal_0692.jpg,normal,normal,0.003427,Correct
./dataset_new\normal\normal_0693.jpg,normal_0693.jpg,normal,normal,0.003427,Correct
./dataset_new\normal\normal_0694.jpg,normal_0694.jpg,normal,normal,0.000257,Correct
./dataset_new\normal\normal_0695.jpg,normal_0695.jpg,normal,normal,0.000137,Correct
./dataset_new\normal\normal_0696.jpg,normal_0696.jpg,normal,normal,0.018763,Correct
./dataset_new\normal\normal_0697.jpg,normal_0697.jpg,normal,normal,0.000385,Correct
./dataset_new\normal\normal_0698.jpg,normal_0698.jpg,normal,normal,0.004858,Correct
./dataset_new\normal\normal_0699.jpg,normal_0699.jpg,normal,normal,0.017221,Correct
./dataset_new\normal\normal_0700.jpg,normal_0700.jpg,normal,normal,0.001463,Correct
./dataset_new\normal\normal_0701.png,normal_0701.png,normal,normal,0.000094,Correct
./dataset_new\normal\normal_0702.jpg,normal_0702.jpg,normal,normal,0.000092,Correct
./dataset_new\normal\normal_0703.jpg,normal_0703.jpg,normal,normal,0.009510,Correct
./dataset_new\normal\normal_0704.jpg,normal_0704.jpg,normal,normal,0.000233,Correct
./dataset_new\normal\normal_0705.jpg,normal_0705.jpg,normal,normal,0.021016,Correct
./dataset_new\normal\normal_0706.jpg,normal_0706.jpg,normal,normal,0.007535,Correct
./dataset_new\normal\normal_0707.jpg,normal_0707.jpg,normal,normal,0.001186,Correct
./dataset_new\normal\normal_0708.jpg,normal_0708.jpg,normal,normal,0.096421,Correct
./dataset_new\normal\normal_0709.jpg,normal_0709.jpg,normal,normal,0.000801,Correct
./dataset_new\normal\normal_0710.jpg,normal_0710.jpg,normal,normal,0.128840,Correct
./dataset_new\normal\normal_0711.jpg,normal_0711.jpg,normal,normal,0.042810,Correct
./dataset_new\normal\normal_0712.png,normal_0712.png,normal,normal,0.000357,Correct
./dataset_new\normal\normal_0713.jpg,normal_0713.jpg,normal,normal,0.000066,Correct
./dataset_new\normal\normal_0714.jpg,normal_0714.jpg,normal,normal,0.021016,Correct
./dataset_new\normal\normal_0715.jpg,normal_0715.jpg,normal,normal,0.008355,Correct
./dataset_new\normal\normal_0716.jpg,normal_0716.jpg,normal,normal,0.003534,Correct
./dataset_new\normal\normal_0717.jpg,normal_0717.jpg,normal,normal,0.000849,Correct
./dataset_new\normal\normal_0718.jpg,normal_0718.jpg,normal,normal,0.000887,Correct
./dataset_new\normal\normal_0719.jpg,normal_0719.jpg,normal,normal,0.028078,Correct
./dataset_new\normal\normal_0720.jpg,normal_0720.jpg,normal,normal,0.008355,Correct
./dataset_new\normal\normal_0721.jpg,normal_0721.jpg,normal,normal,0.167242,Correct
./dataset_new\normal\normal_0722.jpg,normal_0722.jpg,normal,normal,0.000080,Correct
./dataset_new\normal\normal_0723.jpg,normal_0723.jpg,normal,normal,0.000303,Correct
./dataset_new\normal\normal_0724.jpg,normal_0724.jpg,normal,normal,0.051091,Correct
./dataset_new\normal\normal_0725.jpg,normal_0725.jpg,normal,normal,0.034297,Correct
./dataset_new\normal\normal_0726.jpg,normal_0726.jpg,normal,normal,0.060985,Correct
./dataset_new\normal\normal_0727.jpg,normal_0727.jpg,normal,normal,0.000150,Correct
./dataset_new\normal\normal_0728.jpg,normal_0728.jpg,normal,normal,0.020106,Correct
./dataset_new\normal\normal_0729.jpg,normal_0729.jpg,normal,normal,0.059369,Correct
./dataset_new\normal\normal_0730.jpg,normal_0730.jpg,normal,normal,0.008722,Correct
./dataset_new\normal\normal_0731.jpg,normal_0731.jpg,normal,normal,0.010793,Correct
./dataset_new\normal\normal_0732.jpg,normal_0732.jpg,normal,osteoporosis,0.465705,Wrong
./dataset_new\normal\normal_0733.jpg,normal_0733.jpg,normal,normal,0.013548,Correct
./dataset_new\normal\normal_0734.jpg,normal_0734.jpg,normal,normal,0.002888,Correct
./dataset_new\normal\normal_0735.jpg,normal_0735.jpg,normal,normal,0.000237,Correct
./dataset_new\normal\normal_0736.jpg,normal_0736.jpg,normal,normal,0.041602,Correct
./dataset_new\normal\normal_0737.jpg,normal_0737.jpg,normal,normal,0.002894,Correct
./dataset_new\normal\normal_0738.jpg,normal_0738.jpg,normal,normal,0.085808,Correct
./dataset_new\normal\normal_0739.jpg,normal_0739.jpg,normal,normal,0.005014,Correct
./dataset_new\normal\normal_0740.jpg,normal_0740.jpg,normal,normal,0.020730,Correct
./dataset_new\normal\normal_0741.jpg,normal_0741.jpg,normal,normal,0.020549,Correct
./dataset_new\normal\normal_0742.jpg,normal_0742.jpg,normal,normal,0.000325,Correct
./dataset_new\normal\normal_0743.jpg,normal_0743.jpg,normal,normal,0.002009,Correct
./dataset_new\normal\normal_0744.jpg,normal_0744.jpg,normal,normal,0.005989,Correct
./dataset_new\normal\normal_0745.png,normal_0745.png,normal,normal,0.010689,Correct
./dataset_new\normal\normal_0746.jpg,normal_0746.jpg,normal,normal,0.072132,Correct
./dataset_new\normal\normal_0747.jpg,normal_0747.jpg,normal,normal,0.249412,Correct
./dataset_new\normal\normal_0748.jpg,normal_0748.jpg,normal,normal,0.001075,Correct
./dataset_new\normal\normal_0749.jpg,normal_0749.jpg,normal,normal,0.000360,Correct
./dataset_new\normal\normal_0750.jpg,normal_0750.jpg,normal,normal,0.000855,Correct
./dataset_new\normal\normal_0751.jpg,normal_0751.jpg,normal,normal,0.000144,Correct
./dataset_new\normal\normal_0752.jpg,normal_0752.jpg,normal,normal,0.003192,Correct
./dataset_new\normal\normal_0753.jpg,normal_0753.jpg,normal,normal,0.001294,Correct
./dataset_new\normal\normal_0754.jpg,normal_0754.jpg,normal,normal,0.012693,Correct
./dataset_new\normal\normal_0755.jpg,normal_0755.jpg,normal,normal,0.000021,Correct
./dataset_new\normal\normal_0756.jpg,normal_0756.jpg,normal,normal,0.238810,Correct
./dataset_new\normal\normal_0757.jpg,normal_0757.jpg,normal,normal,0.010136,Correct
./dataset_new\normal\normal_0758.jpg,normal_0758.jpg,normal,normal,0.019731,Correct
./dataset_new\normal\normal_0759.jpeg,normal_0759.jpeg,normal,normal,0.016559,Correct
./dataset_new\normal\normal_0760.jpg,normal_0760.jpg,normal,normal,0.031576,Correct
./dataset_new\normal\normal_0761.jpeg,normal_0761.jpeg,normal,normal,0.099906,Correct
./dataset_new\normal\normal_0762.jpeg,normal_0762.jpeg,normal,normal,0.016176,Correct
./dataset_new\normal\normal_0763.jpeg,normal_0763.jpeg,normal,normal,0.067564,Correct
./dataset_new\normal\normal_0764.png,normal_0764.png,normal,normal,0.022984,Correct
./dataset_new\normal\normal_0765.png,normal_0765.png,normal,normal,0.001159,Correct
./dataset_new\normal\normal_0766.png,normal_0766.png,normal,normal,0.000159,Correct
./dataset_new\normal\normal_0767.jpeg,normal_0767.jpeg,normal,normal,0.012448,Correct
./dataset_new\normal\normal_0768.jpg,normal_0768.jpg,normal,normal,0.004096,Correct
./dataset_new\normal\normal_0769.png,normal_0769.png,normal,normal,0.002017,Correct
./dataset_new\normal\normal_0770.png,normal_0770.png,normal,normal,0.055475,Correct
./dataset_new\normal\normal_0771.png,normal_0771.png,normal,normal,0.004569,Correct
./dataset_new\normal\normal_0772.png,normal_0772.png,normal,normal,0.000767,Correct
./dataset_new\normal\normal_0773.png,normal_0773.png,normal,normal,0.008121,Correct
./dataset_new\normal\normal_0774.jpeg,normal_0774.jpeg,normal,normal,0.268136,Correct
./dataset_new\normal\normal_0775.jpeg,normal_0775.jpeg,normal,normal,0.012823,Correct
./dataset_new\normal\normal_0776.png,normal_0776.png,normal,normal,0.125911,Correct
./dataset_new\normal\normal_0777.jpeg,normal_0777.jpeg,normal,normal,0.012033,Correct
./dataset_new\normal\normal_0778.jpeg,normal_0778.jpeg,normal,normal,0.003979,Correct
./dataset_new\normal\normal_0779.jpeg,normal_0779.jpeg,normal,normal,0.000680,Correct
./dataset_new\normal\normal_0780.jpg,normal_0780.jpg,normal,normal,0.003608,Correct
./dataset_new\normal\normal_0781.png,normal_0781.png,normal,normal,0.070210,Correct
./dataset_new\normal\normal_0782.jpg,normal_0782.jpg,normal,normal,0.008920,Correct
./dataset_new\normal\normal_0783.jpg,normal_0783.jpg,normal,normal,0.000002,Correct
./dataset_new\normal\normal_0784.jpg,normal_0784.jpg,normal,normal,0.003138,Correct
./dataset_new\normal\normal_0785.jpg,normal_0785.jpg,normal,normal,0.000039,Correct
./dataset_new\normal\normal_0786.jpg,normal_0786.jpg,normal,normal,0.001029,Correct
./dataset_new\normal\normal_0787.jpeg,normal_0787.jpeg,normal,normal,0.040466,Correct
./dataset_new\normal\normal_0788.jpeg,normal_0788.jpeg,normal,normal,0.016559,Correct
./dataset_new\normal\normal_0789.png,normal_0789.png,normal,normal,0.055475,Correct
./dataset_new\normal\normal_0790.png,normal_0790.png,normal,normal,0.001191,Correct
./dataset_new\normal\normal_0791.png,normal_0791.png,normal,normal,0.009983,Correct
./dataset_new\normal\normal_0792.jpg,normal_0792.jpg,normal,normal,0.002925,Correct
./dataset_new\normal\normal_0793.jpg,normal_0793.jpg,normal,normal,0.000037,Correct
./dataset_new\normal\normal_0794.png,normal_0794.png,normal,normal,0.000558,Correct
./dataset_new\normal\normal_0795.jpg,normal_0795.jpg,normal,normal,0.000122,Correct
./dataset_new\normal\normal_0796.png,normal_0796.png,normal,normal,0.026629,Correct
./dataset_new\normal\normal_0797.jpg,normal_0797.jpg,normal,normal,0.000042,Correct
./dataset_new\normal\normal_0798.jpg,normal_0798.jpg,normal,normal,0.000194,Correct
./dataset_new\normal\normal_0799.jpg,normal_0799.jpg,normal,normal,0.002685,Correct
./dataset_new\normal\normal_0800.png,normal_0800.png,normal,normal,0.000751,Correct
./dataset_new\normal\normal_0801.jpg,normal_0801.jpg,normal,normal,0.000013,Correct
./dataset_new\normal\normal_0802.png,normal_0802.png,normal,normal,0.005912,Correct
./dataset_new\normal\normal_0803.png,normal_0803.png,normal,normal,0.000227,Correct
./dataset_new\normal\normal_0804.jpg,normal_0804.jpg,normal,normal,0.000218,Correct
./dataset_new\normal\normal_0805.png,normal_0805.png,normal,normal,0.003862,Correct
./dataset_new\normal\normal_0806.png,normal_0806.png,normal,normal,0.000580,Correct
./dataset_new\normal\normal_0807.png,normal_0807.png,normal,normal,0.039047,Correct
./dataset_new\normal\normal_0808.jpg,normal_0808.jpg,normal,normal,0.001971,Correct
./dataset_new\normal\normal_0809.png,normal_0809.png,normal,normal,0.000138,Correct
./dataset_new\normal\normal_0810.png,normal_0810.png,normal,normal,0.000423,Correct
./dataset_new\normal\normal_0811.jpg,normal_0811.jpg,normal,normal,0.137355,Correct
./dataset_new\normal\normal_0812.png,normal_0812.png,normal,normal,0.016078,Correct
./dataset_new\normal\normal_0813.jpg,normal_0813.jpg,normal,normal,0.000303,Correct
./dataset_new\normal\normal_0814.png,normal_0814.png,normal,normal,0.000106,Correct
./dataset_new\normal\normal_0815.png,normal_0815.png,normal,normal,0.000713,Correct
./dataset_new\normal\normal_0816.png,normal_0816.png,normal,normal,0.002199,Correct
./dataset_new\normal\normal_0817.png,normal_0817.png,normal,normal,0.001064,Correct
./dataset_new\normal\normal_0818.png,normal_0818.png,normal,normal,0.000939,Correct
./dataset_new\normal\normal_0819.png,normal_0819.png,normal,normal,0.000470,Correct
./dataset_new\normal\normal_0820.png,normal_0820.png,normal,normal,0.010112,Correct
./dataset_new\normal\normal_0821.png,normal_0821.png,normal,normal,0.000432,Correct
./dataset_new\normal\normal_0822.png,normal_0822.png,normal,normal,0.004221,Correct
./dataset_new\normal\normal_0823.png,normal_0823.png,normal,normal,0.000047,Correct
./dataset_new\normal\normal_0824.png,normal_0824.png,normal,normal,0.021514,Correct
./dataset_new\normal\normal_0825.png,normal_0825.png,normal,normal,0.005950,Correct
./dataset_new\normal\normal_0826.png,normal_0826.png,normal,normal,0.010010,Correct
./dataset_new\normal\normal_0827.jpg,normal_0827.jpg,normal,normal,0.000053,Correct
./dataset_new\normal\normal_0828.png,normal_0828.png,normal,normal,0.001963,Correct
./dataset_new\normal\normal_0829.png,normal_0829.png,normal,normal,0.003562,Correct
./dataset_new\normal\normal_0830.png,normal_0830.png,normal,normal,0.000524,Correct
./dataset_new\normal\normal_0831.png,normal_0831.png,normal,normal,0.002744,Correct
./dataset_new\normal\normal_0832.jpg,normal_0832.jpg,normal,normal,0.021392,Correct
./dataset_new\normal\normal_0833.png,normal_0833.png,normal,normal,0.001424,Correct
./dataset_new\normal\normal_0834.png,normal_0834.png,normal,normal,0.000252,Correct
./dataset_new\normal\normal_0835.png,normal_0835.png,normal,normal,0.002882,Correct
./dataset_new\normal\normal_0836.png,normal_0836.png,normal,normal,0.001032,Correct
./dataset_new\normal\normal_0837.png,normal_0837.png,normal,normal,0.001344,Correct
./dataset_new\normal\normal_0838.png,normal_0838.png,normal,normal,0.000083,Correct
./dataset_new\normal\normal_0839.jpg,normal_0839.jpg,normal,normal,0.000249,Correct
./dataset_new\normal\normal_0840.png,normal_0840.png,normal,normal,0.156091,Correct
./dataset_new\normal\normal_0841.png,normal_0841.png,normal,normal,0.000333,Correct
./dataset_new\normal\normal_0842.png,normal_0842.png,normal,normal,0.001254,Correct
./dataset_new\normal\normal_0843.png,normal_0843.png,normal,normal,0.000145,Correct
./dataset_new\normal\normal_0844.jpg,normal_0844.jpg,normal,normal,0.005463,Correct
./dataset_new\normal\normal_0845.jpg,normal_0845.jpg,normal,normal,0.000074,Correct
./dataset_new\normal\normal_0846.png,normal_0846.png,normal,normal,0.009900,Correct
./dataset_new\normal\normal_0847.png,normal_0847.png,normal,normal,0.000271,Correct
./dataset_new\normal\normal_0848.png,normal_0848.png,normal,normal,0.000010,Correct
./dataset_new\normal\normal_0849.png,normal_0849.png,normal,normal,0.000799,Correct
./dataset_new\normal\normal_0850.png,normal_0850.png,normal,normal,0.000665,Correct
./dataset_new\normal\normal_0851.png,normal_0851.png,normal,normal,0.000393,Correct
./dataset_new\normal\normal_0852.jpeg,normal_0852.jpeg,normal,normal,0.168270,Correct
./dataset_new\normal\normal_0853.png,normal_0853.png,normal,normal,0.000094,Correct
./dataset_new\normal\normal_0854.png,normal_0854.png,normal,normal,0.000357,Correct
./dataset_new\normal\normal_0855.jpg,normal_0855.jpg,normal,normal,0.000303,Correct
./dataset_new\normal\normal_0856.jpg,normal_0856.jpg,normal,normal,0.002888,Correct
./dataset_new\normal\normal_0857.png,normal_0857.png,normal,normal,0.010689,Correct
./dataset_new\normal\normal_0858.jpg,normal_0858.jpg,normal,normal,0.238810,Correct
./dataset_new\normal\normal_0859.jpg,normal_0859.jpg,normal,normal,0.019731,Correct
./dataset_new\normal\normal_0860.jpg,normal_0860.jpg,normal,normal,0.031576,Correct
./dataset_new\normal\normal_0861.jpeg,normal_0861.jpeg,normal,normal,0.099906,Correct
./dataset_new\normal\normal_0862.jpeg,normal_0862.jpeg,normal,normal,0.016176,Correct
./dataset_new\normal\normal_0863.jpeg,normal_0863.jpeg,normal,normal,0.067564,Correct
./dataset_new\normal\normal_0864.png,normal_0864.png,normal,normal,0.022984,Correct
./dataset_new\normal\normal_0865.png,normal_0865.png,normal,normal,0.001159,Correct
./dataset_new\normal\normal_0866.png,normal_0866.png,normal,normal,0.000159,Correct
./dataset_new\normal\normal_0867.jpeg,normal_0867.jpeg,normal,normal,0.012448,Correct
./dataset_new\normal\normal_0868.jpg,normal_0868.jpg,normal,normal,0.004096,Correct
./dataset_new\normal\normal_0869.png,normal_0869.png,normal,normal,0.002017,Correct
./dataset_new\normal\normal_0870.png,normal_0870.png,normal,normal,0.004569,Correct
./dataset_new\normal\normal_0871.png,normal_0871.png,normal,normal,0.000767,Correct
./dataset_new\normal\normal_0872.png,normal_0872.png,normal,normal,0.008121,Correct
./dataset_new\normal\normal_0873.jpeg,normal_0873.jpeg,normal,normal,0.268136,Correct
./dataset_new\normal\normal_0874.jpeg,normal_0874.jpeg,normal,normal,0.012823,Correct
./dataset_new\normal\normal_0875.png,normal_0875.png,normal,normal,0.125911,Correct
./dataset_new\normal\normal_0876.jpeg,normal_0876.jpeg,normal,normal,0.012033,Correct
./dataset_new\normal\normal_0877.jpeg,normal_0877.jpeg,normal,normal,0.003979,Correct
./dataset_new\normal\normal_0878.jpeg,normal_0878.jpeg,normal,normal,0.000680,Correct
./dataset_new\normal\normal_0879.jpg,normal_0879.jpg,normal,normal,0.003608,Correct
./dataset_new\normal\normal_0880.jpg,normal_0880.jpg,normal,normal,0.001192,Correct
./dataset_new\normal\normal_0881.jpg,normal_0881.jpg,normal,normal,0.000139,Correct
./dataset_new\normal\normal_0882.jpg,normal_0882.jpg,normal,normal,0.005791,Correct
./dataset_new\normal\normal_0883.jpeg,normal_0883.jpeg,normal,normal,0.127949,Correct
./dataset_new\normal\normal_0884.jpeg,normal_0884.jpeg,normal,normal,0.021393,Correct
./dataset_new\normal\normal_0885.jpg,normal_0885.jpg,normal,normal,0.000966,Correct
./dataset_new\normal\normal_0886.jpg,normal_0886.jpg,normal,normal,0.003536,Correct
./dataset_new\normal\normal_0887.jpg,normal_0887.jpg,normal,normal,0.000813,Correct
./dataset_new\normal\normal_0888.jpg,normal_0888.jpg,normal,normal,0.000925,Correct
./dataset_new\normal\normal_0889.jpg,normal_0889.jpg,normal,normal,0.203743,Correct
./dataset_new\normal\normal_0890.jpg,normal_0890.jpg,normal,normal,0.000061,Correct
./dataset_new\normal\normal_0891.png,normal_0891.png,normal,normal,0.015337,Correct
./dataset_new\normal\normal_0892.png,normal_0892.png,normal,normal,0.004812,Correct
./dataset_new\normal\normal_0893.jpg,normal_0893.jpg,normal,normal,0.003754,Correct
./dataset_new\normal\normal_0894.jpg,normal_0894.jpg,normal,normal,0.000030,Correct
./dataset_new\normal\normal_0895.jpeg,normal_0895.jpeg,normal,normal,0.079896,Correct
./dataset_new\normal\normal_0896.jpeg,normal_0896.jpeg,normal,normal,0.001036,Correct
./dataset_new\normal\normal_0897.jpg,normal_0897.jpg,normal,normal,0.111297,Correct
./dataset_new\normal\normal_0898.jpg,normal_0898.jpg,normal,normal,0.163484,Correct
./dataset_new\normal\normal_0899.jpg,normal_0899.jpg,normal,normal,0.111441,Correct
./dataset_new\normal\normal_0900.jpg,normal_0900.jpg,normal,normal,0.003717,Correct
./dataset_new\normal\normal_0901.jpeg,normal_0901.jpeg,normal,normal,0.117407,Correct
./dataset_new\normal\normal_0902.png,normal_0902.png,normal,normal,0.283318,Correct
./dataset_new\normal\normal_0903.jpeg,normal_0903.jpeg,normal,normal,0.026734,Correct
./dataset_new\normal\normal_0904.jpg,normal_0904.jpg,normal,normal,0.000006,Correct
./dataset_new\normal\normal_0905.jpg,normal_0905.jpg,normal,normal,0.000783,Correct
./dataset_new\normal\normal_0906.jpg,normal_0906.jpg,normal,normal,0.000677,Correct
./dataset_new\normal\normal_0907.jpg,normal_0907.jpg,normal,normal,0.002335,Correct
./dataset_new\normal\normal_0908.jpg,normal_0908.jpg,normal,normal,0.002335,Correct
./dataset_new\normal\normal_0909.jpg,normal_0909.jpg,normal,normal,0.000129,Correct
./dataset_new\normal\normal_0910.jpg,normal_0910.jpg,normal,normal,0.000361,Correct
./dataset_new\normal\normal_0911.jpg,normal_0911.jpg,normal,normal,0.005821,Correct
./dataset_new\normal\normal_0912.jpg,normal_0912.jpg,normal,normal,0.000900,Correct
./dataset_new\normal\normal_0913.png,normal_0913.png,normal,normal,0.014764,Correct
./dataset_new\normal\normal_0914.png,normal_0914.png,normal,normal,0.038822,Correct
./dataset_new\normal\normal_0915.jpg,normal_0915.jpg,normal,normal,0.000598,Correct
./dataset_new\normal\normal_0916.jpg,normal_0916.jpg,normal,normal,0.000069,Correct
./dataset_new\normal\normal_0917.jpg,normal_0917.jpg,normal,normal,0.007399,Correct
./dataset_new\normal\normal_0918.jpg,normal_0918.jpg,normal,normal,0.000128,Correct
./dataset_new\normal\normal_0919.jpg,normal_0919.jpg,normal,normal,0.016993,Correct
./dataset_new\normal\normal_0920.jpg,normal_0920.jpg,normal,normal,0.000773,Correct
./dataset_new\normal\normal_0921.jpg,normal_0921.jpg,normal,normal,0.000412,Correct
./dataset_new\normal\normal_0922.jpg,normal_0922.jpg,normal,normal,0.095926,Correct
./dataset_new\normal\normal_0923.jpg,normal_0923.jpg,normal,normal,0.110862,Correct
./dataset_new\normal\normal_0924.jpg,normal_0924.jpg,normal,normal,0.014361,Correct
./dataset_new\normal\normal_0925.jpg,normal_0925.jpg,normal,normal,0.000005,Correct
./dataset_new\normal\normal_0926.jpg,normal_0926.jpg,normal,normal,0.016993,Correct
./dataset_new\normal\normal_0927.jpg,normal_0927.jpg,normal,normal,0.002297,Correct
./dataset_new\normal\normal_0928.png,normal_0928.png,normal,normal,0.009742,Correct
./dataset_new\normal\normal_0929.jpg,normal_0929.jpg,normal,normal,0.007091,Correct
./dataset_new\normal\normal_0930.jpg,normal_0930.jpg,normal,normal,0.000296,Correct
./dataset_new\normal\normal_0931.jpg,normal_0931.jpg,normal,normal,0.000170,Correct
./dataset_new\normal\normal_0932.jpg,normal_0932.jpg,normal,normal,0.002796,Correct
./dataset_new\normal\normal_0933.jpg,normal_0933.jpg,normal,normal,0.002297,Correct
./dataset_new\normal\normal_0934.jpg,normal_0934.jpg,normal,normal,0.000003,Correct
./dataset_new\normal\normal_0935.jpg,normal_0935.jpg,normal,normal,0.016051,Correct
./dataset_new\normal\normal_0936.jpg,normal_0936.jpg,normal,normal,0.006269,Correct
./dataset_new\normal\normal_0937.jpg,normal_0937.jpg,normal,normal,0.035428,Correct
./dataset_new\normal\normal_0938.jpg,normal_0938.jpg,normal,normal,0.000193,Correct
./dataset_new\normal\normal_0939.jpg,normal_0939.jpg,normal,normal,0.004010,Correct
./dataset_new\normal\normal_0940.png,normal_0940.png,normal,normal,0.027433,Correct
./dataset_new\normal\normal_0941.jpg,normal_0941.jpg,normal,normal,0.001741,Correct
./dataset_new\normal\normal_0942.png,normal_0942.png,normal,normal,0.001236,Correct
./dataset_new\normal\normal_0943.jpg,normal_0943.jpg,normal,normal,0.002226,Correct
./dataset_new\normal\normal_0944.jpeg,normal_0944.jpeg,normal,normal,0.198794,Correct
./dataset_new\normal\normal_0945.jpg,normal_0945.jpg,normal,normal,0.000077,Correct
./dataset_new\normal\normal_0946.jpg,normal_0946.jpg,normal,normal,0.010004,Correct
./dataset_new\normal\normal_0947.png,normal_0947.png,normal,normal,0.000942,Correct
./dataset_new\normal\normal_0948.jpg,normal_0948.jpg,normal,normal,0.000153,Correct
./dataset_new\normal\normal_0949.jpeg,normal_0949.jpeg,normal,normal,0.081879,Correct
./dataset_new\normal\normal_0950.jpg,normal_0950.jpg,normal,normal,0.002196,Correct
./dataset_new\normal\normal_0951.jpg,normal_0951.jpg,normal,normal,0.002704,Correct
./dataset_new\normal\normal_0952.jpg,normal_0952.jpg,normal,normal,0.009285,Correct
./dataset_new\normal\normal_0953.png,normal_0953.png,normal,normal,0.032080,Correct
./dataset_new\normal\normal_0954.jpg,normal_0954.jpg,normal,normal,0.000183,Correct
./dataset_new\normal\normal_0955.jpg,normal_0955.jpg,normal,normal,0.000548,Correct
./dataset_new\normal\normal_0956.jpg,normal_0956.jpg,normal,normal,0.002754,Correct
./dataset_new\normal\normal_0957.png,normal_0957.png,normal,osteoporosis,0.334563,Wrong
./dataset_new\normal\normal_0958.jpg,normal_0958.jpg,normal,normal,0.000294,Correct
./dataset_new\normal\normal_0959.png,normal_0959.png,normal,normal,0.006658,Correct
./dataset_new\normal\normal_0960.jpeg,normal_0960.jpeg,normal,normal,0.000088,Correct
./dataset_new\normal\normal_0961.jpg,normal_0961.jpg,normal,normal,0.001513,Correct
./dataset_new\normal\normal_0962.jpg,normal_0962.jpg,normal,normal,0.000029,Correct
./dataset_new\normal\normal_0963.png,normal_0963.png,normal,normal,0.004812,Correct
./dataset_new\normal\normal_0964.jpg,normal_0964.jpg,normal,normal,0.000671,Correct
./dataset_new\normal\normal_0965.jpg,normal_0965.jpg,normal,osteoporosis,0.404917,Wrong
./dataset_new\normal\normal_0966.jpg,normal_0966.jpg,normal,normal,0.000318,Correct
./dataset_new\osteoporosis\osteoporosis_0001.jpeg,osteoporosis_0001.jpeg,osteoporosis,osteoporosis,0.426072,Correct
./dataset_new\osteoporosis\osteoporosis_0002.png,osteoporosis_0002.png,osteoporosis,osteoporosis,0.634083,Correct
./dataset_new\osteoporosis\osteoporosis_0003.png,osteoporosis_0003.png,osteoporosis,osteoporosis,0.543702,Correct
./dataset_new\osteoporosis\osteoporosis_0004.png,osteoporosis_0004.png,osteoporosis,osteoporosis,0.586887,Correct
./dataset_new\osteoporosis\osteoporosis_0005.png,osteoporosis_0005.png,osteoporosis,osteoporosis,0.465532,Correct
./dataset_new\osteoporosis\osteoporosis_0006.jpeg,osteoporosis_0006.jpeg,osteoporosis,normal,0.268136,Wrong
./dataset_new\osteoporosis\osteoporosis_0007.png,osteoporosis_0007.png,osteoporosis,normal,0.050658,Wrong
./dataset_new\osteoporosis\osteoporosis_0008.png,osteoporosis_0008.png,osteoporosis,normal,0.028567,Wrong
./dataset_new\osteoporosis\osteoporosis_0009.png,osteoporosis_0009.png,osteoporosis,normal,0.161747,Wrong
./dataset_new\osteoporosis\osteoporosis_0010.png,osteoporosis_0010.png,osteoporosis,osteoporosis,0.376478,Correct
./dataset_new\osteoporosis\osteoporosis_0011.png,osteoporosis_0011.png,osteoporosis,normal,0.055306,Wrong
./dataset_new\osteoporosis\osteoporosis_0012.png,osteoporosis_0012.png,osteoporosis,osteoporosis,0.834471,Correct
./dataset_new\osteoporosis\osteoporosis_0013.jpeg,osteoporosis_0013.jpeg,osteoporosis,normal,0.286209,Wrong
./dataset_new\osteoporosis\osteoporosis_0014.png,osteoporosis_0014.png,osteoporosis,normal,0.266148,Wrong
./dataset_new\osteoporosis\osteoporosis_0015.png,osteoporosis_0015.png,osteoporosis,normal,0.053385,Wrong
./dataset_new\osteoporosis\osteoporosis_0016.png,osteoporosis_0016.png,osteoporosis,osteoporosis,0.333403,Correct
./dataset_new\osteoporosis\osteoporosis_0017.png,osteoporosis_0017.png,osteoporosis,normal,0.126200,Wrong
./dataset_new\osteoporosis\osteoporosis_0018.jpeg,osteoporosis_0018.jpeg,osteoporosis,osteoporosis,0.967521,Correct
./dataset_new\osteoporosis\osteoporosis_0019.jpeg,osteoporosis_0019.jpeg,osteoporosis,osteoporosis,0.646605,Correct
./dataset_new\osteoporosis\osteoporosis_0020.jpeg,osteoporosis_0020.jpeg,osteoporosis,osteoporosis,0.880251,Correct
./dataset_new\osteoporosis\osteoporosis_0021.jpg,osteoporosis_0021.jpg,osteoporosis,normal,0.097556,Wrong
./dataset_new\osteoporosis\osteoporosis_0022.jpg,osteoporosis_0022.jpg,osteoporosis,normal,0.181898,Wrong
./dataset_new\osteoporosis\osteoporosis_0023.jpg,osteoporosis_0023.jpg,osteoporosis,normal,0.206288,Wrong
./dataset_new\osteoporosis\osteoporosis_0024.jpg,osteoporosis_0024.jpg,osteoporosis,normal,0.011124,Wrong
./dataset_new\osteoporosis\osteoporosis_0025.jpeg,osteoporosis_0025.jpeg,osteoporosis,normal,0.021393,Wrong
./dataset_new\osteoporosis\osteoporosis_0026.jpg,osteoporosis_0026.jpg,osteoporosis,normal,0.020188,Wrong
./dataset_new\osteoporosis\osteoporosis_0027.jpg,osteoporosis_0027.jpg,osteoporosis,normal,0.010651,Wrong
./dataset_new\osteoporosis\osteoporosis_0028.jpg,osteoporosis_0028.jpg,osteoporosis,osteoporosis,0.674915,Correct
./dataset_new\osteoporosis\osteoporosis_0029.jpg,osteoporosis_0029.jpg,osteoporosis,normal,0.059348,Wrong
./dataset_new\osteoporosis\osteoporosis_0030.jpg,osteoporosis_0030.jpg,osteoporosis,normal,0.212081,Wrong
./dataset_new\osteoporosis\osteoporosis_0031.png,osteoporosis_0031.png,osteoporosis,osteoporosis,0.519075,Correct
./dataset_new\osteoporosis\osteoporosis_0032.jpg,osteoporosis_0032.jpg,osteoporosis,normal,0.098413,Wrong
./dataset_new\osteoporosis\osteoporosis_0033.jpg,osteoporosis_0033.jpg,osteoporosis,normal,0.191027,Wrong
./dataset_new\osteoporosis\osteoporosis_0034.jpg,osteoporosis_0034.jpg,osteoporosis,normal,0.051855,Wrong
./dataset_new\osteoporosis\osteoporosis_0035.png,osteoporosis_0035.png,osteoporosis,osteoporosis,0.882500,Correct
./dataset_new\osteoporosis\osteoporosis_0036.jpg,osteoporosis_0036.jpg,osteoporosis,normal,0.037562,Wrong
./dataset_new\osteoporosis\osteoporosis_0037.jpg,osteoporosis_0037.jpg,osteoporosis,normal,0.146648,Wrong
./dataset_new\osteoporosis\osteoporosis_0038.jpg,osteoporosis_0038.jpg,osteoporosis,normal,0.239782,Wrong
./dataset_new\osteoporosis\osteoporosis_0039.jpg,osteoporosis_0039.jpg,osteoporosis,osteoporosis,0.520271,Correct
./dataset_new\osteoporosis\osteoporosis_0040.jpeg,osteoporosis_0040.jpeg,osteoporosis,osteoporosis,0.972570,Correct
./dataset_new\osteoporosis\osteoporosis_0041.jpg,osteoporosis_0041.jpg,osteoporosis,normal,0.181374,Wrong
./dataset_new\osteoporosis\osteoporosis_0042.jpg,osteoporosis_0042.jpg,osteoporosis,normal,0.027357,Wrong
./dataset_new\osteoporosis\osteoporosis_0043.jpg,osteoporosis_0043.jpg,osteoporosis,osteoporosis,0.404917,Correct
./dataset_new\osteoporosis\osteoporosis_0044.jpg,osteoporosis_0044.jpg,osteoporosis,normal,0.168266,Wrong
./dataset_new\osteoporosis\osteoporosis_0045.jpg,osteoporosis_0045.jpg,osteoporosis,normal,0.228803,Wrong
./dataset_new\osteoporosis\osteoporosis_0046.jpg,osteoporosis_0046.jpg,osteoporosis,normal,0.046841,Wrong
./dataset_new\osteoporosis\osteoporosis_0047.jpg,osteoporosis_0047.jpg,osteoporosis,normal,0.201594,Wrong
./dataset_new\osteoporosis\osteoporosis_0048.jpg,osteoporosis_0048.jpg,osteoporosis,normal,0.052241,Wrong
./dataset_new\osteoporosis\osteoporosis_0049.jpg,osteoporosis_0049.jpg,osteoporosis,normal,0.108821,Wrong
./dataset_new\osteoporosis\osteoporosis_0050.jpg,osteoporosis_0050.jpg,osteoporosis,normal,0.052715,Wrong
./dataset_new\osteoporosis\osteoporosis_0051.jpg,osteoporosis_0051.jpg,osteoporosis,normal,0.056156,Wrong
./dataset_new\osteoporosis\osteoporosis_0052.jpg,osteoporosis_0052.jpg,osteoporosis,normal,0.070926,Wrong
./dataset_new\osteoporosis\osteoporosis_0053.jpg,osteoporosis_0053.jpg,osteoporosis,normal,0.203743,Wrong
./dataset_new\osteoporosis\osteoporosis_0054.jpeg,osteoporosis_0054.jpeg,osteoporosis,osteoporosis,0.333485,Correct
./dataset_new\osteoporosis\osteoporosis_0055.png,osteoporosis_0055.png,osteoporosis,osteoporosis,0.989277,Correct
./dataset_new\osteoporosis\osteoporosis_0056.jpeg,osteoporosis_0056.jpeg,osteoporosis,osteoporosis,0.413465,Correct
./dataset_new\osteoporosis\osteoporosis_0057.png,osteoporosis_0057.png,osteoporosis,osteoporosis,0.461681,Correct
./dataset_new\osteoporosis\osteoporosis_0058.png,osteoporosis_0058.png,osteoporosis,normal,0.038822,Wrong
./dataset_new\osteoporosis\osteoporosis_0059.jpeg,osteoporosis_0059.jpeg,osteoporosis,osteoporosis,0.332246,Correct
./dataset_new\osteoporosis\osteoporosis_0060.png,osteoporosis_0060.png,osteoporosis,osteoporosis,0.472247,Correct
./dataset_new\osteoporosis\osteoporosis_0061.png,osteoporosis_0061.png,osteoporosis,osteoporosis,0.849261,Correct
./dataset_new\osteoporosis\osteoporosis_0062.jpg,osteoporosis_0062.jpg,osteoporosis,normal,0.095926,Wrong
./dataset_new\osteoporosis\osteoporosis_0063.jpeg,osteoporosis_0063.jpeg,osteoporosis,osteoporosis,0.536279,Correct
./dataset_new\osteoporosis\osteoporosis_0064.jpeg,osteoporosis_0064.jpeg,osteoporosis,normal,0.071317,Wrong
./dataset_new\osteoporosis\osteoporosis_0065.jpeg,osteoporosis_0065.jpeg,osteoporosis,normal,0.149169,Wrong
./dataset_new\osteoporosis\osteoporosis_0066.png,osteoporosis_0066.png,osteoporosis,osteoporosis,0.304801,Correct
./dataset_new\osteoporosis\osteoporosis_0067.jpeg,osteoporosis_0067.jpeg,osteoporosis,osteoporosis,0.663847,Correct
./dataset_new\osteoporosis\osteoporosis_0068.jpg,osteoporosis_0068.jpg,osteoporosis,normal,0.013381,Wrong
./dataset_new\osteoporosis\osteoporosis_0069.png,osteoporosis_0069.png,osteoporosis,osteoporosis,0.747716,Correct
./dataset_new\osteoporosis\osteoporosis_0070.jpeg,osteoporosis_0070.jpeg,osteoporosis,normal,0.166477,Wrong
./dataset_new\osteoporosis\osteoporosis_0071.jpeg,osteoporosis_0071.jpeg,osteoporosis,normal,0.147118,Wrong
./dataset_new\osteoporosis\osteoporosis_0072.png,osteoporosis_0072.png,osteoporosis,osteoporosis,0.646642,Correct
./dataset_new\osteoporosis\osteoporosis_0073.png,osteoporosis_0073.png,osteoporosis,osteoporosis,0.567125,Correct
./dataset_new\osteoporosis\osteoporosis_0074.jpeg,osteoporosis_0074.jpeg,osteoporosis,normal,0.284666,Wrong
./dataset_new\osteoporosis\osteoporosis_0075.png,osteoporosis_0075.png,osteoporosis,osteoporosis,0.636368,Correct
./dataset_new\osteoporosis\osteoporosis_0076.png,osteoporosis_0076.png,osteoporosis,osteoporosis,0.609404,Correct
./dataset_new\osteoporosis\osteoporosis_0077.jpeg,osteoporosis_0077.jpeg,osteoporosis,osteoporosis,0.892457,Correct
./dataset_new\osteoporosis\osteoporosis_0078.png,osteoporosis_0078.png,osteoporosis,normal,0.032080,Wrong
./dataset_new\osteoporosis\osteoporosis_0079.png,osteoporosis_0079.png,osteoporosis,osteoporosis,0.880910,Correct
./dataset_new\osteoporosis\osteoporosis_0080.png,osteoporosis_0080.png,osteoporosis,osteoporosis,0.624734,Correct
./dataset_new\osteoporosis\osteoporosis_0081.jpeg,osteoporosis_0081.jpeg,osteoporosis,osteoporosis,0.925892,Correct
./dataset_new\osteoporosis\osteoporosis_0082.jpeg,osteoporosis_0082.jpeg,osteoporosis,osteoporosis,0.583498,Correct
./dataset_new\osteoporosis\osteoporosis_0083.png,osteoporosis_0083.png,osteoporosis,normal,0.087438,Wrong
./dataset_new\osteoporosis\osteoporosis_0084.jpeg,osteoporosis_0084.jpeg,osteoporosis,osteoporosis,0.831793,Correct
./dataset_new\osteoporosis\osteoporosis_0085.jpeg,osteoporosis_0085.jpeg,osteoporosis,osteoporosis,0.615950,Correct
./dataset_new\osteoporosis\osteoporosis_0086.png,osteoporosis_0086.png,osteoporosis,osteoporosis,0.462971,Correct
./dataset_new\osteoporosis\osteoporosis_0087.jpeg,osteoporosis_0087.jpeg,osteoporosis,osteoporosis,0.463946,Correct
./dataset_new\osteoporosis\osteoporosis_0088.png,osteoporosis_0088.png,osteoporosis,osteoporosis,0.744950,Correct
./dataset_new\osteoporosis\osteoporosis_0089.jpeg,osteoporosis_0089.jpeg,osteoporosis,osteoporosis,0.770335,Correct
./dataset_new\osteoporosis\osteoporosis_0090.png,osteoporosis_0090.png,osteoporosis,osteoporosis,0.653464,Correct
./dataset_new\osteoporosis\osteoporosis_0091.jpeg,osteoporosis_0091.jpeg,osteoporosis,normal,0.096975,Wrong
./dataset_new\osteoporosis\osteoporosis_0092.png,osteoporosis_0092.png,osteoporosis,normal,0.048164,Wrong
./dataset_new\osteoporosis\osteoporosis_0093.png,osteoporosis_0093.png,osteoporosis,normal,0.093151,Wrong
./dataset_new\osteoporosis\osteoporosis_0094.png,osteoporosis_0094.png,osteoporosis,osteoporosis,0.595209,Correct
./dataset_new\osteoporosis\osteoporosis_0095.jpeg,osteoporosis_0095.jpeg,osteoporosis,normal,0.199052,Wrong
./dataset_new\osteoporosis\osteoporosis_0096.jpeg,osteoporosis_0096.jpeg,osteoporosis,osteoporosis,0.865361,Correct
./dataset_new\osteoporosis\osteoporosis_0097.png,osteoporosis_0097.png,osteoporosis,normal,0.223712,Wrong
./dataset_new\osteoporosis\osteoporosis_0098.jpeg,osteoporosis_0098.jpeg,osteoporosis,osteoporosis,0.426072,Correct
./dataset_new\osteoporosis\osteoporosis_0099.png,osteoporosis_0099.png,osteoporosis,osteoporosis,0.634083,Correct
./dataset_new\osteoporosis\osteoporosis_0100.png,osteoporosis_0100.png,osteoporosis,osteoporosis,0.543702,Correct
./dataset_new\osteoporosis\osteoporosis_0101.jpeg,osteoporosis_0101.jpeg,osteoporosis,normal,0.056786,Wrong
./dataset_new\osteoporosis\osteoporosis_0102.png,osteoporosis_0102.png,osteoporosis,osteoporosis,0.586887,Correct
./dataset_new\osteoporosis\osteoporosis_0103.png,osteoporosis_0103.png,osteoporosis,osteoporosis,0.465532,Correct
./dataset_new\osteoporosis\osteoporosis_0104.jpeg,osteoporosis_0104.jpeg,osteoporosis,normal,0.268136,Wrong
./dataset_new\osteoporosis\osteoporosis_0105.png,osteoporosis_0105.png,osteoporosis,normal,0.050658,Wrong
./dataset_new\osteoporosis\osteoporosis_0106.png,osteoporosis_0106.png,osteoporosis,normal,0.028567,Wrong
./dataset_new\osteoporosis\osteoporosis_0107.png,osteoporosis_0107.png,osteoporosis,normal,0.161747,Wrong
./dataset_new\osteoporosis\osteoporosis_0108.png,osteoporosis_0108.png,osteoporosis,osteoporosis,0.376478,Correct
./dataset_new\osteoporosis\osteoporosis_0109.png,osteoporosis_0109.png,osteoporosis,normal,0.055306,Wrong
./dataset_new\osteoporosis\osteoporosis_0110.png,osteoporosis_0110.png,osteoporosis,osteoporosis,0.834471,Correct
./dataset_new\osteoporosis\osteoporosis_0111.jpeg,osteoporosis_0111.jpeg,osteoporosis,normal,0.286209,Wrong
./dataset_new\osteoporosis\osteoporosis_0112.jpeg,osteoporosis_0112.jpeg,osteoporosis,normal,0.214043,Wrong
./dataset_new\osteoporosis\osteoporosis_0113.jpg,osteoporosis_0113.jpg,osteoporosis,normal,0.218043,Wrong
./dataset_new\osteoporosis\osteoporosis_0114.png,osteoporosis_0114.png,osteoporosis,normal,0.266148,Wrong
./dataset_new\osteoporosis\osteoporosis_0115.png,osteoporosis_0115.png,osteoporosis,normal,0.053385,Wrong
./dataset_new\osteoporosis\osteoporosis_0116.png,osteoporosis_0116.png,osteoporosis,osteoporosis,0.333403,Correct
./dataset_new\osteoporosis\osteoporosis_0117.png,osteoporosis_0117.png,osteoporosis,normal,0.126200,Wrong
./dataset_new\osteoporosis\osteoporosis_0118.jpeg,osteoporosis_0118.jpeg,osteoporosis,osteoporosis,0.967521,Correct
./dataset_new\osteoporosis\osteoporosis_0119.jpeg,osteoporosis_0119.jpeg,osteoporosis,osteoporosis,0.646605,Correct
./dataset_new\osteoporosis\osteoporosis_0120.jpeg,osteoporosis_0120.jpeg,osteoporosis,osteoporosis,0.880251,Correct
./dataset_new\osteoporosis\osteoporosis_0121.jpg,osteoporosis_0121.jpg,osteoporosis,normal,0.097556,Wrong
./dataset_new\osteoporosis\osteoporosis_0122.jpg,osteoporosis_0122.jpg,osteoporosis,normal,0.181898,Wrong
./dataset_new\osteoporosis\osteoporosis_0123.jpg,osteoporosis_0123.jpg,osteoporosis,normal,0.206288,Wrong
./dataset_new\osteoporosis\osteoporosis_0124.jpeg,osteoporosis_0124.jpeg,osteoporosis,osteoporosis,0.783247,Correct
./dataset_new\osteoporosis\osteoporosis_0125.jpg,osteoporosis_0125.jpg,osteoporosis,normal,0.011124,Wrong
./dataset_new\osteoporosis\osteoporosis_0126.jpeg,osteoporosis_0126.jpeg,osteoporosis,normal,0.021393,Wrong
./dataset_new\osteoporosis\osteoporosis_0127.jpg,osteoporosis_0127.jpg,osteoporosis,normal,0.020188,Wrong
./dataset_new\osteoporosis\osteoporosis_0128.jpg,osteoporosis_0128.jpg,osteoporosis,normal,0.010651,Wrong
./dataset_new\osteoporosis\osteoporosis_0129.jpg,osteoporosis_0129.jpg,osteoporosis,osteoporosis,0.674915,Correct
./dataset_new\osteoporosis\osteoporosis_0130.jpg,osteoporosis_0130.jpg,osteoporosis,normal,0.059348,Wrong
./dataset_new\osteoporosis\osteoporosis_0131.jpg,osteoporosis_0131.jpg,osteoporosis,normal,0.212081,Wrong
./dataset_new\osteoporosis\osteoporosis_0132.png,osteoporosis_0132.png,osteoporosis,osteoporosis,0.519075,Correct
./dataset_new\osteoporosis\osteoporosis_0133.jpg,osteoporosis_0133.jpg,osteoporosis,normal,0.098413,Wrong
./dataset_new\osteoporosis\osteoporosis_0134.jpg,osteoporosis_0134.jpg,osteoporosis,normal,0.191027,Wrong
./dataset_new\osteoporosis\osteoporosis_0135.png,osteoporosis_0135.png,osteoporosis,osteoporosis,0.487702,Correct
./dataset_new\osteoporosis\osteoporosis_0136.jpg,osteoporosis_0136.jpg,osteoporosis,normal,0.051855,Wrong
./dataset_new\osteoporosis\osteoporosis_0137.png,osteoporosis_0137.png,osteoporosis,osteoporosis,0.882500,Correct
./dataset_new\osteoporosis\osteoporosis_0138.jpg,osteoporosis_0138.jpg,osteoporosis,normal,0.037562,Wrong
./dataset_new\osteoporosis\osteoporosis_0139.jpg,osteoporosis_0139.jpg,osteoporosis,normal,0.146648,Wrong
./dataset_new\osteoporosis\osteoporosis_0140.jpg,osteoporosis_0140.jpg,osteoporosis,normal,0.239782,Wrong
./dataset_new\osteoporosis\osteoporosis_0141.jpg,osteoporosis_0141.jpg,osteoporosis,osteoporosis,0.520271,Correct
./dataset_new\osteoporosis\osteoporosis_0142.jpeg,osteoporosis_0142.jpeg,osteoporosis,osteoporosis,0.972570,Correct
./dataset_new\osteoporosis\osteoporosis_0143.jpg,osteoporosis_0143.jpg,osteoporosis,normal,0.181374,Wrong
./dataset_new\osteoporosis\osteoporosis_0144.jpg,osteoporosis_0144.jpg,osteoporosis,normal,0.027357,Wrong
./dataset_new\osteoporosis\osteoporosis_0145.jpg,osteoporosis_0145.jpg,osteoporosis,osteoporosis,0.404917,Correct
./dataset_new\osteoporosis\osteoporosis_0146.jpeg,osteoporosis_0146.jpeg,osteoporosis,normal,0.090374,Wrong
./dataset_new\osteoporosis\osteoporosis_0147.jpg,osteoporosis_0147.jpg,osteoporosis,normal,0.168266,Wrong
./dataset_new\osteoporosis\osteoporosis_0148.jpg,osteoporosis_0148.jpg,osteoporosis,normal,0.228803,Wrong
./dataset_new\osteoporosis\osteoporosis_0149.jpg,osteoporosis_0149.jpg,osteoporosis,normal,0.046841,Wrong
./dataset_new\osteoporosis\osteoporosis_0150.jpg,osteoporosis_0150.jpg,osteoporosis,normal,0.201594,Wrong
./dataset_new\osteoporosis\osteoporosis_0151.jpg,osteoporosis_0151.jpg,osteoporosis,normal,0.052241,Wrong
./dataset_new\osteoporosis\osteoporosis_0152.jpg,osteoporosis_0152.jpg,osteoporosis,normal,0.108821,Wrong
./dataset_new\osteoporosis\osteoporosis_0153.jpg,osteoporosis_0153.jpg,osteoporosis,normal,0.052715,Wrong
./dataset_new\osteoporosis\osteoporosis_0154.jpg,osteoporosis_0154.jpg,osteoporosis,normal,0.056156,Wrong
./dataset_new\osteoporosis\osteoporosis_0155.jpg,osteoporosis_0155.jpg,osteoporosis,normal,0.070926,Wrong
./dataset_new\osteoporosis\osteoporosis_0156.jpg,osteoporosis_0156.jpg,osteoporosis,normal,0.203743,Wrong
./dataset_new\osteoporosis\osteoporosis_0157.png,osteoporosis_0157.png,osteoporosis,osteoporosis,0.320745,Correct
./dataset_new\osteoporosis\osteoporosis_0158.jpeg,osteoporosis_0158.jpeg,osteoporosis,osteoporosis,0.333485,Correct
./dataset_new\osteoporosis\osteoporosis_0159.png,osteoporosis_0159.png,osteoporosis,osteoporosis,0.989277,Correct
./dataset_new\osteoporosis\osteoporosis_0160.jpeg,osteoporosis_0160.jpeg,osteoporosis,osteoporosis,0.413465,Correct
./dataset_new\osteoporosis\osteoporosis_0161.png,osteoporosis_0161.png,osteoporosis,osteoporosis,0.461681,Correct
./dataset_new\osteoporosis\osteoporosis_0162.png,osteoporosis_0162.png,osteoporosis,normal,0.038822,Wrong
./dataset_new\osteoporosis\osteoporosis_0163.jpeg,osteoporosis_0163.jpeg,osteoporosis,osteoporosis,0.332246,Correct
./dataset_new\osteoporosis\osteoporosis_0164.png,osteoporosis_0164.png,osteoporosis,osteoporosis,0.472247,Correct
./dataset_new\osteoporosis\osteoporosis_0165.png,osteoporosis_0165.png,osteoporosis,osteoporosis,0.849261,Correct
./dataset_new\osteoporosis\osteoporosis_0166.jpg,osteoporosis_0166.jpg,osteoporosis,normal,0.095926,Wrong
./dataset_new\osteoporosis\osteoporosis_0167.jpeg,osteoporosis_0167.jpeg,osteoporosis,osteoporosis,0.536279,Correct
./dataset_new\osteoporosis\osteoporosis_0168.jpeg,osteoporosis_0168.jpeg,osteoporosis,osteoporosis,0.807224,Correct
./dataset_new\osteoporosis\osteoporosis_0169.jpeg,osteoporosis_0169.jpeg,osteoporosis,normal,0.071317,Wrong
./dataset_new\osteoporosis\osteoporosis_0170.jpeg,osteoporosis_0170.jpeg,osteoporosis,normal,0.149169,Wrong
./dataset_new\osteoporosis\osteoporosis_0171.png,osteoporosis_0171.png,osteoporosis,osteoporosis,0.304801,Correct
./dataset_new\osteoporosis\osteoporosis_0172.jpeg,osteoporosis_0172.jpeg,osteoporosis,osteoporosis,0.663847,Correct
./dataset_new\osteoporosis\osteoporosis_0173.jpg,osteoporosis_0173.jpg,osteoporosis,normal,0.013381,Wrong
./dataset_new\osteoporosis\osteoporosis_0174.png,osteoporosis_0174.png,osteoporosis,osteoporosis,0.747716,Correct
./dataset_new\osteoporosis\osteoporosis_0175.jpeg,osteoporosis_0175.jpeg,osteoporosis,normal,0.166477,Wrong
./dataset_new\osteoporosis\osteoporosis_0176.jpeg,osteoporosis_0176.jpeg,osteoporosis,normal,0.147118,Wrong
./dataset_new\osteoporosis\osteoporosis_0177.png,osteoporosis_0177.png,osteoporosis,osteoporosis,0.646642,Correct
./dataset_new\osteoporosis\osteoporosis_0178.png,osteoporosis_0178.png,osteoporosis,osteoporosis,0.567125,Correct
./dataset_new\osteoporosis\osteoporosis_0179.jpeg,osteoporosis_0179.jpeg,osteoporosis,osteoporosis,0.573061,Correct
./dataset_new\osteoporosis\osteoporosis_0180.jpeg,osteoporosis_0180.jpeg,osteoporosis,normal,0.284666,Wrong
./dataset_new\osteoporosis\osteoporosis_0181.png,osteoporosis_0181.png,osteoporosis,osteoporosis,0.636368,Correct
./dataset_new\osteoporosis\osteoporosis_0182.png,osteoporosis_0182.png,osteoporosis,osteoporosis,0.609404,Correct
./dataset_new\osteoporosis\osteoporosis_0183.jpeg,osteoporosis_0183.jpeg,osteoporosis,osteoporosis,0.892457,Correct
./dataset_new\osteoporosis\osteoporosis_0184.png,osteoporosis_0184.png,osteoporosis,normal,0.032080,Wrong
./dataset_new\osteoporosis\osteoporosis_0185.png,osteoporosis_0185.png,osteoporosis,osteoporosis,0.880910,Correct
./dataset_new\osteoporosis\osteoporosis_0186.png,osteoporosis_0186.png,osteoporosis,osteoporosis,0.624734,Correct
./dataset_new\osteoporosis\osteoporosis_0187.jpeg,osteoporosis_0187.jpeg,osteoporosis,osteoporosis,0.925892,Correct
./dataset_new\osteoporosis\osteoporosis_0188.jpeg,osteoporosis_0188.jpeg,osteoporosis,osteoporosis,0.583498,Correct
./dataset_new\osteoporosis\osteoporosis_0189.png,osteoporosis_0189.png,osteoporosis,normal,0.087438,Wrong
./dataset_new\osteoporosis\osteoporosis_0190.jpg,osteoporosis_0190.jpg,osteoporosis,normal,0.241924,Wrong
./dataset_new\osteoporosis\osteoporosis_0191.jpeg,osteoporosis_0191.jpeg,osteoporosis,osteoporosis,0.831793,Correct
./dataset_new\osteoporosis\osteoporosis_0192.jpeg,osteoporosis_0192.jpeg,osteoporosis,osteoporosis,0.615950,Correct
./dataset_new\osteoporosis\osteoporosis_0193.png,osteoporosis_0193.png,osteoporosis,osteoporosis,0.462971,Correct
./dataset_new\osteoporosis\osteoporosis_0194.jpeg,osteoporosis_0194.jpeg,osteoporosis,osteoporosis,0.463946,Correct
./dataset_new\osteoporosis\osteoporosis_0195.png,osteoporosis_0195.png,osteoporosis,osteoporosis,0.744950,Correct
./dataset_new\osteoporosis\osteoporosis_0196.jpeg,osteoporosis_0196.jpeg,osteoporosis,osteoporosis,0.770335,Correct
./dataset_new\osteoporosis\osteoporosis_0197.png,osteoporosis_0197.png,osteoporosis,osteoporosis,0.653464,Correct
./dataset_new\osteoporosis\osteoporosis_0198.jpeg,osteoporosis_0198.jpeg,osteoporosis,normal,0.096975,Wrong
./dataset_new\osteoporosis\osteoporosis_0199.png,osteoporosis_0199.png,osteoporosis,normal,0.048164,Wrong
./dataset_new\osteoporosis\osteoporosis_0200.png,osteoporosis_0200.png,osteoporosis,normal,0.093151,Wrong
./dataset_new\osteoporosis\osteoporosis_0201.png,osteoporosis_0201.png,osteoporosis,normal,0.006009,Wrong
./dataset_new\osteoporosis\osteoporosis_0202.png,osteoporosis_0202.png,osteoporosis,osteoporosis,0.595209,Correct
./dataset_new\osteoporosis\osteoporosis_0203.jpeg,osteoporosis_0203.jpeg,osteoporosis,normal,0.199052,Wrong
./dataset_new\osteoporosis\osteoporosis_0204.jpeg,osteoporosis_0204.jpeg,osteoporosis,osteoporosis,0.865361,Correct
./dataset_new\osteoporosis\osteoporosis_0205.png,osteoporosis_0205.png,osteoporosis,normal,0.223712,Wrong
./dataset_new\osteoporosis\osteoporosis_0206.jpeg,osteoporosis_0206.jpeg,osteoporosis,normal,0.056786,Wrong
./dataset_new\osteoporosis\osteoporosis_0207.jpeg,osteoporosis_0207.jpeg,osteoporosis,normal,0.214043,Wrong
./dataset_new\osteoporosis\osteoporosis_0208.jpg,osteoporosis_0208.jpg,osteoporosis,normal,0.218043,Wrong
./dataset_new\osteoporosis\osteoporosis_0209.jpeg,osteoporosis_0209.jpeg,osteoporosis,osteoporosis,0.783247,Correct
./dataset_new\osteoporosis\osteoporosis_0210.png,osteoporosis_0210.png,osteoporosis,osteoporosis,0.487702,Correct
./dataset_new\osteoporosis\osteoporosis_0211.jpeg,osteoporosis_0211.jpeg,osteoporosis,normal,0.090374,Wrong
./dataset_new\osteoporosis\osteoporosis_0212.jpg,osteoporosis_0212.jpg,osteoporosis,normal,0.145696,Wrong
./dataset_new\osteoporosis\osteoporosis_0213.png,osteoporosis_0213.png,osteoporosis,osteoporosis,0.320745,Correct
./dataset_new\osteoporosis\osteoporosis_0214.jpeg,osteoporosis_0214.jpeg,osteoporosis,osteoporosis,0.807224,Correct
./dataset_new\osteoporosis\osteoporosis_0215.jpeg,osteoporosis_0215.jpeg,osteoporosis,osteoporosis,0.573061,Correct
./dataset_new\osteoporosis\osteoporosis_0216.jpg,osteoporosis_0216.jpg,osteoporosis,normal,0.241924,Wrong
./dataset_new\osteoporosis\osteoporosis_0217.png,osteoporosis_0217.png,osteoporosis,normal,0.006009,Wrong
./dataset_new\osteoporosis\osteoporosis_0218.jpg,osteoporosis_0218.jpg,osteoporosis,normal,0.145696,Wrong
./dataset_new\osteoporosis\osteoporosis_0219.jpeg,osteoporosis_0219.jpeg,osteoporosis,osteoporosis,0.574633,Correct
./dataset_new\osteoporosis\osteoporosis_0220.jpg,osteoporosis_0220.jpg,osteoporosis,normal,0.134641,Wrong
./dataset_new\osteoporosis\osteoporosis_0221.jpg,osteoporosis_0221.jpg,osteoporosis,normal,0.012333,Wrong
./dataset_new\osteoporosis\osteoporosis_0222.png,osteoporosis_0222.png,osteoporosis,normal,0.042588,Wrong
./dataset_new\osteoporosis\osteoporosis_0223.jpeg,osteoporosis_0223.jpeg,osteoporosis,osteoporosis,0.574633,Correct
./dataset_new\osteoporosis\osteoporosis_0224.jpg,osteoporosis_0224.jpg,osteoporosis,normal,0.134641,Wrong
./dataset_new\osteoporosis\osteoporosis_0225.jpg,osteoporosis_0225.jpg,osteoporosis,normal,0.045369,Wrong
./dataset_new\osteoporosis\osteoporosis_0226.png,osteoporosis_0226.png,osteoporosis,normal,0.070575,Wrong
./dataset_new\osteoporosis\osteoporosis_0227.jpg,osteoporosis_0227.jpg,osteoporosis,normal,0.293538,Wrong
./dataset_new\osteoporosis\osteoporosis_0228.jpeg,osteoporosis_0228.jpeg,osteoporosis,osteoporosis,0.978469,Correct
./dataset_new\osteoporosis\osteoporosis_0229.jpg,osteoporosis_0229.jpg,osteoporosis,normal,0.238810,Wrong
./dataset_new\osteoporosis\osteoporosis_0230.jpg,osteoporosis_0230.jpg,osteoporosis,normal,0.280940,Wrong
./dataset_new\osteoporosis\osteoporosis_0231.jpg,osteoporosis_0231.jpg,osteoporosis,normal,0.293538,Wrong
./dataset_new\osteoporosis\osteoporosis_0232.png,osteoporosis_0232.png,osteoporosis,osteoporosis,0.894626,Correct
./dataset_new\osteoporosis\osteoporosis_0233.jpg,osteoporosis_0233.jpg,osteoporosis,normal,0.097961,Wrong
./dataset_new\osteoporosis\osteoporosis_0234.jpg,osteoporosis_0234.jpg,osteoporosis,normal,0.023805,Wrong
./dataset_new\osteoporosis\osteoporosis_0235.jpg,osteoporosis_0235.jpg,osteoporosis,normal,0.012333,Wrong
./dataset_new\osteoporosis\osteoporosis_0236.jpg,osteoporosis_0236.jpg,osteoporosis,normal,0.060669,Wrong
./dataset_new\osteoporosis\osteoporosis_0237.jpg,osteoporosis_0237.jpg,osteoporosis,normal,0.099495,Wrong
./dataset_new\osteoporosis\osteoporosis_0238.jpg,osteoporosis_0238.jpg,osteoporosis,normal,0.110360,Wrong
./dataset_new\osteoporosis\osteoporosis_0239.jpg,osteoporosis_0239.jpg,osteoporosis,normal,0.034806,Wrong
./dataset_new\osteoporosis\osteoporosis_0240.jpg,osteoporosis_0240.jpg,osteoporosis,normal,0.137355,Wrong
./dataset_new\osteoporosis\osteoporosis_0241.png,osteoporosis_0241.png,osteoporosis,osteoporosis,0.764171,Correct
./dataset_new\osteoporosis\osteoporosis_0242.jpg,osteoporosis_0242.jpg,osteoporosis,normal,0.195272,Wrong
./dataset_new\osteoporosis\osteoporosis_0243.jpg,osteoporosis_0243.jpg,osteoporosis,normal,0.018357,Wrong
./dataset_new\osteoporosis\osteoporosis_0244.jpeg,osteoporosis_0244.jpeg,osteoporosis,osteoporosis,0.436653,Correct
./dataset_new\osteoporosis\osteoporosis_0245.jpg,osteoporosis_0245.jpg,osteoporosis,osteoporosis,0.325145,Correct
./dataset_new\osteoporosis\osteoporosis_0246.png,osteoporosis_0246.png,osteoporosis,normal,0.042588,Wrong
./dataset_new\osteoporosis\osteoporosis_0247.jpg,osteoporosis_0247.jpg,osteoporosis,normal,0.226441,Wrong
./dataset_new\osteoporosis\osteoporosis_0248.jpeg,osteoporosis_0248.jpeg,osteoporosis,normal,0.076559,Wrong
./dataset_new\osteoporosis\osteoporosis_0249.jpg,osteoporosis_0249.jpg,osteoporosis,normal,0.235036,Wrong
./dataset_new\osteoporosis\osteoporosis_0250.jpg,osteoporosis_0250.jpg,osteoporosis,normal,0.125953,Wrong
./dataset_new\osteoporosis\osteoporosis_0251.jpg,osteoporosis_0251.jpg,osteoporosis,normal,0.224067,Wrong
./dataset_new\osteoporosis\osteoporosis_0252.jpg,osteoporosis_0252.jpg,osteoporosis,normal,0.052372,Wrong
./dataset_new\osteoporosis\osteoporosis_0253.jpg,osteoporosis_0253.jpg,osteoporosis,normal,0.070928,Wrong
./dataset_new\osteoporosis\osteoporosis_0254.png,osteoporosis_0254.png,osteoporosis,normal,0.156091,Wrong
./dataset_new\osteoporosis\osteoporosis_0255.jpg,osteoporosis_0255.jpg,osteoporosis,normal,0.021551,Wrong
./dataset_new\osteoporosis\osteoporosis_0256.png,osteoporosis_0256.png,osteoporosis,osteoporosis,0.344198,Correct
./dataset_new\osteoporosis\osteoporosis_0257.jpg,osteoporosis_0257.jpg,osteoporosis,normal,0.045369,Wrong
./dataset_new\osteoporosis\osteoporosis_0258.jpg,osteoporosis_0258.jpg,osteoporosis,normal,0.027846,Wrong
./dataset_new\osteoporosis\osteoporosis_0259.png,osteoporosis_0259.png,osteoporosis,normal,0.092702,Wrong
./dataset_new\osteoporosis\osteoporosis_0260.jpg,osteoporosis_0260.jpg,osteoporosis,normal,0.148973,Wrong
./dataset_new\osteoporosis\osteoporosis_0261.png,osteoporosis_0261.png,osteoporosis,normal,0.077126,Wrong
./dataset_new\osteoporosis\osteoporosis_0262.jpg,osteoporosis_0262.jpg,osteoporosis,normal,0.053435,Wrong
./dataset_new\osteoporosis\osteoporosis_0263.png,osteoporosis_0263.png,osteoporosis,osteoporosis,0.919338,Correct
./dataset_new\osteoporosis\osteoporosis_0264.jpg,osteoporosis_0264.jpg,osteoporosis,normal,0.014189,Wrong
./dataset_new\osteoporosis\osteoporosis_0265.jpg,osteoporosis_0265.jpg,osteoporosis,normal,0.240854,Wrong
./dataset_new\osteoporosis\osteoporosis_0266.jpg,osteoporosis_0266.jpg,osteoporosis,normal,0.055588,Wrong
./dataset_new\osteoporosis\osteoporosis_0267.jpg,osteoporosis_0267.jpg,osteoporosis,normal,0.060669,Wrong
./dataset_new\osteoporosis\osteoporosis_0268.png,osteoporosis_0268.png,osteoporosis,normal,0.070575,Wrong
./dataset_new\osteoporosis\osteoporosis_0269.jpeg,osteoporosis_0269.jpeg,osteoporosis,osteoporosis,0.770951,Correct
./dataset_new\osteoporosis\osteoporosis_0270.jpg,osteoporosis_0270.jpg,osteoporosis,normal,0.065437,Wrong
./dataset_new\osteoporosis\osteoporosis_0271.jpeg,osteoporosis_0271.jpeg,osteoporosis,osteoporosis,0.403550,Correct
./dataset_new\osteoporosis\osteoporosis_0272.jpg,osteoporosis_0272.jpg,osteoporosis,normal,0.170708,Wrong
./dataset_new\osteoporosis\osteoporosis_0273.jpg,osteoporosis_0273.jpg,osteoporosis,normal,0.041766,Wrong
./dataset_new\osteoporosis\osteoporosis_0274.png,osteoporosis_0274.png,osteoporosis,normal,0.289799,Wrong
./dataset_new\osteoporosis\osteoporosis_0275.png,osteoporosis_0275.png,osteoporosis,normal,0.277150,Wrong
./dataset_new\osteoporosis\osteoporosis_0276.jpg,osteoporosis_0276.jpg,osteoporosis,normal,0.066931,Wrong
./dataset_new\osteoporosis\osteoporosis_0277.png,osteoporosis_0277.png,osteoporosis,normal,0.093300,Wrong
./dataset_new\osteoporosis\osteoporosis_0278.jpg,osteoporosis_0278.jpg,osteoporosis,normal,0.177519,Wrong
./dataset_new\osteoporosis\osteoporosis_0279.jpg,osteoporosis_0279.jpg,osteoporosis,normal,0.293538,Wrong
./dataset_new\osteoporosis\osteoporosis_0280.jpg,osteoporosis_0280.jpg,osteoporosis,normal,0.222346,Wrong
./dataset_new\osteoporosis\osteoporosis_0281.png,osteoporosis_0281.png,osteoporosis,osteoporosis,0.389850,Correct
./dataset_new\osteoporosis\osteoporosis_0282.png,osteoporosis_0282.png,osteoporosis,osteoporosis,0.520771,Correct
./dataset_new\osteoporosis\osteoporosis_0283.jpg,osteoporosis_0283.jpg,osteoporosis,osteoporosis,0.342033,Correct
./dataset_new\osteoporosis\osteoporosis_0284.jpg,osteoporosis_0284.jpg,osteoporosis,normal,0.038956,Wrong
./dataset_new\osteoporosis\osteoporosis_0285.jpg,osteoporosis_0285.jpg,osteoporosis,normal,0.146648,Wrong
./dataset_new\osteoporosis\osteoporosis_0286.jpg,osteoporosis_0286.jpg,osteoporosis,normal,0.008295,Wrong
./dataset_new\osteoporosis\osteoporosis_0287.png,osteoporosis_0287.png,osteoporosis,normal,0.216108,Wrong
./dataset_new\osteoporosis\osteoporosis_0288.jpg,osteoporosis_0288.jpg,osteoporosis,normal,0.088649,Wrong
./dataset_new\osteoporosis\osteoporosis_0289.jpg,osteoporosis_0289.jpg,osteoporosis,normal,0.288016,Wrong
./dataset_new\osteoporosis\osteoporosis_0290.jpeg,osteoporosis_0290.jpeg,osteoporosis,osteoporosis,0.978469,Correct
./dataset_new\osteoporosis\osteoporosis_0291.jpg,osteoporosis_0291.jpg,osteoporosis,normal,0.052281,Wrong
./dataset_new\osteoporosis\osteoporosis_0292.jpg,osteoporosis_0292.jpg,osteoporosis,normal,0.058055,Wrong
./dataset_new\osteoporosis\osteoporosis_0293.jpeg,osteoporosis_0293.jpeg,osteoporosis,osteoporosis,0.926045,Correct
./dataset_new\osteoporosis\osteoporosis_0294.jpg,osteoporosis_0294.jpg,osteoporosis,normal,0.198366,Wrong
./dataset_new\osteoporosis\osteoporosis_0295.jpg,osteoporosis_0295.jpg,osteoporosis,normal,0.174084,Wrong
./dataset_new\osteoporosis\osteoporosis_0296.jpg,osteoporosis_0296.jpg,osteoporosis,normal,0.065179,Wrong
./dataset_new\osteoporosis\osteoporosis_0297.jpg,osteoporosis_0297.jpg,osteoporosis,normal,0.083236,Wrong
./dataset_new\osteoporosis\osteoporosis_0298.jpg,osteoporosis_0298.jpg,osteoporosis,normal,0.208194,Wrong
./dataset_new\osteoporosis\osteoporosis_0299.png,osteoporosis_0299.png,osteoporosis,osteoporosis,0.692018,Correct
./dataset_new\osteoporosis\osteoporosis_0300.png,osteoporosis_0300.png,osteoporosis,osteoporosis,0.704172,Correct
./dataset_new\osteoporosis\osteoporosis_0301.jpg,osteoporosis_0301.jpg,osteoporosis,normal,0.238810,Wrong
./dataset_new\osteoporosis\osteoporosis_0302.png,osteoporosis_0302.png,osteoporosis,osteoporosis,0.575700,Correct
./dataset_new\osteoporosis\osteoporosis_0303.png,osteoporosis_0303.png,osteoporosis,osteoporosis,0.670856,Correct
./dataset_new\osteoporosis\osteoporosis_0304.png,osteoporosis_0304.png,osteoporosis,normal,0.157856,Wrong
./dataset_new\osteoporosis\osteoporosis_0305.jpeg,osteoporosis_0305.jpeg,osteoporosis,normal,0.002341,Wrong
./dataset_new\osteoporosis\osteoporosis_0306.jpg,osteoporosis_0306.jpg,osteoporosis,normal,0.077429,Wrong
./dataset_new\osteoporosis\osteoporosis_0307.jpg,osteoporosis_0307.jpg,osteoporosis,normal,0.006238,Wrong
./dataset_new\osteoporosis\osteoporosis_0308.jpg,osteoporosis_0308.jpg,osteoporosis,normal,0.016555,Wrong
./dataset_new\osteoporosis\osteoporosis_0309.jpg,osteoporosis_0309.jpg,osteoporosis,normal,0.165203,Wrong
./dataset_new\osteoporosis\osteoporosis_0310.jpg,osteoporosis_0310.jpg,osteoporosis,normal,0.076007,Wrong
./dataset_new\osteoporosis\osteoporosis_0311.jpg,osteoporosis_0311.jpg,osteoporosis,normal,0.197884,Wrong
./dataset_new\osteoporosis\osteoporosis_0312.jpg,osteoporosis_0312.jpg,osteoporosis,normal,0.280940,Wrong
./dataset_new\osteoporosis\osteoporosis_0313.jpg,osteoporosis_0313.jpg,osteoporosis,normal,0.044429,Wrong
./dataset_new\osteoporosis\osteoporosis_0314.jpg,osteoporosis_0314.jpg,osteoporosis,normal,0.001314,Wrong
./dataset_new\osteoporosis\osteoporosis_0315.jpg,osteoporosis_0315.jpg,osteoporosis,normal,0.003839,Wrong
./dataset_new\osteoporosis\osteoporosis_0316.jpg,osteoporosis_0316.jpg,osteoporosis,normal,0.066188,Wrong
./dataset_new\osteoporosis\osteoporosis_0317.jpeg,osteoporosis_0317.jpeg,osteoporosis,normal,0.103705,Wrong
./dataset_new\osteoporosis\osteoporosis_0318.jpg,osteoporosis_0318.jpg,osteoporosis,normal,0.000508,Wrong
./dataset_new\osteoporosis\osteoporosis_0319.jpg,osteoporosis_0319.jpg,osteoporosis,normal,0.034593,Wrong
./dataset_new\osteoporosis\osteoporosis_0320.jpg,osteoporosis_0320.jpg,osteoporosis,normal,0.053871,Wrong
./dataset_new\osteoporosis\osteoporosis_0321.jpg,osteoporosis_0321.jpg,osteoporosis,normal,0.059348,Wrong
./dataset_new\osteoporosis\osteoporosis_0322.jpg,osteoporosis_0322.jpg,osteoporosis,normal,0.067517,Wrong
./dataset_new\osteoporosis\osteoporosis_0323.jpg,osteoporosis_0323.jpg,osteoporosis,normal,0.293538,Wrong
./dataset_new\osteoporosis\osteoporosis_0324.jpg,osteoporosis_0324.jpg,osteoporosis,normal,0.203743,Wrong
./dataset_new\osteoporosis\osteoporosis_0325.jpg,osteoporosis_0325.jpg,osteoporosis,normal,0.003754,Wrong
./dataset_new\osteoporosis\osteoporosis_0326.jpg,osteoporosis_0326.jpg,osteoporosis,normal,0.098413,Wrong
./dataset_new\osteoporosis\osteoporosis_0327.jpg,osteoporosis_0327.jpg,osteoporosis,normal,0.191027,Wrong
./dataset_new\osteoporosis\osteoporosis_0328.jpg,osteoporosis_0328.jpg,osteoporosis,normal,0.000121,Wrong
./dataset_new\osteoporosis\osteoporosis_0329.jpeg,osteoporosis_0329.jpeg,osteoporosis,normal,0.167575,Wrong
./dataset_new\osteoporosis\osteoporosis_0330.jpg,osteoporosis_0330.jpg,osteoporosis,normal,0.051855,Wrong
./dataset_new\osteoporosis\osteoporosis_0331.jpg,osteoporosis_0331.jpg,osteoporosis,normal,0.037562,Wrong
./dataset_new\osteoporosis\osteoporosis_0332.jpg,osteoporosis_0332.jpg,osteoporosis,normal,0.146648,Wrong
./dataset_new\osteoporosis\osteoporosis_0333.jpg,osteoporosis_0333.jpg,osteoporosis,normal,0.111441,Wrong
./dataset_new\osteoporosis\osteoporosis_0334.png,osteoporosis_0334.png,osteoporosis,osteoporosis,0.894626,Correct
./dataset_new\osteoporosis\osteoporosis_0335.jpg,osteoporosis_0335.jpg,osteoporosis,normal,0.097961,Wrong
./dataset_new\osteoporosis\osteoporosis_0336.jpg,osteoporosis_0336.jpg,osteoporosis,normal,0.239782,Wrong
./dataset_new\osteoporosis\osteoporosis_0337.jpg,osteoporosis_0337.jpg,osteoporosis,osteoporosis,0.520271,Correct
./dataset_new\osteoporosis\osteoporosis_0338.jpg,osteoporosis_0338.jpg,osteoporosis,normal,0.181374,Wrong
./dataset_new\osteoporosis\osteoporosis_0339.jpg,osteoporosis_0339.jpg,osteoporosis,normal,0.111297,Wrong
./dataset_new\osteoporosis\osteoporosis_0340.jpg,osteoporosis_0340.jpg,osteoporosis,normal,0.032886,Wrong
./dataset_new\osteoporosis\osteoporosis_0341.jpg,osteoporosis_0341.jpg,osteoporosis,normal,0.163484,Wrong
./dataset_new\osteoporosis\osteoporosis_0342.jpeg,osteoporosis_0342.jpeg,osteoporosis,normal,0.002322,Wrong
./dataset_new\osteoporosis\osteoporosis_0343.jpg,osteoporosis_0343.jpg,osteoporosis,osteoporosis,0.404917,Correct
./dataset_new\osteoporosis\osteoporosis_0344.jpg,osteoporosis_0344.jpg,osteoporosis,normal,0.168266,Wrong
./dataset_new\osteoporosis\osteoporosis_0345.jpg,osteoporosis_0345.jpg,osteoporosis,normal,0.228803,Wrong
./dataset_new\osteoporosis\osteoporosis_0346.jpg,osteoporosis_0346.jpg,osteoporosis,normal,0.023805,Wrong
./dataset_new\osteoporosis\osteoporosis_0347.jpg,osteoporosis_0347.jpg,osteoporosis,normal,0.201594,Wrong
./dataset_new\osteoporosis\osteoporosis_0348.jpg,osteoporosis_0348.jpg,osteoporosis,normal,0.052241,Wrong
./dataset_new\osteoporosis\osteoporosis_0349.jpg,osteoporosis_0349.jpg,osteoporosis,normal,0.108821,Wrong
./dataset_new\osteoporosis\osteoporosis_0350.jpg,osteoporosis_0350.jpg,osteoporosis,normal,0.013837,Wrong
./dataset_new\osteoporosis\osteoporosis_0351.jpg,osteoporosis_0351.jpg,osteoporosis,normal,0.056156,Wrong
./dataset_new\osteoporosis\osteoporosis_0352.jpg,osteoporosis_0352.jpg,osteoporosis,normal,0.070926,Wrong
./dataset_new\osteoporosis\osteoporosis_0353.jpg,osteoporosis_0353.jpg,osteoporosis,normal,0.203743,Wrong
./dataset_new\osteoporosis\osteoporosis_0354.jpeg,osteoporosis_0354.jpeg,osteoporosis,normal,0.008933,Wrong
./dataset_new\osteoporosis\osteoporosis_0355.jpeg,osteoporosis_0355.jpeg,osteoporosis,normal,0.126355,Wrong
./dataset_new\osteoporosis\osteoporosis_0356.jpeg,osteoporosis_0356.jpeg,osteoporosis,normal,0.095402,Wrong
./dataset_new\osteoporosis\osteoporosis_0357.jpg,osteoporosis_0357.jpg,osteoporosis,normal,0.060669,Wrong
./dataset_new\osteoporosis\osteoporosis_0358.jpg,osteoporosis_0358.jpg,osteoporosis,normal,0.144685,Wrong
./dataset_new\osteoporosis\osteoporosis_0359.jpg,osteoporosis_0359.jpg,osteoporosis,normal,0.144685,Wrong
./dataset_new\osteoporosis\osteoporosis_0360.jpg,osteoporosis_0360.jpg,osteoporosis,osteoporosis,0.863989,Correct
./dataset_new\osteoporosis\osteoporosis_0361.jpg,osteoporosis_0361.jpg,osteoporosis,osteoporosis,0.424817,Correct
./dataset_new\osteoporosis\osteoporosis_0362.jpg,osteoporosis_0362.jpg,osteoporosis,normal,0.028159,Wrong
./dataset_new\osteoporosis\osteoporosis_0363.jpg,osteoporosis_0363.jpg,osteoporosis,normal,0.101060,Wrong
./dataset_new\osteoporosis\osteoporosis_0364.jpg,osteoporosis_0364.jpg,osteoporosis,normal,0.167824,Wrong
./dataset_new\osteoporosis\osteoporosis_0365.jpg,osteoporosis_0365.jpg,osteoporosis,normal,0.091428,Wrong
./dataset_new\osteoporosis\osteoporosis_0366.jpg,osteoporosis_0366.jpg,osteoporosis,osteoporosis,0.315027,Correct
./dataset_new\osteoporosis\osteoporosis_0367.jpg,osteoporosis_0367.jpg,osteoporosis,normal,0.299849,Wrong
./dataset_new\osteoporosis\osteoporosis_0368.jpg,osteoporosis_0368.jpg,osteoporosis,normal,0.099495,Wrong
./dataset_new\osteoporosis\osteoporosis_0369.jpg,osteoporosis_0369.jpg,osteoporosis,normal,0.270370,Wrong
./dataset_new\osteoporosis\osteoporosis_0370.jpg,osteoporosis_0370.jpg,osteoporosis,normal,0.150058,Wrong
./dataset_new\osteoporosis\osteoporosis_0371.jpg,osteoporosis_0371.jpg,osteoporosis,normal,0.057207,Wrong
./dataset_new\osteoporosis\osteoporosis_0372.jpg,osteoporosis_0372.jpg,osteoporosis,osteoporosis,0.383275,Correct
./dataset_new\osteoporosis\osteoporosis_0373.jpg,osteoporosis_0373.jpg,osteoporosis,osteoporosis,0.730503,Correct
./dataset_new\osteoporosis\osteoporosis_0374.jpg,osteoporosis_0374.jpg,osteoporosis,osteoporosis,0.358391,Correct
./dataset_new\osteoporosis\osteoporosis_0375.jpg,osteoporosis_0375.jpg,osteoporosis,normal,0.252329,Wrong
./dataset_new\osteoporosis\osteoporosis_0376.jpg,osteoporosis_0376.jpg,osteoporosis,osteoporosis,0.525408,Correct
./dataset_new\osteoporosis\osteoporosis_0377.jpg,osteoporosis_0377.jpg,osteoporosis,osteoporosis,0.349528,Correct
./dataset_new\osteoporosis\osteoporosis_0378.jpg,osteoporosis_0378.jpg,osteoporosis,normal,0.057332,Wrong
./dataset_new\osteoporosis\osteoporosis_0379.jpg,osteoporosis_0379.jpg,osteoporosis,normal,0.110360,Wrong
./dataset_new\osteoporosis\osteoporosis_0380.jpg,osteoporosis_0380.jpg,osteoporosis,normal,0.145808,Wrong
./dataset_new\osteoporosis\osteoporosis_0381.jpg,osteoporosis_0381.jpg,osteoporosis,osteoporosis,0.999359,Correct
./dataset_new\osteoporosis\osteoporosis_0382.jpg,osteoporosis_0382.jpg,osteoporosis,osteoporosis,0.308800,Correct
./dataset_new\osteoporosis\osteoporosis_0383.jpg,osteoporosis_0383.jpg,osteoporosis,normal,0.228676,Wrong
./dataset_new\osteoporosis\osteoporosis_0384.jpg,osteoporosis_0384.jpg,osteoporosis,osteoporosis,0.353047,Correct
./dataset_new\osteoporosis\osteoporosis_0385.jpg,osteoporosis_0385.jpg,osteoporosis,osteoporosis,0.976494,Correct
./dataset_new\osteoporosis\osteoporosis_0386.jpg,osteoporosis_0386.jpg,osteoporosis,normal,0.061848,Wrong
./dataset_new\osteoporosis\osteoporosis_0387.jpg,osteoporosis_0387.jpg,osteoporosis,normal,0.260141,Wrong
./dataset_new\osteoporosis\osteoporosis_0388.jpg,osteoporosis_0388.jpg,osteoporosis,normal,0.068810,Wrong
./dataset_new\osteoporosis\osteoporosis_0389.jpg,osteoporosis_0389.jpg,osteoporosis,normal,0.256005,Wrong
./dataset_new\osteoporosis\osteoporosis_0390.jpg,osteoporosis_0390.jpg,osteoporosis,normal,0.034806,Wrong
./dataset_new\osteoporosis\osteoporosis_0391.jpg,osteoporosis_0391.jpg,osteoporosis,osteoporosis,0.399564,Correct
./dataset_new\osteoporosis\osteoporosis_0392.jpg,osteoporosis_0392.jpg,osteoporosis,normal,0.098074,Wrong
./dataset_new\osteoporosis\osteoporosis_0393.jpg,osteoporosis_0393.jpg,osteoporosis,normal,0.195392,Wrong
./dataset_new\osteoporosis\osteoporosis_0394.jpg,osteoporosis_0394.jpg,osteoporosis,normal,0.230974,Wrong
./dataset_new\osteoporosis\osteoporosis_0395.jpg,osteoporosis_0395.jpg,osteoporosis,osteoporosis,0.592544,Correct
./dataset_new\osteoporosis\osteoporosis_0396.jpg,osteoporosis_0396.jpg,osteoporosis,osteoporosis,0.842138,Correct
./dataset_new\osteoporosis\osteoporosis_0397.jpg,osteoporosis_0397.jpg,osteoporosis,normal,0.043470,Wrong
./dataset_new\osteoporosis\osteoporosis_0398.jpg,osteoporosis_0398.jpg,osteoporosis,osteoporosis,0.945098,Correct
./dataset_new\osteoporosis\osteoporosis_0399.jpg,osteoporosis_0399.jpg,osteoporosis,osteoporosis,0.816508,Correct
./dataset_new\osteoporosis\osteoporosis_0400.jpg,osteoporosis_0400.jpg,osteoporosis,osteoporosis,0.314490,Correct
./dataset_new\osteoporosis\osteoporosis_0401.jpg,osteoporosis_0401.jpg,osteoporosis,normal,0.137355,Wrong
./dataset_new\osteoporosis\osteoporosis_0402.jpg,osteoporosis_0402.jpg,osteoporosis,osteoporosis,0.731534,Correct
./dataset_new\osteoporosis\osteoporosis_0403.jpg,osteoporosis_0403.jpg,osteoporosis,osteoporosis,0.418985,Correct
./dataset_new\osteoporosis\osteoporosis_0404.jpg,osteoporosis_0404.jpg,osteoporosis,osteoporosis,0.666363,Correct
./dataset_new\osteoporosis\osteoporosis_0405.jpg,osteoporosis_0405.jpg,osteoporosis,osteoporosis,0.836671,Correct
./dataset_new\osteoporosis\osteoporosis_0406.jpg,osteoporosis_0406.jpg,osteoporosis,osteoporosis,0.458049,Correct
./dataset_new\osteoporosis\osteoporosis_0407.jpg,osteoporosis_0407.jpg,osteoporosis,normal,0.101048,Wrong
./dataset_new\osteoporosis\osteoporosis_0408.jpg,osteoporosis_0408.jpg,osteoporosis,normal,0.085250,Wrong
./dataset_new\osteoporosis\osteoporosis_0409.jpg,osteoporosis_0409.jpg,osteoporosis,normal,0.038967,Wrong
./dataset_new\osteoporosis\osteoporosis_0410.jpg,osteoporosis_0410.jpg,osteoporosis,normal,0.221201,Wrong
./dataset_new\osteoporosis\osteoporosis_0411.jpg,osteoporosis_0411.jpg,osteoporosis,normal,0.108906,Wrong
./dataset_new\osteoporosis\osteoporosis_0412.png,osteoporosis_0412.png,osteoporosis,osteoporosis,0.764171,Correct
./dataset_new\osteoporosis\osteoporosis_0413.jpg,osteoporosis_0413.jpg,osteoporosis,normal,0.155542,Wrong
./dataset_new\osteoporosis\osteoporosis_0414.jpg,osteoporosis_0414.jpg,osteoporosis,normal,0.216544,Wrong
./dataset_new\osteoporosis\osteoporosis_0415.jpg,osteoporosis_0415.jpg,osteoporosis,normal,0.107649,Wrong
./dataset_new\osteoporosis\osteoporosis_0416.jpg,osteoporosis_0416.jpg,osteoporosis,osteoporosis,0.375806,Correct
./dataset_new\osteoporosis\osteoporosis_0417.jpg,osteoporosis_0417.jpg,osteoporosis,normal,0.098922,Wrong
./dataset_new\osteoporosis\osteoporosis_0418.jpg,osteoporosis_0418.jpg,osteoporosis,normal,0.257597,Wrong
./dataset_new\osteoporosis\osteoporosis_0419.jpg,osteoporosis_0419.jpg,osteoporosis,normal,0.137541,Wrong
./dataset_new\osteoporosis\osteoporosis_0420.jpg,osteoporosis_0420.jpg,osteoporosis,osteoporosis,0.999026,Correct
./dataset_new\osteoporosis\osteoporosis_0421.jpg,osteoporosis_0421.jpg,osteoporosis,normal,0.096421,Wrong
./dataset_new\osteoporosis\osteoporosis_0422.jpg,osteoporosis_0422.jpg,osteoporosis,osteoporosis,0.680288,Correct
./dataset_new\osteoporosis\osteoporosis_0423.jpg,osteoporosis_0423.jpg,osteoporosis,normal,0.195272,Wrong
./dataset_new\osteoporosis\osteoporosis_0424.jpg,osteoporosis_0424.jpg,osteoporosis,osteoporosis,0.878218,Correct
./dataset_new\osteoporosis\osteoporosis_0425.jpg,osteoporosis_0425.jpg,osteoporosis,normal,0.089290,Wrong
./dataset_new\osteoporosis\osteoporosis_0426.jpg,osteoporosis_0426.jpg,osteoporosis,normal,0.035011,Wrong
./dataset_new\osteoporosis\osteoporosis_0427.jpg,osteoporosis_0427.jpg,osteoporosis,osteoporosis,0.759744,Correct
./dataset_new\osteoporosis\osteoporosis_0428.jpg,osteoporosis_0428.jpg,osteoporosis,normal,0.158587,Wrong
./dataset_new\osteoporosis\osteoporosis_0429.jpg,osteoporosis_0429.jpg,osteoporosis,osteoporosis,0.559243,Correct
./dataset_new\osteoporosis\osteoporosis_0430.jpg,osteoporosis_0430.jpg,osteoporosis,normal,0.015515,Wrong
./dataset_new\osteoporosis\osteoporosis_0431.jpg,osteoporosis_0431.jpg,osteoporosis,normal,0.003586,Wrong
./dataset_new\osteoporosis\osteoporosis_0432.jpg,osteoporosis_0432.jpg,osteoporosis,osteoporosis,0.906311,Correct
./dataset_new\osteoporosis\osteoporosis_0433.jpg,osteoporosis_0433.jpg,osteoporosis,osteoporosis,0.613255,Correct
./dataset_new\osteoporosis\osteoporosis_0434.jpg,osteoporosis_0434.jpg,osteoporosis,normal,0.018357,Wrong
./dataset_new\osteoporosis\osteoporosis_0435.jpg,osteoporosis_0435.jpg,osteoporosis,normal,0.067474,Wrong
./dataset_new\osteoporosis\osteoporosis_0436.jpg,osteoporosis_0436.jpg,osteoporosis,normal,0.296923,Wrong
./dataset_new\osteoporosis\osteoporosis_0437.jpg,osteoporosis_0437.jpg,osteoporosis,normal,0.212182,Wrong
./dataset_new\osteoporosis\osteoporosis_0438.jpg,osteoporosis_0438.jpg,osteoporosis,normal,0.225927,Wrong
./dataset_new\osteoporosis\osteoporosis_0439.jpg,osteoporosis_0439.jpg,osteoporosis,osteoporosis,0.995706,Correct
./dataset_new\osteoporosis\osteoporosis_0440.jpg,osteoporosis_0440.jpg,osteoporosis,normal,0.192999,Wrong
./dataset_new\osteoporosis\osteoporosis_0441.jpg,osteoporosis_0441.jpg,osteoporosis,normal,0.102952,Wrong
./dataset_new\osteoporosis\osteoporosis_0442.jpg,osteoporosis_0442.jpg,osteoporosis,normal,0.033732,Wrong
./dataset_new\osteoporosis\osteoporosis_0443.jpg,osteoporosis_0443.jpg,osteoporosis,normal,0.145808,Wrong
./dataset_new\osteoporosis\osteoporosis_0444.jpg,osteoporosis_0444.jpg,osteoporosis,normal,0.225142,Wrong
./dataset_new\osteoporosis\osteoporosis_0445.jpeg,osteoporosis_0445.jpeg,osteoporosis,osteoporosis,0.436653,Correct
./dataset_new\osteoporosis\osteoporosis_0446.jpg,osteoporosis_0446.jpg,osteoporosis,osteoporosis,0.325145,Correct
./dataset_new\osteoporosis\osteoporosis_0447.jpg,osteoporosis_0447.jpg,osteoporosis,normal,0.107721,Wrong
./dataset_new\osteoporosis\osteoporosis_0448.jpg,osteoporosis_0448.jpg,osteoporosis,osteoporosis,0.415008,Correct
./dataset_new\osteoporosis\osteoporosis_0449.jpg,osteoporosis_0449.jpg,osteoporosis,normal,0.055764,Wrong
./dataset_new\osteoporosis\osteoporosis_0450.jpg,osteoporosis_0450.jpg,osteoporosis,normal,0.038847,Wrong
./dataset_new\osteoporosis\osteoporosis_0451.jpg,osteoporosis_0451.jpg,osteoporosis,osteoporosis,0.359835,Correct
./dataset_new\osteoporosis\osteoporosis_0452.jpg,osteoporosis_0452.jpg,osteoporosis,osteoporosis,0.311240,Correct
./dataset_new\osteoporosis\osteoporosis_0453.jpg,osteoporosis_0453.jpg,osteoporosis,osteoporosis,0.520718,Correct
./dataset_new\osteoporosis\osteoporosis_0454.jpg,osteoporosis_0454.jpg,osteoporosis,normal,0.252300,Wrong
./dataset_new\osteoporosis\osteoporosis_0455.jpg,osteoporosis_0455.jpg,osteoporosis,osteoporosis,0.569938,Correct
./dataset_new\osteoporosis\osteoporosis_0456.jpg,osteoporosis_0456.jpg,osteoporosis,osteoporosis,0.503488,Correct
./dataset_new\osteoporosis\osteoporosis_0457.jpg,osteoporosis_0457.jpg,osteoporosis,normal,0.226441,Wrong
./dataset_new\osteoporosis\osteoporosis_0458.jpg,osteoporosis_0458.jpg,osteoporosis,normal,0.045061,Wrong
./dataset_new\osteoporosis\osteoporosis_0459.jpg,osteoporosis_0459.jpg,osteoporosis,osteoporosis,0.610436,Correct
./dataset_new\osteoporosis\osteoporosis_0460.jpg,osteoporosis_0460.jpg,osteoporosis,normal,0.038654,Wrong
./dataset_new\osteoporosis\osteoporosis_0461.jpg,osteoporosis_0461.jpg,osteoporosis,normal,0.070778,Wrong
./dataset_new\osteoporosis\osteoporosis_0462.jpg,osteoporosis_0462.jpg,osteoporosis,normal,0.048585,Wrong
./dataset_new\osteoporosis\osteoporosis_0463.jpg,osteoporosis_0463.jpg,osteoporosis,normal,0.131772,Wrong
./dataset_new\osteoporosis\osteoporosis_0464.jpg,osteoporosis_0464.jpg,osteoporosis,normal,0.135692,Wrong
./dataset_new\osteoporosis\osteoporosis_0465.jpg,osteoporosis_0465.jpg,osteoporosis,normal,0.028243,Wrong
./dataset_new\osteoporosis\osteoporosis_0466.jpg,osteoporosis_0466.jpg,osteoporosis,osteoporosis,0.319311,Correct
./dataset_new\osteoporosis\osteoporosis_0467.jpg,osteoporosis_0467.jpg,osteoporosis,osteoporosis,0.813364,Correct
./dataset_new\osteoporosis\osteoporosis_0468.jpeg,osteoporosis_0468.jpeg,osteoporosis,normal,0.076559,Wrong
./dataset_new\osteoporosis\osteoporosis_0469.jpg,osteoporosis_0469.jpg,osteoporosis,normal,0.038404,Wrong
./dataset_new\osteoporosis\osteoporosis_0470.jpg,osteoporosis_0470.jpg,osteoporosis,osteoporosis,0.987767,Correct
./dataset_new\osteoporosis\osteoporosis_0471.jpg,osteoporosis_0471.jpg,osteoporosis,osteoporosis,0.484614,Correct
./dataset_new\osteoporosis\osteoporosis_0472.jpg,osteoporosis_0472.jpg,osteoporosis,osteoporosis,0.742581,Correct
./dataset_new\osteoporosis\osteoporosis_0473.jpg,osteoporosis_0473.jpg,osteoporosis,osteoporosis,0.853805,Correct
./dataset_new\osteoporosis\osteoporosis_0474.jpg,osteoporosis_0474.jpg,osteoporosis,normal,0.048569,Wrong
./dataset_new\osteoporosis\osteoporosis_0475.jpg,osteoporosis_0475.jpg,osteoporosis,osteoporosis,0.442755,Correct
./dataset_new\osteoporosis\osteoporosis_0476.jpg,osteoporosis_0476.jpg,osteoporosis,osteoporosis,0.324835,Correct
./dataset_new\osteoporosis\osteoporosis_0477.jpg,osteoporosis_0477.jpg,osteoporosis,osteoporosis,0.913047,Correct
./dataset_new\osteoporosis\osteoporosis_0478.jpg,osteoporosis_0478.jpg,osteoporosis,osteoporosis,0.667854,Correct
./dataset_new\osteoporosis\osteoporosis_0479.jpg,osteoporosis_0479.jpg,osteoporosis,normal,0.235036,Wrong
./dataset_new\osteoporosis\osteoporosis_0480.jpg,osteoporosis_0480.jpg,osteoporosis,osteoporosis,0.946419,Correct
./dataset_new\osteoporosis\osteoporosis_0481.jpg,osteoporosis_0481.jpg,osteoporosis,osteoporosis,0.449665,Correct
./dataset_new\osteoporosis\osteoporosis_0482.jpg,osteoporosis_0482.jpg,osteoporosis,osteoporosis,0.658996,Correct
./dataset_new\osteoporosis\osteoporosis_0483.jpg,osteoporosis_0483.jpg,osteoporosis,osteoporosis,0.910168,Correct
./dataset_new\osteoporosis\osteoporosis_0484.jpg,osteoporosis_0484.jpg,osteoporosis,osteoporosis,0.340302,Correct
./dataset_new\osteoporosis\osteoporosis_0485.jpg,osteoporosis_0485.jpg,osteoporosis,osteoporosis,0.300402,Correct
./dataset_new\osteoporosis\osteoporosis_0486.jpg,osteoporosis_0486.jpg,osteoporosis,osteoporosis,0.968140,Correct
./dataset_new\osteoporosis\osteoporosis_0487.jpg,osteoporosis_0487.jpg,osteoporosis,osteoporosis,0.838519,Correct
./dataset_new\osteoporosis\osteoporosis_0488.jpg,osteoporosis_0488.jpg,osteoporosis,osteoporosis,0.940788,Correct
./dataset_new\osteoporosis\osteoporosis_0489.jpg,osteoporosis_0489.jpg,osteoporosis,osteoporosis,0.472565,Correct
./dataset_new\osteoporosis\osteoporosis_0490.jpg,osteoporosis_0490.jpg,osteoporosis,normal,0.125953,Wrong
./dataset_new\osteoporosis\osteoporosis_0491.jpg,osteoporosis_0491.jpg,osteoporosis,osteoporosis,0.925027,Correct
./dataset_new\osteoporosis\osteoporosis_0492.jpg,osteoporosis_0492.jpg,osteoporosis,osteoporosis,0.928975,Correct
./dataset_new\osteoporosis\osteoporosis_0493.jpg,osteoporosis_0493.jpg,osteoporosis,osteoporosis,0.937570,Correct
./dataset_new\osteoporosis\osteoporosis_0494.jpg,osteoporosis_0494.jpg,osteoporosis,osteoporosis,0.705577,Correct
./dataset_new\osteoporosis\osteoporosis_0495.jpg,osteoporosis_0495.jpg,osteoporosis,osteoporosis,0.679418,Correct
./dataset_new\osteoporosis\osteoporosis_0496.jpg,osteoporosis_0496.jpg,osteoporosis,normal,0.125219,Wrong
./dataset_new\osteoporosis\osteoporosis_0497.jpg,osteoporosis_0497.jpg,osteoporosis,osteoporosis,0.783630,Correct
./dataset_new\osteoporosis\osteoporosis_0498.jpg,osteoporosis_0498.jpg,osteoporosis,osteoporosis,0.526756,Correct
./dataset_new\osteoporosis\osteoporosis_0499.jpg,osteoporosis_0499.jpg,osteoporosis,osteoporosis,0.788933,Correct
./dataset_new\osteoporosis\osteoporosis_0500.jpg,osteoporosis_0500.jpg,osteoporosis,normal,0.159635,Wrong
./dataset_new\osteoporosis\osteoporosis_0501.jpg,osteoporosis_0501.jpg,osteoporosis,normal,0.224067,Wrong
./dataset_new\osteoporosis\osteoporosis_0502.jpg,osteoporosis_0502.jpg,osteoporosis,osteoporosis,0.410918,Correct
./dataset_new\osteoporosis\osteoporosis_0503.jpg,osteoporosis_0503.jpg,osteoporosis,osteoporosis,0.875248,Correct
./dataset_new\osteoporosis\osteoporosis_0504.jpg,osteoporosis_0504.jpg,osteoporosis,osteoporosis,0.972612,Correct
./dataset_new\osteoporosis\osteoporosis_0505.jpg,osteoporosis_0505.jpg,osteoporosis,normal,0.014974,Wrong
./dataset_new\osteoporosis\osteoporosis_0506.jpg,osteoporosis_0506.jpg,osteoporosis,normal,0.167242,Wrong
./dataset_new\osteoporosis\osteoporosis_0507.jpg,osteoporosis_0507.jpg,osteoporosis,osteoporosis,0.756049,Correct
./dataset_new\osteoporosis\osteoporosis_0508.jpg,osteoporosis_0508.jpg,osteoporosis,osteoporosis,0.883556,Correct
./dataset_new\osteoporosis\osteoporosis_0509.jpg,osteoporosis_0509.jpg,osteoporosis,osteoporosis,0.842367,Correct
./dataset_new\osteoporosis\osteoporosis_0510.jpg,osteoporosis_0510.jpg,osteoporosis,osteoporosis,0.676328,Correct
./dataset_new\osteoporosis\osteoporosis_0511.jpg,osteoporosis_0511.jpg,osteoporosis,osteoporosis,0.857055,Correct
./dataset_new\osteoporosis\osteoporosis_0512.jpg,osteoporosis_0512.jpg,osteoporosis,normal,0.052372,Wrong
./dataset_new\osteoporosis\osteoporosis_0513.jpg,osteoporosis_0513.jpg,osteoporosis,osteoporosis,0.809574,Correct
./dataset_new\osteoporosis\osteoporosis_0514.jpg,osteoporosis_0514.jpg,osteoporosis,osteoporosis,0.422583,Correct
./dataset_new\osteoporosis\osteoporosis_0515.jpg,osteoporosis_0515.jpg,osteoporosis,osteoporosis,0.359666,Correct
./dataset_new\osteoporosis\osteoporosis_0516.jpg,osteoporosis_0516.jpg,osteoporosis,normal,0.204895,Wrong
./dataset_new\osteoporosis\osteoporosis_0517.jpg,osteoporosis_0517.jpg,osteoporosis,osteoporosis,0.986250,Correct
./dataset_new\osteoporosis\osteoporosis_0518.jpg,osteoporosis_0518.jpg,osteoporosis,osteoporosis,0.846372,Correct
./dataset_new\osteoporosis\osteoporosis_0519.jpg,osteoporosis_0519.jpg,osteoporosis,normal,0.027135,Wrong
./dataset_new\osteoporosis\osteoporosis_0520.jpg,osteoporosis_0520.jpg,osteoporosis,osteoporosis,0.580140,Correct
./dataset_new\osteoporosis\osteoporosis_0521.jpg,osteoporosis_0521.jpg,osteoporosis,osteoporosis,0.666517,Correct
./dataset_new\osteoporosis\osteoporosis_0522.jpg,osteoporosis_0522.jpg,osteoporosis,normal,0.046562,Wrong
./dataset_new\osteoporosis\osteoporosis_0523.jpg,osteoporosis_0523.jpg,osteoporosis,normal,0.070928,Wrong
./dataset_new\osteoporosis\osteoporosis_0524.jpg,osteoporosis_0524.jpg,osteoporosis,osteoporosis,0.742403,Correct
./dataset_new\osteoporosis\osteoporosis_0525.jpg,osteoporosis_0525.jpg,osteoporosis,normal,0.079842,Wrong
./dataset_new\osteoporosis\osteoporosis_0526.jpg,osteoporosis_0526.jpg,osteoporosis,normal,0.040782,Wrong
./dataset_new\osteoporosis\osteoporosis_0527.jpg,osteoporosis_0527.jpg,osteoporosis,normal,0.094008,Wrong
./dataset_new\osteoporosis\osteoporosis_0528.jpg,osteoporosis_0528.jpg,osteoporosis,osteoporosis,0.896223,Correct
./dataset_new\osteoporosis\osteoporosis_0529.jpg,osteoporosis_0529.jpg,osteoporosis,osteoporosis,0.539703,Correct
./dataset_new\osteoporosis\osteoporosis_0530.jpg,osteoporosis_0530.jpg,osteoporosis,osteoporosis,0.504338,Correct
./dataset_new\osteoporosis\osteoporosis_0531.jpg,osteoporosis_0531.jpg,osteoporosis,normal,0.148381,Wrong
./dataset_new\osteoporosis\osteoporosis_0532.jpg,osteoporosis_0532.jpg,osteoporosis,osteoporosis,0.698920,Correct
./dataset_new\osteoporosis\osteoporosis_0533.jpg,osteoporosis_0533.jpg,osteoporosis,osteoporosis,0.525531,Correct
./dataset_new\osteoporosis\osteoporosis_0534.png,osteoporosis_0534.png,osteoporosis,normal,0.156091,Wrong
./dataset_new\osteoporosis\osteoporosis_0535.jpg,osteoporosis_0535.jpg,osteoporosis,normal,0.193747,Wrong
./dataset_new\osteoporosis\osteoporosis_0536.jpg,osteoporosis_0536.jpg,osteoporosis,normal,0.126994,Wrong
./dataset_new\osteoporosis\osteoporosis_0537.jpg,osteoporosis_0537.jpg,osteoporosis,normal,0.003424,Wrong
./dataset_new\osteoporosis\osteoporosis_0538.jpg,osteoporosis_0538.jpg,osteoporosis,normal,0.193476,Wrong
./dataset_new\osteoporosis\osteoporosis_0539.jpg,osteoporosis_0539.jpg,osteoporosis,normal,0.265650,Wrong
./dataset_new\osteoporosis\osteoporosis_0540.jpg,osteoporosis_0540.jpg,osteoporosis,normal,0.042892,Wrong
./dataset_new\osteoporosis\osteoporosis_0541.jpg,osteoporosis_0541.jpg,osteoporosis,osteoporosis,0.999385,Correct
./dataset_new\osteoporosis\osteoporosis_0542.jpg,osteoporosis_0542.jpg,osteoporosis,normal,0.079307,Wrong
./dataset_new\osteoporosis\osteoporosis_0543.jpg,osteoporosis_0543.jpg,osteoporosis,normal,0.128344,Wrong
./dataset_new\osteoporosis\osteoporosis_0544.jpg,osteoporosis_0544.jpg,osteoporosis,normal,0.059202,Wrong
./dataset_new\osteoporosis\osteoporosis_0545.jpg,osteoporosis_0545.jpg,osteoporosis,normal,0.021551,Wrong
./dataset_new\osteoporosis\osteoporosis_0546.jpg,osteoporosis_0546.jpg,osteoporosis,osteoporosis,0.555213,Correct
./dataset_new\osteoporosis\osteoporosis_0547.jpg,osteoporosis_0547.jpg,osteoporosis,normal,0.169783,Wrong
./dataset_new\osteoporosis\osteoporosis_0548.jpg,osteoporosis_0548.jpg,osteoporosis,normal,0.137570,Wrong
./dataset_new\osteoporosis\osteoporosis_0549.jpg,osteoporosis_0549.jpg,osteoporosis,osteoporosis,0.392672,Correct
./dataset_new\osteoporosis\osteoporosis_0550.jpg,osteoporosis_0550.jpg,osteoporosis,osteoporosis,0.555213,Correct
./dataset_new\osteoporosis\osteoporosis_0551.jpg,osteoporosis_0551.jpg,osteoporosis,normal,0.151175,Wrong
./dataset_new\osteoporosis\osteoporosis_0552.jpg,osteoporosis_0552.jpg,osteoporosis,normal,0.038801,Wrong
./dataset_new\osteoporosis\osteoporosis_0553.jpg,osteoporosis_0553.jpg,osteoporosis,osteoporosis,0.825651,Correct
./dataset_new\osteoporosis\osteoporosis_0554.jpg,osteoporosis_0554.jpg,osteoporosis,normal,0.245236,Wrong
./dataset_new\osteoporosis\osteoporosis_0555.jpg,osteoporosis_0555.jpg,osteoporosis,normal,0.028159,Wrong
./dataset_new\osteoporosis\osteoporosis_0556.png,osteoporosis_0556.png,osteoporosis,osteoporosis,0.344198,Correct
./dataset_new\osteoporosis\osteoporosis_0557.jpg,osteoporosis_0557.jpg,osteoporosis,normal,0.027846,Wrong
./dataset_new\osteoporosis\osteoporosis_0558.jpg,osteoporosis_0558.jpg,osteoporosis,normal,0.086493,Wrong
./dataset_new\osteoporosis\osteoporosis_0559.jpg,osteoporosis_0559.jpg,osteoporosis,normal,0.137038,Wrong
./dataset_new\osteoporosis\osteoporosis_0560.jpg,osteoporosis_0560.jpg,osteoporosis,normal,0.093855,Wrong
./dataset_new\osteoporosis\osteoporosis_0561.jpg,osteoporosis_0561.jpg,osteoporosis,osteoporosis,0.352492,Correct
./dataset_new\osteoporosis\osteoporosis_0562.jpg,osteoporosis_0562.jpg,osteoporosis,normal,0.151014,Wrong
./dataset_new\osteoporosis\osteoporosis_0563.jpg,osteoporosis_0563.jpg,osteoporosis,normal,0.102131,Wrong
./dataset_new\osteoporosis\osteoporosis_0564.jpg,osteoporosis_0564.jpg,osteoporosis,normal,0.098522,Wrong
./dataset_new\osteoporosis\osteoporosis_0565.jpg,osteoporosis_0565.jpg,osteoporosis,osteoporosis,0.952479,Correct
./dataset_new\osteoporosis\osteoporosis_0566.jpg,osteoporosis_0566.jpg,osteoporosis,osteoporosis,0.863989,Correct
./dataset_new\osteoporosis\osteoporosis_0567.jpg,osteoporosis_0567.jpg,osteoporosis,osteoporosis,0.952479,Correct
./dataset_new\osteoporosis\osteoporosis_0568.png,osteoporosis_0568.png,osteoporosis,normal,0.092702,Wrong
./dataset_new\osteoporosis\osteoporosis_0569.jpg,osteoporosis_0569.jpg,osteoporosis,osteoporosis,0.358391,Correct
./dataset_new\osteoporosis\osteoporosis_0570.jpg,osteoporosis_0570.jpg,osteoporosis,normal,0.260141,Wrong
./dataset_new\osteoporosis\osteoporosis_0571.jpg,osteoporosis_0571.jpg,osteoporosis,osteoporosis,0.314490,Correct
./dataset_new\osteoporosis\osteoporosis_0572.jpg,osteoporosis_0572.jpg,osteoporosis,normal,0.216544,Wrong
./dataset_new\osteoporosis\osteoporosis_0573.jpg,osteoporosis_0573.jpg,osteoporosis,osteoporosis,0.759744,Correct
./dataset_new\osteoporosis\osteoporosis_0574.jpg,osteoporosis_0574.jpg,osteoporosis,normal,0.192999,Wrong
./dataset_new\osteoporosis\osteoporosis_0575.jpg,osteoporosis_0575.jpg,osteoporosis,normal,0.252300,Wrong
./dataset_new\osteoporosis\osteoporosis_0576.jpg,osteoporosis_0576.jpg,osteoporosis,normal,0.038404,Wrong
./dataset_new\osteoporosis\osteoporosis_0577.jpg,osteoporosis_0577.jpg,osteoporosis,normal,0.043470,Wrong
./dataset_new\osteoporosis\osteoporosis_0578.jpg,osteoporosis_0578.jpg,osteoporosis,normal,0.048569,Wrong
./dataset_new\osteoporosis\osteoporosis_0579.jpg,osteoporosis_0579.jpg,osteoporosis,normal,0.148973,Wrong
./dataset_new\osteoporosis\osteoporosis_0580.jpg,osteoporosis_0580.jpg,osteoporosis,osteoporosis,0.838519,Correct
./dataset_new\osteoporosis\osteoporosis_0581.jpg,osteoporosis_0581.jpg,osteoporosis,normal,0.159635,Wrong
./dataset_new\osteoporosis\osteoporosis_0582.jpg,osteoporosis_0582.jpg,osteoporosis,osteoporosis,0.422583,Correct
./dataset_new\osteoporosis\osteoporosis_0583.jpg,osteoporosis_0583.jpg,osteoporosis,normal,0.094008,Wrong
./dataset_new\osteoporosis\osteoporosis_0584.jpg,osteoporosis_0584.jpg,osteoporosis,normal,0.042892,Wrong
./dataset_new\osteoporosis\osteoporosis_0585.jpg,osteoporosis_0585.jpg,osteoporosis,normal,0.245236,Wrong
./dataset_new\osteoporosis\osteoporosis_0586.jpg,osteoporosis_0586.jpg,osteoporosis,normal,0.098522,Wrong
./dataset_new\osteoporosis\osteoporosis_0587.jpg,osteoporosis_0587.jpg,osteoporosis,normal,0.028159,Wrong
./dataset_new\osteoporosis\osteoporosis_0588.jpg,osteoporosis_0588.jpg,osteoporosis,normal,0.101060,Wrong
./dataset_new\osteoporosis\osteoporosis_0589.jpg,osteoporosis_0589.jpg,osteoporosis,normal,0.167824,Wrong
./dataset_new\osteoporosis\osteoporosis_0590.png,osteoporosis_0590.png,osteoporosis,normal,0.077126,Wrong
./dataset_new\osteoporosis\osteoporosis_0591.jpg,osteoporosis_0591.jpg,osteoporosis,normal,0.091428,Wrong
./dataset_new\osteoporosis\osteoporosis_0592.jpg,osteoporosis_0592.jpg,osteoporosis,osteoporosis,0.315027,Correct
./dataset_new\osteoporosis\osteoporosis_0593.jpg,osteoporosis_0593.jpg,osteoporosis,normal,0.299849,Wrong
./dataset_new\osteoporosis\osteoporosis_0594.jpg,osteoporosis_0594.jpg,osteoporosis,normal,0.270370,Wrong
./dataset_new\osteoporosis\osteoporosis_0595.jpg,osteoporosis_0595.jpg,osteoporosis,normal,0.150058,Wrong
./dataset_new\osteoporosis\osteoporosis_0596.jpg,osteoporosis_0596.jpg,osteoporosis,normal,0.057207,Wrong
./dataset_new\osteoporosis\osteoporosis_0597.jpg,osteoporosis_0597.jpg,osteoporosis,osteoporosis,0.383275,Correct
./dataset_new\osteoporosis\osteoporosis_0598.jpg,osteoporosis_0598.jpg,osteoporosis,normal,0.252329,Wrong
./dataset_new\osteoporosis\osteoporosis_0599.jpg,osteoporosis_0599.jpg,osteoporosis,osteoporosis,0.525408,Correct
./dataset_new\osteoporosis\osteoporosis_0600.jpg,osteoporosis_0600.jpg,osteoporosis,osteoporosis,0.349528,Correct
./dataset_new\osteoporosis\osteoporosis_0601.jpg,osteoporosis_0601.jpg,osteoporosis,normal,0.053435,Wrong
./dataset_new\osteoporosis\osteoporosis_0602.jpg,osteoporosis_0602.jpg,osteoporosis,normal,0.057332,Wrong
./dataset_new\osteoporosis\osteoporosis_0603.jpg,osteoporosis_0603.jpg,osteoporosis,normal,0.145808,Wrong
./dataset_new\osteoporosis\osteoporosis_0604.jpg,osteoporosis_0604.jpg,osteoporosis,osteoporosis,0.999359,Correct
./dataset_new\osteoporosis\osteoporosis_0605.jpg,osteoporosis_0605.jpg,osteoporosis,osteoporosis,0.308800,Correct
./dataset_new\osteoporosis\osteoporosis_0606.jpg,osteoporosis_0606.jpg,osteoporosis,normal,0.228676,Wrong
./dataset_new\osteoporosis\osteoporosis_0607.jpg,osteoporosis_0607.jpg,osteoporosis,osteoporosis,0.353047,Correct
./dataset_new\osteoporosis\osteoporosis_0608.jpg,osteoporosis_0608.jpg,osteoporosis,normal,0.061848,Wrong
./dataset_new\osteoporosis\osteoporosis_0609.jpg,osteoporosis_0609.jpg,osteoporosis,normal,0.068810,Wrong
./dataset_new\osteoporosis\osteoporosis_0610.jpg,osteoporosis_0610.jpg,osteoporosis,normal,0.256005,Wrong
./dataset_new\osteoporosis\osteoporosis_0611.jpg,osteoporosis_0611.jpg,osteoporosis,osteoporosis,0.399564,Correct
./dataset_new\osteoporosis\osteoporosis_0612.png,osteoporosis_0612.png,osteoporosis,osteoporosis,0.919338,Correct
./dataset_new\osteoporosis\osteoporosis_0613.jpg,osteoporosis_0613.jpg,osteoporosis,normal,0.098074,Wrong
./dataset_new\osteoporosis\osteoporosis_0614.jpg,osteoporosis_0614.jpg,osteoporosis,normal,0.195392,Wrong
./dataset_new\osteoporosis\osteoporosis_0615.jpg,osteoporosis_0615.jpg,osteoporosis,normal,0.230974,Wrong
./dataset_new\osteoporosis\osteoporosis_0616.jpg,osteoporosis_0616.jpg,osteoporosis,osteoporosis,0.592544,Correct
./dataset_new\osteoporosis\osteoporosis_0617.jpg,osteoporosis_0617.jpg,osteoporosis,osteoporosis,0.842138,Correct
./dataset_new\osteoporosis\osteoporosis_0618.jpg,osteoporosis_0618.jpg,osteoporosis,osteoporosis,0.945098,Correct
./dataset_new\osteoporosis\osteoporosis_0619.jpg,osteoporosis_0619.jpg,osteoporosis,osteoporosis,0.816508,Correct
./dataset_new\osteoporosis\osteoporosis_0620.jpg,osteoporosis_0620.jpg,osteoporosis,osteoporosis,0.731534,Correct
./dataset_new\osteoporosis\osteoporosis_0621.jpg,osteoporosis_0621.jpg,osteoporosis,osteoporosis,0.418985,Correct
./dataset_new\osteoporosis\osteoporosis_0622.jpg,osteoporosis_0622.jpg,osteoporosis,osteoporosis,0.666363,Correct
./dataset_new\osteoporosis\osteoporosis_0623.jpg,osteoporosis_0623.jpg,osteoporosis,normal,0.014189,Wrong
./dataset_new\osteoporosis\osteoporosis_0624.jpg,osteoporosis_0624.jpg,osteoporosis,osteoporosis,0.836671,Correct
./dataset_new\osteoporosis\osteoporosis_0625.jpg,osteoporosis_0625.jpg,osteoporosis,osteoporosis,0.458049,Correct
./dataset_new\osteoporosis\osteoporosis_0626.jpg,osteoporosis_0626.jpg,osteoporosis,normal,0.101048,Wrong
./dataset_new\osteoporosis\osteoporosis_0627.jpg,osteoporosis_0627.jpg,osteoporosis,normal,0.085250,Wrong
./dataset_new\osteoporosis\osteoporosis_0628.jpg,osteoporosis_0628.jpg,osteoporosis,normal,0.221201,Wrong
./dataset_new\osteoporosis\osteoporosis_0629.jpg,osteoporosis_0629.jpg,osteoporosis,normal,0.108906,Wrong
./dataset_new\osteoporosis\osteoporosis_0630.jpg,osteoporosis_0630.jpg,osteoporosis,normal,0.155542,Wrong
./dataset_new\osteoporosis\osteoporosis_0631.jpg,osteoporosis_0631.jpg,osteoporosis,normal,0.107649,Wrong
./dataset_new\osteoporosis\osteoporosis_0632.jpg,osteoporosis_0632.jpg,osteoporosis,osteoporosis,0.375806,Correct
./dataset_new\osteoporosis\osteoporosis_0633.jpg,osteoporosis_0633.jpg,osteoporosis,normal,0.098922,Wrong
./dataset_new\osteoporosis\osteoporosis_0634.jpg,osteoporosis_0634.jpg,osteoporosis,normal,0.240854,Wrong
./dataset_new\osteoporosis\osteoporosis_0635.jpg,osteoporosis_0635.jpg,osteoporosis,normal,0.257597,Wrong
./dataset_new\osteoporosis\osteoporosis_0636.jpg,osteoporosis_0636.jpg,osteoporosis,normal,0.137541,Wrong
./dataset_new\osteoporosis\osteoporosis_0637.jpg,osteoporosis_0637.jpg,osteoporosis,osteoporosis,0.999026,Correct
./dataset_new\osteoporosis\osteoporosis_0638.jpg,osteoporosis_0638.jpg,osteoporosis,osteoporosis,0.680288,Correct
./dataset_new\osteoporosis\osteoporosis_0639.jpg,osteoporosis_0639.jpg,osteoporosis,osteoporosis,0.878218,Correct
./dataset_new\osteoporosis\osteoporosis_0640.jpg,osteoporosis_0640.jpg,osteoporosis,normal,0.089290,Wrong
./dataset_new\osteoporosis\osteoporosis_0641.jpg,osteoporosis_0641.jpg,osteoporosis,normal,0.035011,Wrong
./dataset_new\osteoporosis\osteoporosis_0642.jpg,osteoporosis_0642.jpg,osteoporosis,normal,0.158587,Wrong
./dataset_new\osteoporosis\osteoporosis_0643.jpg,osteoporosis_0643.jpg,osteoporosis,osteoporosis,0.559243,Correct
./dataset_new\osteoporosis\osteoporosis_0644.jpg,osteoporosis_0644.jpg,osteoporosis,normal,0.015515,Wrong
./dataset_new\osteoporosis\osteoporosis_0645.jpg,osteoporosis_0645.jpg,osteoporosis,normal,0.055588,Wrong
./dataset_new\osteoporosis\osteoporosis_0646.jpg,osteoporosis_0646.jpg,osteoporosis,normal,0.003586,Wrong
./dataset_new\osteoporosis\osteoporosis_0647.jpg,osteoporosis_0647.jpg,osteoporosis,osteoporosis,0.906311,Correct
./dataset_new\osteoporosis\osteoporosis_0648.jpg,osteoporosis_0648.jpg,osteoporosis,normal,0.067474,Wrong
./dataset_new\osteoporosis\osteoporosis_0649.jpg,osteoporosis_0649.jpg,osteoporosis,normal,0.296923,Wrong
./dataset_new\osteoporosis\osteoporosis_0650.jpg,osteoporosis_0650.jpg,osteoporosis,normal,0.212182,Wrong
./dataset_new\osteoporosis\osteoporosis_0651.jpg,osteoporosis_0651.jpg,osteoporosis,normal,0.225927,Wrong
./dataset_new\osteoporosis\osteoporosis_0652.jpg,osteoporosis_0652.jpg,osteoporosis,osteoporosis,0.995706,Correct
./dataset_new\osteoporosis\osteoporosis_0653.jpg,osteoporosis_0653.jpg,osteoporosis,normal,0.102952,Wrong
./dataset_new\osteoporosis\osteoporosis_0654.jpg,osteoporosis_0654.jpg,osteoporosis,normal,0.033732,Wrong
./dataset_new\osteoporosis\osteoporosis_0655.jpg,osteoporosis_0655.jpg,osteoporosis,normal,0.145808,Wrong
./dataset_new\osteoporosis\osteoporosis_0656.jpg,osteoporosis_0656.jpg,osteoporosis,normal,0.060669,Wrong
./dataset_new\osteoporosis\osteoporosis_0657.jpg,osteoporosis_0657.jpg,osteoporosis,normal,0.225142,Wrong
./dataset_new\osteoporosis\osteoporosis_0658.jpg,osteoporosis_0658.jpg,osteoporosis,osteoporosis,0.415008,Correct
./dataset_new\osteoporosis\osteoporosis_0659.jpg,osteoporosis_0659.jpg,osteoporosis,normal,0.055764,Wrong
./dataset_new\osteoporosis\osteoporosis_0660.jpg,osteoporosis_0660.jpg,osteoporosis,normal,0.038847,Wrong
./dataset_new\osteoporosis\osteoporosis_0661.jpg,osteoporosis_0661.jpg,osteoporosis,osteoporosis,0.359835,Correct
./dataset_new\osteoporosis\osteoporosis_0662.jpg,osteoporosis_0662.jpg,osteoporosis,osteoporosis,0.311240,Correct
./dataset_new\osteoporosis\osteoporosis_0663.jpg,osteoporosis_0663.jpg,osteoporosis,osteoporosis,0.520718,Correct
./dataset_new\osteoporosis\osteoporosis_0664.jpg,osteoporosis_0664.jpg,osteoporosis,osteoporosis,0.569938,Correct
./dataset_new\osteoporosis\osteoporosis_0665.jpg,osteoporosis_0665.jpg,osteoporosis,osteoporosis,0.503488,Correct
./dataset_new\osteoporosis\osteoporosis_0666.jpg,osteoporosis_0666.jpg,osteoporosis,normal,0.045061,Wrong
./dataset_new\osteoporosis\osteoporosis_0667.jpeg,osteoporosis_0667.jpeg,osteoporosis,osteoporosis,0.770951,Correct
./dataset_new\osteoporosis\osteoporosis_0668.jpg,osteoporosis_0668.jpg,osteoporosis,normal,0.065437,Wrong
./dataset_new\osteoporosis\osteoporosis_0669.jpg,osteoporosis_0669.jpg,osteoporosis,normal,0.038654,Wrong
./dataset_new\osteoporosis\osteoporosis_0670.jpg,osteoporosis_0670.jpg,osteoporosis,normal,0.070778,Wrong
./dataset_new\osteoporosis\osteoporosis_0671.jpg,osteoporosis_0671.jpg,osteoporosis,normal,0.048585,Wrong
./dataset_new\osteoporosis\osteoporosis_0672.jpg,osteoporosis_0672.jpg,osteoporosis,normal,0.131772,Wrong
./dataset_new\osteoporosis\osteoporosis_0673.jpg,osteoporosis_0673.jpg,osteoporosis,normal,0.135692,Wrong
./dataset_new\osteoporosis\osteoporosis_0674.jpg,osteoporosis_0674.jpg,osteoporosis,normal,0.028243,Wrong
./dataset_new\osteoporosis\osteoporosis_0675.jpg,osteoporosis_0675.jpg,osteoporosis,osteoporosis,0.319311,Correct
./dataset_new\osteoporosis\osteoporosis_0676.jpg,osteoporosis_0676.jpg,osteoporosis,osteoporosis,0.449665,Correct
./dataset_new\osteoporosis\osteoporosis_0677.jpg,osteoporosis_0677.jpg,osteoporosis,osteoporosis,0.937570,Correct
./dataset_new\osteoporosis\osteoporosis_0678.jpg,osteoporosis_0678.jpg,osteoporosis,normal,0.014974,Wrong
./dataset_new\osteoporosis\osteoporosis_0679.jpeg,osteoporosis_0679.jpeg,osteoporosis,osteoporosis,0.403550,Correct
./dataset_new\osteoporosis\osteoporosis_0680.jpg,osteoporosis_0680.jpg,osteoporosis,osteoporosis,0.986250,Correct
./dataset_new\osteoporosis\osteoporosis_0681.jpg,osteoporosis_0681.jpg,osteoporosis,osteoporosis,0.539703,Correct
./dataset_new\osteoporosis\osteoporosis_0682.jpg,osteoporosis_0682.jpg,osteoporosis,osteoporosis,0.999385,Correct
./dataset_new\osteoporosis\osteoporosis_0683.jpg,osteoporosis_0683.jpg,osteoporosis,osteoporosis,0.825651,Correct
./dataset_new\osteoporosis\osteoporosis_0684.jpg,osteoporosis_0684.jpg,osteoporosis,osteoporosis,0.424817,Correct
./dataset_new\osteoporosis\osteoporosis_0685.jpg,osteoporosis_0685.jpg,osteoporosis,osteoporosis,0.730503,Correct
./dataset_new\osteoporosis\osteoporosis_0686.jpg,osteoporosis_0686.jpg,osteoporosis,osteoporosis,0.976494,Correct
./dataset_new\osteoporosis\osteoporosis_0687.jpg,osteoporosis_0687.jpg,osteoporosis,normal,0.038967,Wrong
./dataset_new\osteoporosis\osteoporosis_0688.jpg,osteoporosis_0688.jpg,osteoporosis,normal,0.096421,Wrong
./dataset_new\osteoporosis\osteoporosis_0689.jpg,osteoporosis_0689.jpg,osteoporosis,osteoporosis,0.613255,Correct
./dataset_new\osteoporosis\osteoporosis_0690.jpg,osteoporosis_0690.jpg,osteoporosis,normal,0.170708,Wrong
./dataset_new\osteoporosis\osteoporosis_0691.jpg,osteoporosis_0691.jpg,osteoporosis,normal,0.107721,Wrong
./dataset_new\osteoporosis\osteoporosis_0692.jpg,osteoporosis_0692.jpg,osteoporosis,osteoporosis,0.610436,Correct
./dataset_new\osteoporosis\osteoporosis_0693.jpg,osteoporosis_0693.jpg,osteoporosis,osteoporosis,0.813364,Correct
./dataset_new\osteoporosis\osteoporosis_0694.jpg,osteoporosis_0694.jpg,osteoporosis,osteoporosis,0.987767,Correct
./dataset_new\osteoporosis\osteoporosis_0695.jpg,osteoporosis_0695.jpg,osteoporosis,osteoporosis,0.484614,Correct
./dataset_new\osteoporosis\osteoporosis_0696.jpg,osteoporosis_0696.jpg,osteoporosis,osteoporosis,0.742581,Correct
./dataset_new\osteoporosis\osteoporosis_0697.jpg,osteoporosis_0697.jpg,osteoporosis,osteoporosis,0.853805,Correct
./dataset_new\osteoporosis\osteoporosis_0698.jpg,osteoporosis_0698.jpg,osteoporosis,osteoporosis,0.442755,Correct
./dataset_new\osteoporosis\osteoporosis_0699.jpg,osteoporosis_0699.jpg,osteoporosis,osteoporosis,0.324835,Correct
./dataset_new\osteoporosis\osteoporosis_0700.jpg,osteoporosis_0700.jpg,osteoporosis,osteoporosis,0.913047,Correct
./dataset_new\osteoporosis\osteoporosis_0701.jpg,osteoporosis_0701.jpg,osteoporosis,normal,0.041766,Wrong
./dataset_new\osteoporosis\osteoporosis_0702.jpg,osteoporosis_0702.jpg,osteoporosis,osteoporosis,0.667854,Correct
./dataset_new\osteoporosis\osteoporosis_0703.jpg,osteoporosis_0703.jpg,osteoporosis,osteoporosis,0.946419,Correct
./dataset_new\osteoporosis\osteoporosis_0704.jpg,osteoporosis_0704.jpg,osteoporosis,osteoporosis,0.658996,Correct
./dataset_new\osteoporosis\osteoporosis_0705.jpg,osteoporosis_0705.jpg,osteoporosis,osteoporosis,0.910168,Correct
./dataset_new\osteoporosis\osteoporosis_0706.jpg,osteoporosis_0706.jpg,osteoporosis,osteoporosis,0.340302,Correct
./dataset_new\osteoporosis\osteoporosis_0707.jpg,osteoporosis_0707.jpg,osteoporosis,osteoporosis,0.300402,Correct
./dataset_new\osteoporosis\osteoporosis_0708.jpg,osteoporosis_0708.jpg,osteoporosis,osteoporosis,0.968140,Correct
./dataset_new\osteoporosis\osteoporosis_0709.jpg,osteoporosis_0709.jpg,osteoporosis,osteoporosis,0.940788,Correct
./dataset_new\osteoporosis\osteoporosis_0710.jpg,osteoporosis_0710.jpg,osteoporosis,osteoporosis,0.472565,Correct
./dataset_new\osteoporosis\osteoporosis_0711.jpg,osteoporosis_0711.jpg,osteoporosis,osteoporosis,0.925027,Correct
./dataset_new\osteoporosis\osteoporosis_0712.png,osteoporosis_0712.png,osteoporosis,normal,0.289799,Wrong
./dataset_new\osteoporosis\osteoporosis_0713.jpg,osteoporosis_0713.jpg,osteoporosis,osteoporosis,0.928975,Correct
./dataset_new\osteoporosis\osteoporosis_0714.jpg,osteoporosis_0714.jpg,osteoporosis,osteoporosis,0.705577,Correct
./dataset_new\osteoporosis\osteoporosis_0715.jpg,osteoporosis_0715.jpg,osteoporosis,osteoporosis,0.679418,Correct
./dataset_new\osteoporosis\osteoporosis_0716.jpg,osteoporosis_0716.jpg,osteoporosis,normal,0.125219,Wrong
./dataset_new\osteoporosis\osteoporosis_0717.jpg,osteoporosis_0717.jpg,osteoporosis,osteoporosis,0.783630,Correct
./dataset_new\osteoporosis\osteoporosis_0718.jpg,osteoporosis_0718.jpg,osteoporosis,osteoporosis,0.526756,Correct
./dataset_new\osteoporosis\osteoporosis_0719.jpg,osteoporosis_0719.jpg,osteoporosis,osteoporosis,0.788933,Correct
./dataset_new\osteoporosis\osteoporosis_0720.jpg,osteoporosis_0720.jpg,osteoporosis,osteoporosis,0.410918,Correct
./dataset_new\osteoporosis\osteoporosis_0721.jpg,osteoporosis_0721.jpg,osteoporosis,osteoporosis,0.875248,Correct
./dataset_new\osteoporosis\osteoporosis_0722.jpg,osteoporosis_0722.jpg,osteoporosis,osteoporosis,0.972612,Correct
./dataset_new\osteoporosis\osteoporosis_0723.png,osteoporosis_0723.png,osteoporosis,normal,0.277150,Wrong
./dataset_new\osteoporosis\osteoporosis_0724.jpg,osteoporosis_0724.jpg,osteoporosis,normal,0.167242,Wrong
./dataset_new\osteoporosis\osteoporosis_0725.jpg,osteoporosis_0725.jpg,osteoporosis,osteoporosis,0.756049,Correct
./dataset_new\osteoporosis\osteoporosis_0726.jpg,osteoporosis_0726.jpg,osteoporosis,osteoporosis,0.883556,Correct
./dataset_new\osteoporosis\osteoporosis_0727.jpg,osteoporosis_0727.jpg,osteoporosis,osteoporosis,0.842367,Correct
./dataset_new\osteoporosis\osteoporosis_0728.jpg,osteoporosis_0728.jpg,osteoporosis,osteoporosis,0.676328,Correct
./dataset_new\osteoporosis\osteoporosis_0729.jpg,osteoporosis_0729.jpg,osteoporosis,osteoporosis,0.857055,Correct
./dataset_new\osteoporosis\osteoporosis_0730.jpg,osteoporosis_0730.jpg,osteoporosis,osteoporosis,0.809574,Correct
./dataset_new\osteoporosis\osteoporosis_0731.jpg,osteoporosis_0731.jpg,osteoporosis,osteoporosis,0.359666,Correct
./dataset_new\osteoporosis\osteoporosis_0732.jpg,osteoporosis_0732.jpg,osteoporosis,normal,0.204895,Wrong
./dataset_new\osteoporosis\osteoporosis_0733.jpg,osteoporosis_0733.jpg,osteoporosis,osteoporosis,0.846372,Correct
./dataset_new\osteoporosis\osteoporosis_0734.jpg,osteoporosis_0734.jpg,osteoporosis,normal,0.066931,Wrong
./dataset_new\osteoporosis\osteoporosis_0735.jpg,osteoporosis_0735.jpg,osteoporosis,normal,0.027135,Wrong
./dataset_new\osteoporosis\osteoporosis_0736.jpg,osteoporosis_0736.jpg,osteoporosis,osteoporosis,0.580140,Correct
./dataset_new\osteoporosis\osteoporosis_0737.jpg,osteoporosis_0737.jpg,osteoporosis,osteoporosis,0.666517,Correct
./dataset_new\osteoporosis\osteoporosis_0738.jpg,osteoporosis_0738.jpg,osteoporosis,normal,0.046562,Wrong
./dataset_new\osteoporosis\osteoporosis_0739.jpg,osteoporosis_0739.jpg,osteoporosis,osteoporosis,0.742403,Correct
./dataset_new\osteoporosis\osteoporosis_0740.jpg,osteoporosis_0740.jpg,osteoporosis,normal,0.079842,Wrong
./dataset_new\osteoporosis\osteoporosis_0741.jpg,osteoporosis_0741.jpg,osteoporosis,normal,0.040782,Wrong
./dataset_new\osteoporosis\osteoporosis_0742.jpg,osteoporosis_0742.jpg,osteoporosis,osteoporosis,0.896223,Correct
./dataset_new\osteoporosis\osteoporosis_0743.jpg,osteoporosis_0743.jpg,osteoporosis,osteoporosis,0.504338,Correct
./dataset_new\osteoporosis\osteoporosis_0744.jpg,osteoporosis_0744.jpg,osteoporosis,normal,0.148381,Wrong
./dataset_new\osteoporosis\osteoporosis_0745.png,osteoporosis_0745.png,osteoporosis,normal,0.093300,Wrong
./dataset_new\osteoporosis\osteoporosis_0746.jpg,osteoporosis_0746.jpg,osteoporosis,osteoporosis,0.698920,Correct
./dataset_new\osteoporosis\osteoporosis_0747.jpg,osteoporosis_0747.jpg,osteoporosis,osteoporosis,0.525531,Correct
./dataset_new\osteoporosis\osteoporosis_0748.jpg,osteoporosis_0748.jpg,osteoporosis,normal,0.193747,Wrong
./dataset_new\osteoporosis\osteoporosis_0749.jpg,osteoporosis_0749.jpg,osteoporosis,normal,0.126994,Wrong
./dataset_new\osteoporosis\osteoporosis_0750.jpg,osteoporosis_0750.jpg,osteoporosis,normal,0.003424,Wrong
./dataset_new\osteoporosis\osteoporosis_0751.jpg,osteoporosis_0751.jpg,osteoporosis,normal,0.193476,Wrong
./dataset_new\osteoporosis\osteoporosis_0752.jpg,osteoporosis_0752.jpg,osteoporosis,normal,0.265650,Wrong
./dataset_new\osteoporosis\osteoporosis_0753.jpg,osteoporosis_0753.jpg,osteoporosis,normal,0.079307,Wrong
./dataset_new\osteoporosis\osteoporosis_0754.jpg,osteoporosis_0754.jpg,osteoporosis,normal,0.128344,Wrong
./dataset_new\osteoporosis\osteoporosis_0755.jpg,osteoporosis_0755.jpg,osteoporosis,normal,0.059202,Wrong
./dataset_new\osteoporosis\osteoporosis_0756.jpg,osteoporosis_0756.jpg,osteoporosis,normal,0.177519,Wrong
./dataset_new\osteoporosis\osteoporosis_0757.jpg,osteoporosis_0757.jpg,osteoporosis,osteoporosis,0.555213,Correct
./dataset_new\osteoporosis\osteoporosis_0758.jpg,osteoporosis_0758.jpg,osteoporosis,normal,0.169783,Wrong
./dataset_new\osteoporosis\osteoporosis_0759.jpg,osteoporosis_0759.jpg,osteoporosis,normal,0.137570,Wrong
./dataset_new\osteoporosis\osteoporosis_0760.jpg,osteoporosis_0760.jpg,osteoporosis,osteoporosis,0.392672,Correct
./dataset_new\osteoporosis\osteoporosis_0761.jpg,osteoporosis_0761.jpg,osteoporosis,osteoporosis,0.555213,Correct
./dataset_new\osteoporosis\osteoporosis_0762.jpg,osteoporosis_0762.jpg,osteoporosis,normal,0.151175,Wrong
./dataset_new\osteoporosis\osteoporosis_0763.jpg,osteoporosis_0763.jpg,osteoporosis,normal,0.038801,Wrong
./dataset_new\osteoporosis\osteoporosis_0764.jpg,osteoporosis_0764.jpg,osteoporosis,normal,0.028159,Wrong
./dataset_new\osteoporosis\osteoporosis_0765.jpg,osteoporosis_0765.jpg,osteoporosis,normal,0.086493,Wrong
./dataset_new\osteoporosis\osteoporosis_0766.jpg,osteoporosis_0766.jpg,osteoporosis,normal,0.137038,Wrong
./dataset_new\osteoporosis\osteoporosis_0767.jpg,osteoporosis_0767.jpg,osteoporosis,normal,0.222346,Wrong
./dataset_new\osteoporosis\osteoporosis_0768.jpg,osteoporosis_0768.jpg,osteoporosis,normal,0.093855,Wrong
./dataset_new\osteoporosis\osteoporosis_0769.jpg,osteoporosis_0769.jpg,osteoporosis,osteoporosis,0.352492,Correct
./dataset_new\osteoporosis\osteoporosis_0770.jpg,osteoporosis_0770.jpg,osteoporosis,normal,0.151014,Wrong
./dataset_new\osteoporosis\osteoporosis_0771.jpg,osteoporosis_0771.jpg,osteoporosis,normal,0.102131,Wrong
./dataset_new\osteoporosis\osteoporosis_0772.png,osteoporosis_0772.png,osteoporosis,osteoporosis,0.389850,Correct
./dataset_new\osteoporosis\osteoporosis_0773.png,osteoporosis_0773.png,osteoporosis,osteoporosis,0.520771,Correct
./dataset_new\osteoporosis\osteoporosis_0774.jpg,osteoporosis_0774.jpg,osteoporosis,osteoporosis,0.342033,Correct
./dataset_new\osteoporosis\osteoporosis_0775.jpg,osteoporosis_0775.jpg,osteoporosis,normal,0.038956,Wrong
./dataset_new\osteoporosis\osteoporosis_0776.jpg,osteoporosis_0776.jpg,osteoporosis,normal,0.146648,Wrong
./dataset_new\osteoporosis\osteoporosis_0777.jpg,osteoporosis_0777.jpg,osteoporosis,normal,0.008295,Wrong
./dataset_new\osteoporosis\osteoporosis_0778.png,osteoporosis_0778.png,osteoporosis,normal,0.216108,Wrong
./dataset_new\osteoporosis\osteoporosis_0779.jpg,osteoporosis_0779.jpg,osteoporosis,normal,0.088649,Wrong
./dataset_new\osteoporosis\osteoporosis_0780.jpg,osteoporosis_0780.jpg,osteoporosis,normal,0.288016,Wrong
./dataset_new\osteoporosis\osteoporosis_0781.jpg,osteoporosis_0781.jpg,osteoporosis,normal,0.052281,Wrong
./dataset_new\osteoporosis\osteoporosis_0782.jpg,osteoporosis_0782.jpg,osteoporosis,normal,0.058055,Wrong
./dataset_new\osteoporosis\osteoporosis_0783.jpeg,osteoporosis_0783.jpeg,osteoporosis,osteoporosis,0.926045,Correct
./dataset_new\osteoporosis\osteoporosis_0784.jpg,osteoporosis_0784.jpg,osteoporosis,normal,0.198366,Wrong
./dataset_new\osteoporosis\osteoporosis_0785.jpg,osteoporosis_0785.jpg,osteoporosis,normal,0.174084,Wrong
./dataset_new\osteoporosis\osteoporosis_0786.jpg,osteoporosis_0786.jpg,osteoporosis,normal,0.065179,Wrong
./dataset_new\osteoporosis\osteoporosis_0787.jpg,osteoporosis_0787.jpg,osteoporosis,normal,0.083236,Wrong
./dataset_new\osteoporosis\osteoporosis_0788.jpg,osteoporosis_0788.jpg,osteoporosis,normal,0.208194,Wrong
./dataset_new\osteoporosis\osteoporosis_0789.png,osteoporosis_0789.png,osteoporosis,osteoporosis,0.692018,Correct
./dataset_new\osteoporosis\osteoporosis_0790.png,osteoporosis_0790.png,osteoporosis,osteoporosis,0.704172,Correct
./dataset_new\osteoporosis\osteoporosis_0791.png,osteoporosis_0791.png,osteoporosis,osteoporosis,0.575700,Correct
./dataset_new\osteoporosis\osteoporosis_0792.png,osteoporosis_0792.png,osteoporosis,osteoporosis,0.670856,Correct
./dataset_new\osteoporosis\osteoporosis_0793.png,osteoporosis_0793.png,osteoporosis,normal,0.157856,Wrong
./dataset_new\osteoporosis\osteoporosis_0794.jpeg,osteoporosis_0794.jpeg,osteoporosis,osteoporosis,0.426072,Correct
./dataset_new\osteoporosis\osteoporosis_0795.jpeg,osteoporosis_0795.jpeg,osteoporosis,normal,0.214043,Wrong
./dataset_new\osteoporosis\osteoporosis_0796.jpeg,osteoporosis_0796.jpeg,osteoporosis,osteoporosis,0.574633,Correct
./dataset_new\osteoporosis\osteoporosis_0797.png,osteoporosis_0797.png,osteoporosis,osteoporosis,0.894626,Correct
./dataset_new\osteoporosis\osteoporosis_0798.jpeg,osteoporosis_0798.jpeg,osteoporosis,osteoporosis,0.436653,Correct
./dataset_new\osteoporosis\osteoporosis_0799.png,osteoporosis_0799.png,osteoporosis,osteoporosis,0.344198,Correct
./dataset_new\osteoporosis\osteoporosis_0800.jpeg,osteoporosis_0800.jpeg,osteoporosis,osteoporosis,0.770951,Correct
./dataset_new\osteoporosis\osteoporosis_0801.png,osteoporosis_0801.png,osteoporosis,osteoporosis,0.389850,Correct
./dataset_new\osteoporosis\osteoporosis_0802.jpeg,osteoporosis_0802.jpeg,osteoporosis,osteoporosis,0.926045,Correct
./dataset_new\osteoporosis\osteoporosis_0803.png,osteoporosis_0803.png,osteoporosis,osteoporosis,0.634083,Correct
./dataset_new\osteoporosis\osteoporosis_0804.jpeg,osteoporosis_0804.jpeg,osteoporosis,normal,0.286209,Wrong
./dataset_new\osteoporosis\osteoporosis_0805.jpg,osteoporosis_0805.jpg,osteoporosis,normal,0.011124,Wrong
./dataset_new\osteoporosis\osteoporosis_0806.png,osteoporosis_0806.png,osteoporosis,osteoporosis,0.882500,Correct
./dataset_new\osteoporosis\osteoporosis_0807.jpg,osteoporosis_0807.jpg,osteoporosis,normal,0.046841,Wrong
./dataset_new\osteoporosis\osteoporosis_0808.png,osteoporosis_0808.png,osteoporosis,osteoporosis,0.461681,Correct
./dataset_new\osteoporosis\osteoporosis_0809.jpg,osteoporosis_0809.jpg,osteoporosis,normal,0.013381,Wrong
./dataset_new\osteoporosis\osteoporosis_0810.png,osteoporosis_0810.png,osteoporosis,osteoporosis,0.880910,Correct
./dataset_new\osteoporosis\osteoporosis_0811.png,osteoporosis_0811.png,osteoporosis,osteoporosis,0.653464,Correct
./dataset_new\osteoporosis\osteoporosis_0812.jpeg,osteoporosis_0812.jpeg,osteoporosis,normal,0.056786,Wrong
./dataset_new\osteoporosis\osteoporosis_0813.jpg,osteoporosis_0813.jpg,osteoporosis,normal,0.218043,Wrong
./dataset_new\osteoporosis\osteoporosis_0814.jpeg,osteoporosis_0814.jpeg,osteoporosis,osteoporosis,0.783247,Correct
./dataset_new\osteoporosis\osteoporosis_0815.png,osteoporosis_0815.png,osteoporosis,osteoporosis,0.487702,Correct
./dataset_new\osteoporosis\osteoporosis_0816.jpeg,osteoporosis_0816.jpeg,osteoporosis,normal,0.090374,Wrong
./dataset_new\osteoporosis\osteoporosis_0817.png,osteoporosis_0817.png,osteoporosis,osteoporosis,0.320745,Correct
./dataset_new\osteoporosis\osteoporosis_0818.jpeg,osteoporosis_0818.jpeg,osteoporosis,osteoporosis,0.807224,Correct
./dataset_new\osteoporosis\osteoporosis_0819.jpeg,osteoporosis_0819.jpeg,osteoporosis,osteoporosis,0.573061,Correct
./dataset_new\osteoporosis\osteoporosis_0820.jpg,osteoporosis_0820.jpg,osteoporosis,normal,0.241924,Wrong
./dataset_new\osteoporosis\osteoporosis_0821.png,osteoporosis_0821.png,osteoporosis,normal,0.006009,Wrong
./dataset_new\osteoporosis\osteoporosis_0822.jpg,osteoporosis_0822.jpg,osteoporosis,normal,0.145696,Wrong
./dataset_new\osteoporosis\osteoporosis_0823.jpg,osteoporosis_0823.jpg,osteoporosis,normal,0.134641,Wrong
./dataset_new\osteoporosis\osteoporosis_0824.jpg,osteoporosis_0824.jpg,osteoporosis,normal,0.012333,Wrong
./dataset_new\osteoporosis\osteoporosis_0825.png,osteoporosis_0825.png,osteoporosis,normal,0.042588,Wrong
./dataset_new\osteoporosis\osteoporosis_0826.jpg,osteoporosis_0826.jpg,osteoporosis,normal,0.045369,Wrong
./dataset_new\osteoporosis\osteoporosis_0827.png,osteoporosis_0827.png,osteoporosis,normal,0.070575,Wrong
./dataset_new\osteoporosis\osteoporosis_0828.jpg,osteoporosis_0828.jpg,osteoporosis,normal,0.293538,Wrong
./dataset_new\osteoporosis\osteoporosis_0829.jpeg,osteoporosis_0829.jpeg,osteoporosis,osteoporosis,0.978469,Correct
./dataset_new\osteoporosis\osteoporosis_0830.jpg,osteoporosis_0830.jpg,osteoporosis,normal,0.238810,Wrong
./dataset_new\osteoporosis\osteoporosis_0831.jpg,osteoporosis_0831.jpg,osteoporosis,normal,0.280940,Wrong
./dataset_new\osteoporosis\osteoporosis_0832.jpg,osteoporosis_0832.jpg,osteoporosis,normal,0.293538,Wrong
./dataset_new\osteoporosis\osteoporosis_0833.jpg,osteoporosis_0833.jpg,osteoporosis,normal,0.097961,Wrong
./dataset_new\osteoporosis\osteoporosis_0834.jpg,osteoporosis_0834.jpg,osteoporosis,normal,0.023805,Wrong
./dataset_new\osteoporosis\osteoporosis_0835.jpg,osteoporosis_0835.jpg,osteoporosis,normal,0.060669,Wrong
./dataset_new\osteoporosis\osteoporosis_0836.jpg,osteoporosis_0836.jpg,osteoporosis,normal,0.099495,Wrong
./dataset_new\osteoporosis\osteoporosis_0837.jpg,osteoporosis_0837.jpg,osteoporosis,normal,0.110360,Wrong
./dataset_new\osteoporosis\osteoporosis_0838.jpg,osteoporosis_0838.jpg,osteoporosis,normal,0.034806,Wrong
./dataset_new\osteoporosis\osteoporosis_0839.jpg,osteoporosis_0839.jpg,osteoporosis,normal,0.137355,Wrong
./dataset_new\osteoporosis\osteoporosis_0840.png,osteoporosis_0840.png,osteoporosis,osteoporosis,0.764171,Correct
./dataset_new\osteoporosis\osteoporosis_0841.jpg,osteoporosis_0841.jpg,osteoporosis,normal,0.195272,Wrong
./dataset_new\osteoporosis\osteoporosis_0842.jpg,osteoporosis_0842.jpg,osteoporosis,normal,0.018357,Wrong
./dataset_new\osteoporosis\osteoporosis_0843.jpg,osteoporosis_0843.jpg,osteoporosis,osteoporosis,0.325145,Correct
./dataset_new\osteoporosis\osteoporosis_0844.jpg,osteoporosis_0844.jpg,osteoporosis,normal,0.226441,Wrong
./dataset_new\osteoporosis\osteoporosis_0845.jpeg,osteoporosis_0845.jpeg,osteoporosis,normal,0.076559,Wrong
./dataset_new\osteoporosis\osteoporosis_0846.jpg,osteoporosis_0846.jpg,osteoporosis,normal,0.235036,Wrong
./dataset_new\osteoporosis\osteoporosis_0847.jpg,osteoporosis_0847.jpg,osteoporosis,normal,0.125953,Wrong
./dataset_new\osteoporosis\osteoporosis_0848.jpg,osteoporosis_0848.jpg,osteoporosis,normal,0.224067,Wrong
./dataset_new\osteoporosis\osteoporosis_0849.jpg,osteoporosis_0849.jpg,osteoporosis,normal,0.052372,Wrong
./dataset_new\osteoporosis\osteoporosis_0850.jpg,osteoporosis_0850.jpg,osteoporosis,normal,0.070928,Wrong
./dataset_new\osteoporosis\osteoporosis_0851.png,osteoporosis_0851.png,osteoporosis,normal,0.156091,Wrong
./dataset_new\osteoporosis\osteoporosis_0852.jpg,osteoporosis_0852.jpg,osteoporosis,normal,0.021551,Wrong
./dataset_new\osteoporosis\osteoporosis_0853.jpg,osteoporosis_0853.jpg,osteoporosis,normal,0.027846,Wrong
./dataset_new\osteoporosis\osteoporosis_0854.png,osteoporosis_0854.png,osteoporosis,normal,0.092702,Wrong
./dataset_new\osteoporosis\osteoporosis_0855.jpg,osteoporosis_0855.jpg,osteoporosis,normal,0.148973,Wrong
./dataset_new\osteoporosis\osteoporosis_0856.png,osteoporosis_0856.png,osteoporosis,normal,0.077126,Wrong
./dataset_new\osteoporosis\osteoporosis_0857.jpg,osteoporosis_0857.jpg,osteoporosis,normal,0.053435,Wrong
./dataset_new\osteoporosis\osteoporosis_0858.png,osteoporosis_0858.png,osteoporosis,osteoporosis,0.919338,Correct
./dataset_new\osteoporosis\osteoporosis_0859.jpg,osteoporosis_0859.jpg,osteoporosis,normal,0.014189,Wrong
./dataset_new\osteoporosis\osteoporosis_0860.jpg,osteoporosis_0860.jpg,osteoporosis,normal,0.240854,Wrong
./dataset_new\osteoporosis\osteoporosis_0861.jpg,osteoporosis_0861.jpg,osteoporosis,normal,0.055588,Wrong
./dataset_new\osteoporosis\osteoporosis_0862.jpg,osteoporosis_0862.jpg,osteoporosis,normal,0.060669,Wrong
./dataset_new\osteoporosis\osteoporosis_0863.jpg,osteoporosis_0863.jpg,osteoporosis,normal,0.065437,Wrong
./dataset_new\osteoporosis\osteoporosis_0864.jpeg,osteoporosis_0864.jpeg,osteoporosis,osteoporosis,0.403550,Correct
./dataset_new\osteoporosis\osteoporosis_0865.jpg,osteoporosis_0865.jpg,osteoporosis,normal,0.170708,Wrong
./dataset_new\osteoporosis\osteoporosis_0866.jpg,osteoporosis_0866.jpg,osteoporosis,normal,0.041766,Wrong
./dataset_new\osteoporosis\osteoporosis_0867.png,osteoporosis_0867.png,osteoporosis,normal,0.289799,Wrong
./dataset_new\osteoporosis\osteoporosis_0868.png,osteoporosis_0868.png,osteoporosis,normal,0.277150,Wrong
./dataset_new\osteoporosis\osteoporosis_0869.jpg,osteoporosis_0869.jpg,osteoporosis,normal,0.066931,Wrong
./dataset_new\osteoporosis\osteoporosis_0870.png,osteoporosis_0870.png,osteoporosis,normal,0.093300,Wrong
./dataset_new\osteoporosis\osteoporosis_0871.jpg,osteoporosis_0871.jpg,osteoporosis,normal,0.177519,Wrong
./dataset_new\osteoporosis\osteoporosis_0872.jpg,osteoporosis_0872.jpg,osteoporosis,normal,0.222346,Wrong
./dataset_new\osteoporosis\osteoporosis_0873.png,osteoporosis_0873.png,osteoporosis,osteoporosis,0.520771,Correct
./dataset_new\osteoporosis\osteoporosis_0874.jpg,osteoporosis_0874.jpg,osteoporosis,osteoporosis,0.342033,Correct
./dataset_new\osteoporosis\osteoporosis_0875.jpg,osteoporosis_0875.jpg,osteoporosis,normal,0.038956,Wrong
./dataset_new\osteoporosis\osteoporosis_0876.jpg,osteoporosis_0876.jpg,osteoporosis,normal,0.146648,Wrong
./dataset_new\osteoporosis\osteoporosis_0877.jpg,osteoporosis_0877.jpg,osteoporosis,normal,0.008295,Wrong
./dataset_new\osteoporosis\osteoporosis_0878.png,osteoporosis_0878.png,osteoporosis,normal,0.216108,Wrong
./dataset_new\osteoporosis\osteoporosis_0879.jpg,osteoporosis_0879.jpg,osteoporosis,normal,0.088649,Wrong
./dataset_new\osteoporosis\osteoporosis_0880.jpg,osteoporosis_0880.jpg,osteoporosis,normal,0.288016,Wrong
./dataset_new\osteoporosis\osteoporosis_0881.jpg,osteoporosis_0881.jpg,osteoporosis,normal,0.052281,Wrong
./dataset_new\osteoporosis\osteoporosis_0882.jpg,osteoporosis_0882.jpg,osteoporosis,normal,0.058055,Wrong
./dataset_new\osteoporosis\osteoporosis_0883.jpg,osteoporosis_0883.jpg,osteoporosis,normal,0.198366,Wrong
./dataset_new\osteoporosis\osteoporosis_0884.jpg,osteoporosis_0884.jpg,osteoporosis,normal,0.174084,Wrong
./dataset_new\osteoporosis\osteoporosis_0885.jpg,osteoporosis_0885.jpg,osteoporosis,normal,0.065179,Wrong
./dataset_new\osteoporosis\osteoporosis_0886.jpg,osteoporosis_0886.jpg,osteoporosis,normal,0.083236,Wrong
./dataset_new\osteoporosis\osteoporosis_0887.jpg,osteoporosis_0887.jpg,osteoporosis,normal,0.208194,Wrong
./dataset_new\osteoporosis\osteoporosis_0888.png,osteoporosis_0888.png,osteoporosis,osteoporosis,0.692018,Correct
./dataset_new\osteoporosis\osteoporosis_0889.png,osteoporosis_0889.png,osteoporosis,osteoporosis,0.704172,Correct
./dataset_new\osteoporosis\osteoporosis_0890.png,osteoporosis_0890.png,osteoporosis,osteoporosis,0.575700,Correct
./dataset_new\osteoporosis\osteoporosis_0891.png,osteoporosis_0891.png,osteoporosis,osteoporosis,0.670856,Correct
./dataset_new\osteoporosis\osteoporosis_0892.png,osteoporosis_0892.png,osteoporosis,normal,0.157856,Wrong
./dataset_new\osteoporosis\osteoporosis_0893.png,osteoporosis_0893.png,osteoporosis,osteoporosis,0.543702,Correct
./dataset_new\osteoporosis\osteoporosis_0894.png,osteoporosis_0894.png,osteoporosis,osteoporosis,0.586887,Correct
./dataset_new\osteoporosis\osteoporosis_0895.png,osteoporosis_0895.png,osteoporosis,osteoporosis,0.465532,Correct
./dataset_new\osteoporosis\osteoporosis_0896.jpeg,osteoporosis_0896.jpeg,osteoporosis,normal,0.268136,Wrong
./dataset_new\osteoporosis\osteoporosis_0897.png,osteoporosis_0897.png,osteoporosis,normal,0.050658,Wrong
./dataset_new\osteoporosis\osteoporosis_0898.png,osteoporosis_0898.png,osteoporosis,normal,0.028567,Wrong
./dataset_new\osteoporosis\osteoporosis_0899.png,osteoporosis_0899.png,osteoporosis,normal,0.161747,Wrong
./dataset_new\osteoporosis\osteoporosis_0900.png,osteoporosis_0900.png,osteoporosis,osteoporosis,0.376478,Correct
./dataset_new\osteoporosis\osteoporosis_0901.png,osteoporosis_0901.png,osteoporosis,normal,0.055306,Wrong
./dataset_new\osteoporosis\osteoporosis_0902.png,osteoporosis_0902.png,osteoporosis,osteoporosis,0.834471,Correct
./dataset_new\osteoporosis\osteoporosis_0903.png,osteoporosis_0903.png,osteoporosis,normal,0.266148,Wrong
./dataset_new\osteoporosis\osteoporosis_0904.png,osteoporosis_0904.png,osteoporosis,normal,0.053385,Wrong
./dataset_new\osteoporosis\osteoporosis_0905.png,osteoporosis_0905.png,osteoporosis,osteoporosis,0.333403,Correct
./dataset_new\osteoporosis\osteoporosis_0906.png,osteoporosis_0906.png,osteoporosis,normal,0.126200,Wrong
./dataset_new\osteoporosis\osteoporosis_0907.jpeg,osteoporosis_0907.jpeg,osteoporosis,osteoporosis,0.967521,Correct
./dataset_new\osteoporosis\osteoporosis_0908.jpeg,osteoporosis_0908.jpeg,osteoporosis,osteoporosis,0.646605,Correct
./dataset_new\osteoporosis\osteoporosis_0909.jpeg,osteoporosis_0909.jpeg,osteoporosis,osteoporosis,0.880251,Correct
./dataset_new\osteoporosis\osteoporosis_0910.jpg,osteoporosis_0910.jpg,osteoporosis,normal,0.097556,Wrong
./dataset_new\osteoporosis\osteoporosis_0911.jpg,osteoporosis_0911.jpg,osteoporosis,normal,0.181898,Wrong
./dataset_new\osteoporosis\osteoporosis_0912.jpg,osteoporosis_0912.jpg,osteoporosis,normal,0.206288,Wrong
./dataset_new\osteoporosis\osteoporosis_0913.jpeg,osteoporosis_0913.jpeg,osteoporosis,normal,0.021393,Wrong
./dataset_new\osteoporosis\osteoporosis_0914.jpg,osteoporosis_0914.jpg,osteoporosis,normal,0.020188,Wrong
./dataset_new\osteoporosis\osteoporosis_0915.jpg,osteoporosis_0915.jpg,osteoporosis,normal,0.010651,Wrong
./dataset_new\osteoporosis\osteoporosis_0916.jpg,osteoporosis_0916.jpg,osteoporosis,osteoporosis,0.674915,Correct
./dataset_new\osteoporosis\osteoporosis_0917.jpg,osteoporosis_0917.jpg,osteoporosis,normal,0.059348,Wrong
./dataset_new\osteoporosis\osteoporosis_0918.jpg,osteoporosis_0918.jpg,osteoporosis,normal,0.212081,Wrong
./dataset_new\osteoporosis\osteoporosis_0919.png,osteoporosis_0919.png,osteoporosis,osteoporosis,0.519075,Correct
./dataset_new\osteoporosis\osteoporosis_0920.jpg,osteoporosis_0920.jpg,osteoporosis,normal,0.098413,Wrong
./dataset_new\osteoporosis\osteoporosis_0921.jpg,osteoporosis_0921.jpg,osteoporosis,normal,0.191027,Wrong
./dataset_new\osteoporosis\osteoporosis_0922.jpg,osteoporosis_0922.jpg,osteoporosis,normal,0.051855,Wrong
./dataset_new\osteoporosis\osteoporosis_0923.jpg,osteoporosis_0923.jpg,osteoporosis,normal,0.037562,Wrong
./dataset_new\osteoporosis\osteoporosis_0924.jpg,osteoporosis_0924.jpg,osteoporosis,normal,0.146648,Wrong
./dataset_new\osteoporosis\osteoporosis_0925.jpg,osteoporosis_0925.jpg,osteoporosis,normal,0.239782,Wrong
./dataset_new\osteoporosis\osteoporosis_0926.jpg,osteoporosis_0926.jpg,osteoporosis,osteoporosis,0.520271,Correct
./dataset_new\osteoporosis\osteoporosis_0927.jpeg,osteoporosis_0927.jpeg,osteoporosis,osteoporosis,0.972570,Correct
./dataset_new\osteoporosis\osteoporosis_0928.jpg,osteoporosis_0928.jpg,osteoporosis,normal,0.181374,Wrong
./dataset_new\osteoporosis\osteoporosis_0929.jpg,osteoporosis_0929.jpg,osteoporosis,normal,0.027357,Wrong
./dataset_new\osteoporosis\osteoporosis_0930.jpg,osteoporosis_0930.jpg,osteoporosis,osteoporosis,0.404917,Correct
./dataset_new\osteoporosis\osteoporosis_0931.jpg,osteoporosis_0931.jpg,osteoporosis,normal,0.168266,Wrong
./dataset_new\osteoporosis\osteoporosis_0932.jpg,osteoporosis_0932.jpg,osteoporosis,normal,0.228803,Wrong
./dataset_new\osteoporosis\osteoporosis_0933.jpg,osteoporosis_0933.jpg,osteoporosis,normal,0.201594,Wrong
./dataset_new\osteoporosis\osteoporosis_0934.jpg,osteoporosis_0934.jpg,osteoporosis,normal,0.052241,Wrong
./dataset_new\osteoporosis\osteoporosis_0935.jpg,osteoporosis_0935.jpg,osteoporosis,normal,0.108821,Wrong
./dataset_new\osteoporosis\osteoporosis_0936.jpg,osteoporosis_0936.jpg,osteoporosis,normal,0.052715,Wrong
./dataset_new\osteoporosis\osteoporosis_0937.jpg,osteoporosis_0937.jpg,osteoporosis,normal,0.056156,Wrong
./dataset_new\osteoporosis\osteoporosis_0938.jpg,osteoporosis_0938.jpg,osteoporosis,normal,0.070926,Wrong
./dataset_new\osteoporosis\osteoporosis_0939.jpg,osteoporosis_0939.jpg,osteoporosis,normal,0.203743,Wrong
./dataset_new\osteoporosis\osteoporosis_0940.jpeg,osteoporosis_0940.jpeg,osteoporosis,osteoporosis,0.333485,Correct
./dataset_new\osteoporosis\osteoporosis_0941.png,osteoporosis_0941.png,osteoporosis,osteoporosis,0.989277,Correct
./dataset_new\osteoporosis\osteoporosis_0942.jpeg,osteoporosis_0942.jpeg,osteoporosis,osteoporosis,0.413465,Correct
./dataset_new\osteoporosis\osteoporosis_0943.png,osteoporosis_0943.png,osteoporosis,normal,0.038822,Wrong
./dataset_new\osteoporosis\osteoporosis_0944.jpeg,osteoporosis_0944.jpeg,osteoporosis,osteoporosis,0.332246,Correct
./dataset_new\osteoporosis\osteoporosis_0945.png,osteoporosis_0945.png,osteoporosis,osteoporosis,0.472247,Correct
./dataset_new\osteoporosis\osteoporosis_0946.png,osteoporosis_0946.png,osteoporosis,osteoporosis,0.849261,Correct
./dataset_new\osteoporosis\osteoporosis_0947.jpg,osteoporosis_0947.jpg,osteoporosis,normal,0.095926,Wrong
./dataset_new\osteoporosis\osteoporosis_0948.jpeg,osteoporosis_0948.jpeg,osteoporosis,osteoporosis,0.536279,Correct
./dataset_new\osteoporosis\osteoporosis_0949.jpeg,osteoporosis_0949.jpeg,osteoporosis,normal,0.071317,Wrong
./dataset_new\osteoporosis\osteoporosis_0950.jpeg,osteoporosis_0950.jpeg,osteoporosis,normal,0.149169,Wrong
./dataset_new\osteoporosis\osteoporosis_0951.png,osteoporosis_0951.png,osteoporosis,osteoporosis,0.304801,Correct
./dataset_new\osteoporosis\osteoporosis_0952.jpeg,osteoporosis_0952.jpeg,osteoporosis,osteoporosis,0.663847,Correct
./dataset_new\osteoporosis\osteoporosis_0953.png,osteoporosis_0953.png,osteoporosis,osteoporosis,0.747716,Correct
./dataset_new\osteoporosis\osteoporosis_0954.jpeg,osteoporosis_0954.jpeg,osteoporosis,normal,0.166477,Wrong
./dataset_new\osteoporosis\osteoporosis_0955.jpeg,osteoporosis_0955.jpeg,osteoporosis,normal,0.147118,Wrong
./dataset_new\osteoporosis\osteoporosis_0956.png,osteoporosis_0956.png,osteoporosis,osteoporosis,0.646642,Correct
./dataset_new\osteoporosis\osteoporosis_0957.png,osteoporosis_0957.png,osteoporosis,osteoporosis,0.567125,Correct
./dataset_new\osteoporosis\osteoporosis_0958.jpeg,osteoporosis_0958.jpeg,osteoporosis,normal,0.284666,Wrong
./dataset_new\osteoporosis\osteoporosis_0959.png,osteoporosis_0959.png,osteoporosis,osteoporosis,0.636368,Correct
./dataset_new\osteoporosis\osteoporosis_0960.png,osteoporosis_0960.png,osteoporosis,osteoporosis,0.609404,Correct
./dataset_new\osteoporosis\osteoporosis_0961.jpeg,osteoporosis_0961.jpeg,osteoporosis,osteoporosis,0.892457,Correct
./dataset_new\osteoporosis\osteoporosis_0962.png,osteoporosis_0962.png,osteoporosis,normal,0.032080,Wrong
./dataset_new\osteoporosis\osteoporosis_0963.png,osteoporosis_0963.png,osteoporosis,osteoporosis,0.624734,Correct
./dataset_new\osteoporosis\osteoporosis_0964.jpeg,osteoporosis_0964.jpeg,osteoporosis,osteoporosis,0.925892,Correct
./dataset_new\osteoporosis\osteoporosis_0965.jpeg,osteoporosis_0965.jpeg,osteoporosis,osteoporosis,0.583498,Correct
./dataset_new\osteoporosis\osteoporosis_0966.png,osteoporosis_0966.png,osteoporosis,normal,0.087438,Wrong
./dataset_new\osteoporosis\osteoporosis_0967.jpeg,osteoporosis_0967.jpeg,osteoporosis,osteoporosis,0.831793,Correct
./dataset_new\osteoporosis\osteoporosis_0968.jpeg,osteoporosis_0968.jpeg,osteoporosis,osteoporosis,0.615950,Correct
./dataset_new\osteoporosis\osteoporosis_0969.png,osteoporosis_0969.png,osteoporosis,osteoporosis,0.462971,Correct
./dataset_new\osteoporosis\osteoporosis_0970.jpeg,osteoporosis_0970.jpeg,osteoporosis,osteoporosis,0.463946,Correct
./dataset_new\osteoporosis\osteoporosis_0971.png,osteoporosis_0971.png,osteoporosis,osteoporosis,0.744950,Correct
./dataset_new\osteoporosis\osteoporosis_0972.jpeg,osteoporosis_0972.jpeg,osteoporosis,osteoporosis,0.770335,Correct
./dataset_new\osteoporosis\osteoporosis_0973.jpeg,osteoporosis_0973.jpeg,osteoporosis,normal,0.096975,Wrong
./dataset_new\osteoporosis\osteoporosis_0974.png,osteoporosis_0974.png,osteoporosis,normal,0.048164,Wrong
./dataset_new\osteoporosis\osteoporosis_0975.png,osteoporosis_0975.png,osteoporosis,normal,0.093151,Wrong
./dataset_new\osteoporosis\osteoporosis_0976.png,osteoporosis_0976.png,osteoporosis,osteoporosis,0.595209,Correct
./dataset_new\osteoporosis\osteoporosis_0977.jpeg,osteoporosis_0977.jpeg,osteoporosis,normal,0.199052,Wrong
./dataset_new\osteoporosis\osteoporosis_0978.jpeg,osteoporosis_0978.jpeg,osteoporosis,osteoporosis,0.865361,Correct
./dataset_new\osteoporosis\osteoporosis_0979.png,osteoporosis_0979.png,osteoporosis,normal,0.223712,Wrong
